$date
  Tue Mar 17 15:51:08 2026
$end
$version
  GHDL v0
$end
$timescale
  1 fs
$end
$var reg 1 ! clk $end
$var reg 1 " clk_out $end
$var reg 1 # tx $end
$var reg 1 $ tx_en $end
$scope module uut $end
$var reg 1 % clk $end
$var reg 1 & clk_out $end
$var reg 1 ' tx $end
$var reg 1 ( tx_en $end
$comment state is not handled $end
$var integer 32 ) bit_cnt $end
$var integer 32 * byte_cnt $end
$var integer 32 + idle_cnt $end
$var integer 32 , fcs_bit_cnt $end
$var reg 1 - tx_raw_reg $end
$var reg 32 . crc_reg[31:0] $end
$var reg 368 / payload_data[367:0] $end
$upscope $end
$enddefinitions $end
#0
0!
0"
0#
0$
0%
0&
0'
0(
b111 )
b0 *
b0 +
b0 ,
0-
b11111111111111111111111111111111 .
b00000000000000000000000000000000000000000000000000000000000000000000000000000000000000000000000000000000000000000000000000000000000000000000000000000000000000000000000000000000000000000000000000000000000000000000000000000000000000000000000000000000000000000000000000000000000000000000000000000000000000000000000000000000000000000000000000000000000000000000000000000000 /
#50000000
1!
1"
1%
1&
b1 +
#100000000
0!
0"
0%
0&
#150000000
1!
1"
1%
1&
b10 +
#200000000
0!
0"
0%
0&
#250000000
1!
1"
1%
1&
b11 +
#300000000
0!
0"
0%
0&
#350000000
1!
1"
1%
1&
b100 +
#400000000
0!
0"
0%
0&
#450000000
1!
1"
1%
1&
b101 +
#500000000
0!
0"
0%
0&
#550000000
1!
1"
1%
1&
b110 +
#600000000
0!
0"
0%
0&
#650000000
1!
1"
1%
1&
b111 +
#700000000
0!
0"
0%
0&
#750000000
1!
1"
1%
1&
b1000 +
#800000000
0!
0"
0%
0&
#850000000
1!
1"
1%
1&
b1001 +
#900000000
0!
0"
0%
0&
#950000000
1!
1"
1%
1&
b1010 +
#1000000000
0!
0"
0%
0&
#1050000000
1!
1"
1%
1&
b1011 +
#1100000000
0!
0"
0%
0&
#1150000000
1!
1"
1%
1&
b1100 +
#1200000000
0!
0"
0%
0&
#1250000000
1!
1"
1%
1&
b1101 +
#1300000000
0!
0"
0%
0&
#1350000000
1!
1"
1%
1&
b1110 +
#1400000000
0!
0"
0%
0&
#1450000000
1!
1"
1%
1&
b1111 +
#1500000000
0!
0"
0%
0&
#1550000000
1!
1"
1%
1&
b10000 +
#1600000000
0!
0"
0%
0&
#1650000000
1!
1"
1%
1&
b10001 +
#1700000000
0!
0"
0%
0&
#1750000000
1!
1"
1%
1&
b10010 +
#1800000000
0!
0"
0%
0&
#1850000000
1!
1"
1%
1&
b10011 +
#1900000000
0!
0"
0%
0&
#1950000000
1!
1"
1%
1&
b10100 +
#2000000000
0!
0"
0%
0&
#2050000000
1!
1"
1%
1&
b10101 +
#2100000000
0!
0"
0%
0&
#2150000000
1!
1"
1%
1&
b10110 +
#2200000000
0!
0"
0%
0&
#2250000000
1!
1"
1%
1&
b10111 +
#2300000000
0!
0"
0%
0&
#2350000000
1!
1"
1%
1&
b11000 +
#2400000000
0!
0"
0%
0&
#2450000000
1!
1"
1%
1&
b11001 +
#2500000000
0!
0"
0%
0&
#2550000000
1!
1"
1%
1&
b11010 +
#2600000000
0!
0"
0%
0&
#2650000000
1!
1"
1%
1&
b11011 +
#2700000000
0!
0"
0%
0&
#2750000000
1!
1"
1%
1&
b11100 +
#2800000000
0!
0"
0%
0&
#2850000000
1!
1"
1%
1&
b11101 +
#2900000000
0!
0"
0%
0&
#2950000000
1!
1"
1%
1&
b11110 +
#3000000000
0!
0"
0%
0&
#3050000000
1!
1"
1%
1&
b11111 +
#3100000000
0!
0"
0%
0&
#3150000000
1!
1"
1%
1&
b100000 +
#3200000000
0!
0"
0%
0&
#3250000000
1!
1"
1%
1&
b100001 +
#3300000000
0!
0"
0%
0&
#3350000000
1!
1"
1%
1&
b100010 +
#3400000000
0!
0"
0%
0&
#3450000000
1!
1"
1%
1&
b100011 +
#3500000000
0!
0"
0%
0&
#3550000000
1!
1"
1%
1&
b100100 +
#3600000000
0!
0"
0%
0&
#3650000000
1!
1"
1%
1&
b100101 +
#3700000000
0!
0"
0%
0&
#3750000000
1!
1"
1%
1&
b100110 +
#3800000000
0!
0"
0%
0&
#3850000000
1!
1"
1%
1&
b100111 +
#3900000000
0!
0"
0%
0&
#3950000000
1!
1"
1%
1&
b101000 +
#4000000000
0!
0"
0%
0&
#4050000000
1!
1"
1%
1&
b101001 +
#4100000000
0!
0"
0%
0&
#4150000000
1!
1"
1%
1&
b101010 +
#4200000000
0!
0"
0%
0&
#4250000000
1!
1"
1%
1&
b101011 +
#4300000000
0!
0"
0%
0&
#4350000000
1!
1"
1%
1&
b101100 +
#4400000000
0!
0"
0%
0&
#4450000000
1!
1"
1%
1&
b101101 +
#4500000000
0!
0"
0%
0&
#4550000000
1!
1"
1%
1&
b101110 +
#4600000000
0!
0"
0%
0&
#4650000000
1!
1"
1%
1&
b101111 +
#4700000000
0!
0"
0%
0&
#4750000000
1!
1"
1%
1&
b110000 +
#4800000000
0!
0"
0%
0&
#4850000000
1!
1"
1%
1&
b110001 +
#4900000000
0!
0"
0%
0&
#4950000000
1!
1"
1%
1&
b110010 +
#5000000000
0!
0"
0%
0&
#5050000000
1!
1"
1%
1&
b110011 +
#5100000000
0!
0"
0%
0&
#5150000000
1!
1"
1%
1&
b110100 +
#5200000000
0!
0"
0%
0&
#5250000000
1!
1"
1%
1&
b110101 +
#5300000000
0!
0"
0%
0&
#5350000000
1!
1"
1%
1&
b110110 +
#5400000000
0!
0"
0%
0&
#5450000000
1!
1"
1%
1&
b110111 +
#5500000000
0!
0"
0%
0&
#5550000000
1!
1"
1%
1&
b111000 +
#5600000000
0!
0"
0%
0&
#5650000000
1!
1"
1%
1&
b111001 +
#5700000000
0!
0"
0%
0&
#5750000000
1!
1"
1%
1&
b111010 +
#5800000000
0!
0"
0%
0&
#5850000000
1!
1"
1%
1&
b111011 +
#5900000000
0!
0"
0%
0&
#5950000000
1!
1"
1%
1&
b111100 +
#6000000000
0!
0"
0%
0&
#6050000000
1!
1"
1%
1&
b111101 +
#6100000000
0!
0"
0%
0&
#6150000000
1!
1"
1%
1&
b111110 +
#6200000000
0!
0"
0%
0&
#6250000000
1!
1"
1%
1&
b111111 +
#6300000000
0!
0"
0%
0&
#6350000000
1!
1"
1%
1&
b1000000 +
#6400000000
0!
0"
0%
0&
#6450000000
1!
1"
1%
1&
b1000001 +
#6500000000
0!
0"
0%
0&
#6550000000
1!
1"
1%
1&
b1000010 +
#6600000000
0!
0"
0%
0&
#6650000000
1!
1"
1%
1&
b1000011 +
#6700000000
0!
0"
0%
0&
#6750000000
1!
1"
1%
1&
b1000100 +
#6800000000
0!
0"
0%
0&
#6850000000
1!
1"
1%
1&
b1000101 +
#6900000000
0!
0"
0%
0&
#6950000000
1!
1"
1%
1&
b1000110 +
#7000000000
0!
0"
0%
0&
#7050000000
1!
1"
1%
1&
b1000111 +
#7100000000
0!
0"
0%
0&
#7150000000
1!
1"
1%
1&
b1001000 +
#7200000000
0!
0"
0%
0&
#7250000000
1!
1"
1%
1&
b1001001 +
#7300000000
0!
0"
0%
0&
#7350000000
1!
1"
1%
1&
b1001010 +
#7400000000
0!
0"
0%
0&
#7450000000
1!
1"
1%
1&
b1001011 +
#7500000000
0!
0"
0%
0&
#7550000000
1!
1"
1%
1&
b1001100 +
#7600000000
0!
0"
0%
0&
#7650000000
1!
1"
1%
1&
b1001101 +
#7700000000
0!
0"
0%
0&
#7750000000
1!
1"
1%
1&
b1001110 +
#7800000000
0!
0"
0%
0&
#7850000000
1!
1"
1%
1&
b1001111 +
#7900000000
0!
0"
0%
0&
#7950000000
1!
1"
1%
1&
b1010000 +
#8000000000
0!
0"
0%
0&
#8050000000
1!
1"
1%
1&
b1010001 +
#8100000000
0!
0"
0%
0&
#8150000000
1!
1"
1%
1&
b1010010 +
#8200000000
0!
0"
0%
0&
#8250000000
1!
1"
1%
1&
b1010011 +
#8300000000
0!
0"
0%
0&
#8350000000
1!
1"
1%
1&
b1010100 +
#8400000000
0!
0"
0%
0&
#8450000000
1!
1"
1%
1&
b1010101 +
#8500000000
0!
0"
0%
0&
#8550000000
1!
1"
1%
1&
b1010110 +
#8600000000
0!
0"
0%
0&
#8650000000
1!
1"
1%
1&
b1010111 +
#8700000000
0!
0"
0%
0&
#8750000000
1!
1"
1%
1&
b1011000 +
#8800000000
0!
0"
0%
0&
#8850000000
1!
1"
1%
1&
b1011001 +
#8900000000
0!
0"
0%
0&
#8950000000
1!
1"
1%
1&
b1011010 +
#9000000000
0!
0"
0%
0&
#9050000000
1!
1"
1%
1&
b1011011 +
#9100000000
0!
0"
0%
0&
#9150000000
1!
1"
1%
1&
b1011100 +
#9200000000
0!
0"
0%
0&
#9250000000
1!
1"
1%
1&
b1011101 +
#9300000000
0!
0"
0%
0&
#9350000000
1!
1"
1%
1&
b1011110 +
#9400000000
0!
0"
0%
0&
#9450000000
1!
1"
1%
1&
b1011111 +
#9500000000
0!
0"
0%
0&
#9550000000
1!
1"
1$
1%
1&
1(
b0 +
#9600000000
0!
0"
1#
0%
0&
1'
#9650000000
1!
1"
0#
1%
1&
0'
b110 )
1-
#9700000000
0!
0"
0%
0&
#9750000000
1!
1"
1#
1%
1&
1'
b101 )
0-
#9800000000
0!
0"
0%
0&
#9850000000
1!
1"
0#
1%
1&
0'
b100 )
1-
#9900000000
0!
0"
0%
0&
#9950000000
1!
1"
1#
1%
1&
1'
b11 )
0-
#10000000000
0!
0"
0%
0&
#10050000000
1!
1"
0#
1%
1&
0'
b10 )
1-
#10100000000
0!
0"
0%
0&
#10150000000
1!
1"
1#
1%
1&
1'
b1 )
0-
#10200000000
0!
0"
0%
0&
#10250000000
1!
1"
0#
1%
1&
0'
b0 )
1-
#10300000000
0!
0"
0%
0&
#10350000000
1!
1"
1#
1%
1&
1'
b111 )
b1 *
0-
#10400000000
0!
0"
0%
0&
#10450000000
1!
1"
0#
1%
1&
0'
b110 )
1-
#10500000000
0!
0"
0%
0&
#10550000000
1!
1"
1#
1%
1&
1'
b101 )
0-
#10600000000
0!
0"
0%
0&
#10650000000
1!
1"
0#
1%
1&
0'
b100 )
1-
#10700000000
0!
0"
0%
0&
#10750000000
1!
1"
1#
1%
1&
1'
b11 )
0-
#10800000000
0!
0"
0%
0&
#10850000000
1!
1"
0#
1%
1&
0'
b10 )
1-
#10900000000
0!
0"
0%
0&
#10950000000
1!
1"
1#
1%
1&
1'
b1 )
0-
#11000000000
0!
0"
0%
0&
#11050000000
1!
1"
0#
1%
1&
0'
b0 )
1-
#11100000000
0!
0"
0%
0&
#11150000000
1!
1"
1#
1%
1&
1'
b111 )
b10 *
0-
#11200000000
0!
0"
0%
0&
#11250000000
1!
1"
0#
1%
1&
0'
b110 )
1-
#11300000000
0!
0"
0%
0&
#11350000000
1!
1"
1#
1%
1&
1'
b101 )
0-
#11400000000
0!
0"
0%
0&
#11450000000
1!
1"
0#
1%
1&
0'
b100 )
1-
#11500000000
0!
0"
0%
0&
#11550000000
1!
1"
1#
1%
1&
1'
b11 )
0-
#11600000000
0!
0"
0%
0&
#11650000000
1!
1"
0#
1%
1&
0'
b10 )
1-
#11700000000
0!
0"
0%
0&
#11750000000
1!
1"
1#
1%
1&
1'
b1 )
0-
#11800000000
0!
0"
0%
0&
#11850000000
1!
1"
0#
1%
1&
0'
b0 )
1-
#11900000000
0!
0"
0%
0&
#11950000000
1!
1"
1#
1%
1&
1'
b111 )
b11 *
0-
#12000000000
0!
0"
0%
0&
#12050000000
1!
1"
0#
1%
1&
0'
b110 )
1-
#12100000000
0!
0"
0%
0&
#12150000000
1!
1"
1#
1%
1&
1'
b101 )
0-
#12200000000
0!
0"
0%
0&
#12250000000
1!
1"
0#
1%
1&
0'
b100 )
1-
#12300000000
0!
0"
0%
0&
#12350000000
1!
1"
1#
1%
1&
1'
b11 )
0-
#12400000000
0!
0"
0%
0&
#12450000000
1!
1"
0#
1%
1&
0'
b10 )
1-
#12500000000
0!
0"
0%
0&
#12550000000
1!
1"
1#
1%
1&
1'
b1 )
0-
#12600000000
0!
0"
0%
0&
#12650000000
1!
1"
0#
1%
1&
0'
b0 )
1-
#12700000000
0!
0"
0%
0&
#12750000000
1!
1"
1#
1%
1&
1'
b111 )
b100 *
0-
#12800000000
0!
0"
0%
0&
#12850000000
1!
1"
0#
1%
1&
0'
b110 )
1-
#12900000000
0!
0"
0%
0&
#12950000000
1!
1"
1#
1%
1&
1'
b101 )
0-
#13000000000
0!
0"
0%
0&
#13050000000
1!
1"
0#
1%
1&
0'
b100 )
1-
#13100000000
0!
0"
0%
0&
#13150000000
1!
1"
1#
1%
1&
1'
b11 )
0-
#13200000000
0!
0"
0%
0&
#13250000000
1!
1"
0#
1%
1&
0'
b10 )
1-
#13300000000
0!
0"
0%
0&
#13350000000
1!
1"
1#
1%
1&
1'
b1 )
0-
#13400000000
0!
0"
0%
0&
#13450000000
1!
1"
0#
1%
1&
0'
b0 )
1-
#13500000000
0!
0"
0%
0&
#13550000000
1!
1"
1#
1%
1&
1'
b111 )
b101 *
0-
#13600000000
0!
0"
0%
0&
#13650000000
1!
1"
0#
1%
1&
0'
b110 )
1-
#13700000000
0!
0"
0%
0&
#13750000000
1!
1"
1#
1%
1&
1'
b101 )
0-
#13800000000
0!
0"
0%
0&
#13850000000
1!
1"
0#
1%
1&
0'
b100 )
1-
#13900000000
0!
0"
0%
0&
#13950000000
1!
1"
1#
1%
1&
1'
b11 )
0-
#14000000000
0!
0"
0%
0&
#14050000000
1!
1"
0#
1%
1&
0'
b10 )
1-
#14100000000
0!
0"
0%
0&
#14150000000
1!
1"
1#
1%
1&
1'
b1 )
0-
#14200000000
0!
0"
0%
0&
#14250000000
1!
1"
0#
1%
1&
0'
b0 )
1-
#14300000000
0!
0"
0%
0&
#14350000000
1!
1"
1#
1%
1&
1'
b111 )
b110 *
0-
#14400000000
0!
0"
0%
0&
#14450000000
1!
1"
0#
1%
1&
0'
b110 )
1-
#14500000000
0!
0"
0%
0&
#14550000000
1!
1"
1#
1%
1&
1'
b101 )
0-
#14600000000
0!
0"
0%
0&
#14650000000
1!
1"
0#
1%
1&
0'
b100 )
1-
#14700000000
0!
0"
0%
0&
#14750000000
1!
1"
1#
1%
1&
1'
b11 )
0-
#14800000000
0!
0"
0%
0&
#14850000000
1!
1"
0#
1%
1&
0'
b10 )
1-
#14900000000
0!
0"
0%
0&
#14950000000
1!
1"
1#
1%
1&
1'
b1 )
0-
#15000000000
0!
0"
0%
0&
#15050000000
1!
1"
0#
1%
1&
0'
b0 )
1-
#15100000000
0!
0"
0%
0&
#15150000000
1!
1"
1#
1%
1&
1'
b111 )
b0 *
0-
#15200000000
0!
0"
0%
0&
#15250000000
1!
1"
0#
1%
1&
0'
b110 )
1-
#15300000000
0!
0"
0%
0&
#15350000000
1!
1"
1#
1%
1&
1'
b101 )
0-
#15400000000
0!
0"
0%
0&
#15450000000
1!
1"
0#
1%
1&
0'
b100 )
1-
#15500000000
0!
0"
0%
0&
#15550000000
1!
1"
1#
1%
1&
1'
b11 )
0-
#15600000000
0!
0"
0%
0&
#15650000000
1!
1"
0#
1%
1&
0'
b10 )
1-
#15700000000
0!
0"
0%
0&
#15750000000
1!
1"
1#
1%
1&
1'
b1 )
0-
#15800000000
0!
0"
0%
0&
#15850000000
1!
1"
0#
1%
1&
0'
b0 )
1-
#15900000000
0!
0"
0%
0&
#15950000000
1!
1"
1#
1%
1&
1'
b111 )
#16000000000
0!
0"
0#
0%
0&
0'
#16050000000
1!
1"
1#
1%
1&
1'
b110 )
b01111111111111111111111111111111 .
#16100000000
0!
0"
0#
0%
0&
0'
#16150000000
1!
1"
1#
1%
1&
1'
b101 )
b00111111111111111111111111111111 .
#16200000000
0!
0"
0#
0%
0&
0'
#16250000000
1!
1"
1#
1%
1&
1'
b100 )
b00011111111111111111111111111111 .
#16300000000
0!
0"
0#
0%
0&
0'
#16350000000
1!
1"
1#
1%
1&
1'
b11 )
b00001111111111111111111111111111 .
#16400000000
0!
0"
0#
0%
0&
0'
#16450000000
1!
1"
1#
1%
1&
1'
b10 )
b00000111111111111111111111111111 .
#16500000000
0!
0"
0#
0%
0&
0'
#16550000000
1!
1"
1#
1%
1&
1'
b1 )
b00000011111111111111111111111111 .
#16600000000
0!
0"
0#
0%
0&
0'
#16650000000
1!
1"
1#
1%
1&
1'
b0 )
b00000001111111111111111111111111 .
#16700000000
0!
0"
0#
0%
0&
0'
#16750000000
1!
1"
1#
1%
1&
1'
b111 )
b1 *
b00000000111111111111111111111111 .
#16800000000
0!
0"
0#
0%
0&
0'
#16850000000
1!
1"
1#
1%
1&
1'
b110 )
b00000000011111111111111111111111 .
#16900000000
0!
0"
0#
0%
0&
0'
#16950000000
1!
1"
1#
1%
1&
1'
b101 )
b00000000001111111111111111111111 .
#17000000000
0!
0"
0#
0%
0&
0'
#17050000000
1!
1"
1#
1%
1&
1'
b100 )
b00000000000111111111111111111111 .
#17100000000
0!
0"
0#
0%
0&
0'
#17150000000
1!
1"
1#
1%
1&
1'
b11 )
b00000000000011111111111111111111 .
#17200000000
0!
0"
0#
0%
0&
0'
#17250000000
1!
1"
1#
1%
1&
1'
b10 )
b00000000000001111111111111111111 .
#17300000000
0!
0"
0#
0%
0&
0'
#17350000000
1!
1"
1#
1%
1&
1'
b1 )
b00000000000000111111111111111111 .
#17400000000
0!
0"
0#
0%
0&
0'
#17450000000
1!
1"
1#
1%
1&
1'
b0 )
b00000000000000011111111111111111 .
#17500000000
0!
0"
0#
0%
0&
0'
#17550000000
1!
1"
1#
1%
1&
1'
b111 )
b10 *
b00000000000000001111111111111111 .
#17600000000
0!
0"
0#
0%
0&
0'
#17650000000
1!
1"
1#
1%
1&
1'
b110 )
b00000000000000000111111111111111 .
#17700000000
0!
0"
0#
0%
0&
0'
#17750000000
1!
1"
1#
1%
1&
1'
b101 )
b00000000000000000011111111111111 .
#17800000000
0!
0"
0#
0%
0&
0'
#17850000000
1!
1"
1#
1%
1&
1'
b100 )
b00000000000000000001111111111111 .
#17900000000
0!
0"
0#
0%
0&
0'
#17950000000
1!
1"
1#
1%
1&
1'
b11 )
b00000000000000000000111111111111 .
#18000000000
0!
0"
0#
0%
0&
0'
#18050000000
1!
1"
1#
1%
1&
1'
b10 )
b00000000000000000000011111111111 .
#18100000000
0!
0"
0#
0%
0&
0'
#18150000000
1!
1"
1#
1%
1&
1'
b1 )
b00000000000000000000001111111111 .
#18200000000
0!
0"
0#
0%
0&
0'
#18250000000
1!
1"
1#
1%
1&
1'
b0 )
b00000000000000000000000111111111 .
#18300000000
0!
0"
0#
0%
0&
0'
#18350000000
1!
1"
1#
1%
1&
1'
b111 )
b11 *
b00000000000000000000000011111111 .
#18400000000
0!
0"
0#
0%
0&
0'
#18450000000
1!
1"
1#
1%
1&
1'
b110 )
b00000000000000000000000001111111 .
#18500000000
0!
0"
0#
0%
0&
0'
#18550000000
1!
1"
1#
1%
1&
1'
b101 )
b00000000000000000000000000111111 .
#18600000000
0!
0"
0#
0%
0&
0'
#18650000000
1!
1"
1#
1%
1&
1'
b100 )
b00000000000000000000000000011111 .
#18700000000
0!
0"
0#
0%
0&
0'
#18750000000
1!
1"
1#
1%
1&
1'
b11 )
b00000000000000000000000000001111 .
#18800000000
0!
0"
0#
0%
0&
0'
#18850000000
1!
1"
1#
1%
1&
1'
b10 )
b00000000000000000000000000000111 .
#18900000000
0!
0"
0#
0%
0&
0'
#18950000000
1!
1"
1#
1%
1&
1'
b1 )
b00000000000000000000000000000011 .
#19000000000
0!
0"
0#
0%
0&
0'
#19050000000
1!
1"
1#
1%
1&
1'
b0 )
b00000000000000000000000000000001 .
#19100000000
0!
0"
0#
0%
0&
0'
#19150000000
1!
1"
1#
1%
1&
1'
b111 )
b100 *
b00000000000000000000000000000000 .
#19200000000
0!
0"
0#
0%
0&
0'
#19250000000
1!
1"
1#
1%
1&
1'
b110 )
b11101101101110001000001100100000 .
#19300000000
0!
0"
0#
0%
0&
0'
#19350000000
1!
1"
1#
1%
1&
1'
b101 )
b10011011011001001100001010110000 .
#19400000000
0!
0"
0#
0%
0&
0'
#19450000000
1!
1"
1#
1%
1&
1'
b100 )
b10100000000010101110001001111000 .
#19500000000
0!
0"
0#
0%
0&
0'
#19550000000
1!
1"
1#
1%
1&
1'
b11 )
b10111101101111011111001000011100 .
#19600000000
0!
0"
0#
0%
0&
0'
#19650000000
1!
1"
1#
1%
1&
1'
b10 )
b10110011011001100111101000101110 .
#19700000000
0!
0"
0#
0%
0&
0'
#19750000000
1!
1"
1#
1%
1&
1'
b1 )
b10110100000010111011111000110111 .
#19800000000
0!
0"
0#
0%
0&
0'
#19850000000
1!
1"
1#
1%
1&
1'
b0 )
b01011010000001011101111100011011 .
#19900000000
0!
0"
0#
0%
0&
0'
#19950000000
1!
1"
1#
1%
1&
1'
b111 )
b101 *
b00101101000000101110111110001101 .
#20000000000
0!
0"
0#
0%
0&
0'
#20050000000
1!
1"
1#
1%
1&
1'
b110 )
b00010110100000010111011111000110 .
#20100000000
0!
0"
0#
0%
0&
0'
#20150000000
1!
1"
1#
1%
1&
1'
b101 )
b11100110111110000011100011000011 .
#20200000000
0!
0"
0#
0%
0&
0'
#20250000000
1!
1"
1#
1%
1&
1'
b100 )
b01110011011111000001110001100001 .
#20300000000
0!
0"
0#
0%
0&
0'
#20350000000
1!
1"
1#
1%
1&
1'
b11 )
b00111001101111100000111000110000 .
#20400000000
0!
0"
0#
0%
0&
0'
#20450000000
1!
1"
1#
1%
1&
1'
b10 )
b11110001011001111000010000111000 .
#20500000000
0!
0"
0#
0%
0&
0'
#20550000000
1!
1"
1#
1%
1&
1'
b1 )
b10010101000010110100000100111100 .
#20600000000
0!
0"
0#
0%
0&
0'
#20650000000
1!
1"
1#
1%
1&
1'
b0 )
b10100111001111010010001110111110 .
#20700000000
0!
0"
0#
0%
0&
0'
#20750000000
1!
1"
1#
1%
1&
1'
b111 )
b0 *
b10111110001001100001001011111111 .
#20800000000
0!
0"
0#
0%
0&
0'
#20850000000
1!
1"
1#
1%
1&
1'
b110 )
0-
b10110010101010111000101001011111 .
#20900000000
0!
0"
0%
0&
#20950000000
1!
1"
0#
1%
1&
0'
b101 )
b10110100111011010100011000001111 .
#21000000000
0!
0"
1#
0%
0&
1'
#21050000000
1!
1"
0#
1%
1&
0'
b100 )
b10110111110011100010000000100111 .
#21100000000
0!
0"
1#
0%
0&
1'
#21150000000
1!
1"
0#
1%
1&
0'
b11 )
b10110110010111111001001100110011 .
#21200000000
0!
0"
1#
0%
0&
1'
#21250000000
1!
1"
0#
1%
1&
0'
b10 )
1-
b01011011001011111100100110011001 .
#21300000000
0!
0"
0%
0&
#21350000000
1!
1"
1#
1%
1&
1'
b1 )
0-
b11000000001011110110011111101100 .
#21400000000
0!
0"
0%
0&
#21450000000
1!
1"
0#
1%
1&
0'
b0 )
b01100000000101111011001111110110 .
#21500000000
0!
0"
1#
0%
0&
1'
#21550000000
1!
1"
0#
1%
1&
0'
b111 )
b1 *
b00110000000010111101100111111011 .
#21600000000
0!
0"
1#
0%
0&
1'
#21650000000
1!
1"
0#
1%
1&
0'
b110 )
b11110101101111010110111111011101 .
#21700000000
0!
0"
1#
0%
0&
1'
#21750000000
1!
1"
0#
1%
1&
0'
b101 )
1-
b01111010110111101011011111101110 .
#21800000000
0!
0"
0%
0&
#21850000000
1!
1"
1#
1%
1&
1'
b100 )
0-
b00111101011011110101101111110111 .
#21900000000
0!
0"
0%
0&
#21950000000
1!
1"
0#
1%
1&
0'
b11 )
b11110011000011110010111011011011 .
#22000000000
0!
0"
1#
0%
0&
1'
#22050000000
1!
1"
0#
1%
1&
0'
b10 )
b10010100001111110001010001001101 .
#22100000000
0!
0"
1#
0%
0&
1'
#22150000000
1!
1"
0#
1%
1&
0'
b1 )
b10100111101001110000100100000110 .
#22200000000
0!
0"
1#
0%
0&
1'
#22250000000
1!
1"
0#
1%
1&
0'
b0 )
b01010011110100111000010010000011 .
#22300000000
0!
0"
1#
0%
0&
1'
#22350000000
1!
1"
0#
1%
1&
0'
b111 )
b10 *
1-
b00101001111010011100001001000001 .
#22400000000
0!
0"
0%
0&
#22450000000
1!
1"
1#
1%
1&
1'
b110 )
0-
b11111001010011000110001000000000 .
#22500000000
0!
0"
0%
0&
#22550000000
1!
1"
0#
1%
1&
0'
b101 )
1-
b10010001000111101011001000100000 .
#22600000000
0!
0"
0%
0&
#22650000000
1!
1"
1#
1%
1&
1'
b100 )
b10100101001101111101101000110000 .
#22700000000
0!
0"
0#
0%
0&
0'
#22750000000
1!
1"
1#
1%
1&
1'
b11 )
0-
b01010010100110111110110100011000 .
#22800000000
0!
0"
0%
0&
#22850000000
1!
1"
0#
1%
1&
0'
b10 )
b00101001010011011111011010001100 .
#22900000000
0!
0"
1#
0%
0&
1'
#22950000000
1!
1"
0#
1%
1&
0'
b1 )
b00010100101001101111101101000110 .
#23000000000
0!
0"
1#
0%
0&
1'
#23050000000
1!
1"
0#
1%
1&
0'
b0 )
b00001010010100110111110110100011 .
#23100000000
0!
0"
1#
0%
0&
1'
#23150000000
1!
1"
0#
1%
1&
0'
b111 )
b11 *
1-
b00000101001010011011111011010001 .
#23200000000
0!
0"
0%
0&
#23250000000
1!
1"
1#
1%
1&
1'
b110 )
0-
b11101111001011000101110001001000 .
#23300000000
0!
0"
0%
0&
#23350000000
1!
1"
0#
1%
1&
0'
b101 )
b01110111100101100010111000100100 .
#23400000000
0!
0"
1#
0%
0&
1'
#23450000000
1!
1"
0#
1%
1&
0'
b100 )
b00111011110010110001011100010010 .
#23500000000
0!
0"
1#
0%
0&
1'
#23550000000
1!
1"
0#
1%
1&
0'
b11 )
1-
b11110000010111010000100010101001 .
#23600000000
0!
0"
0%
0&
#23650000000
1!
1"
1#
1%
1&
1'
b10 )
b01111000001011101000010001010100 .
#23700000000
0!
0"
0#
0%
0&
0'
#23750000000
1!
1"
1#
1%
1&
1'
b1 )
0-
b00111100000101110100001000101010 .
#23800000000
0!
0"
0%
0&
#23850000000
1!
1"
0#
1%
1&
0'
b0 )
b00011110000010111010000100010101 .
#23900000000
0!
0"
1#
0%
0&
1'
#23950000000
1!
1"
0#
1%
1&
0'
b111 )
b100 *
b11100010101111010101001110101010 .
#24000000000
0!
0"
1#
0%
0&
1'
#24050000000
1!
1"
0#
1%
1&
0'
b110 )
b01110001010111101010100111010101 .
#24100000000
0!
0"
1#
0%
0&
1'
#24150000000
1!
1"
0#
1%
1&
0'
b101 )
1-
b00111000101011110101010011101010 .
#24200000000
0!
0"
0%
0&
#24250000000
1!
1"
1#
1%
1&
1'
b100 )
0-
b00011100010101111010101001110101 .
#24300000000
0!
0"
0%
0&
#24350000000
1!
1"
0#
1%
1&
0'
b11 )
1-
b00001110001010111101010100111010 .
#24400000000
0!
0"
0%
0&
#24450000000
1!
1"
1#
1%
1&
1'
b10 )
0-
b00000111000101011110101010011101 .
#24500000000
0!
0"
0%
0&
#24550000000
1!
1"
0#
1%
1&
0'
b1 )
1-
b00000011100010101111010101001110 .
#24600000000
0!
0"
0%
0&
#24650000000
1!
1"
1#
1%
1&
1'
b0 )
b11101100011111011111100110000111 .
#24700000000
0!
0"
0#
0%
0&
0'
#24750000000
1!
1"
1#
1%
1&
1'
b111 )
b101 *
b01110110001111101111110011000011 .
#24800000000
0!
0"
0#
0%
0&
0'
#24850000000
1!
1"
1#
1%
1&
1'
b110 )
0-
b11010110101001111111110101000001 .
#24900000000
0!
0"
0%
0&
#24950000000
1!
1"
0#
1%
1&
0'
b101 )
b10000110111010110111110110000000 .
#25000000000
0!
0"
1#
0%
0&
1'
#25050000000
1!
1"
0#
1%
1&
0'
b100 )
b01000011011101011011111011000000 .
#25100000000
0!
0"
1#
0%
0&
1'
#25150000000
1!
1"
0#
1%
1&
0'
b11 )
1-
b11001100000000100101110001000000 .
#25200000000
0!
0"
0%
0&
#25250000000
1!
1"
1#
1%
1&
1'
b10 )
0-
b01100110000000010010111000100000 .
#25300000000
0!
0"
0%
0&
#25350000000
1!
1"
0#
1%
1&
0'
b1 )
b00110011000000001001011100010000 .
#25400000000
0!
0"
1#
0%
0&
1'
#25450000000
1!
1"
0#
1%
1&
0'
b0 )
b00011001100000000100101110001000 .
#25500000000
0!
0"
1#
0%
0&
1'
#25550000000
1!
1"
0#
1%
1&
0'
b111 )
b0 *
b00001100110000000010010111000100 .
#25600000000
0!
0"
1#
0%
0&
1'
#25650000000
1!
1"
0#
1%
1&
0'
b110 )
b00000110011000000001001011100010 .
#25700000000
0!
0"
1#
0%
0&
1'
#25750000000
1!
1"
0#
1%
1&
0'
b101 )
b00000011001100000000100101110001 .
#25800000000
0!
0"
1#
0%
0&
1'
#25850000000
1!
1"
0#
1%
1&
0'
b100 )
b11101100001000001000011110011000 .
#25900000000
0!
0"
1#
0%
0&
1'
#25950000000
1!
1"
0#
1%
1&
0'
b11 )
1-
b10011011101010001100000011101100 .
#26000000000
0!
0"
0%
0&
#26050000000
1!
1"
1#
1%
1&
1'
b10 )
0-
b01001101110101000110000001110110 .
#26100000000
0!
0"
0%
0&
#26150000000
1!
1"
0#
1%
1&
0'
b1 )
b00100110111010100011000000111011 .
#26200000000
0!
0"
1#
0%
0&
1'
#26250000000
1!
1"
0#
1%
1&
0'
b0 )
b11111110110011011001101100111101 .
#26300000000
0!
0"
1#
0%
0&
1'
#26350000000
1!
1"
0#
1%
1&
0'
b111 )
b1 *
1-
b01111111011001101100110110011110 .
#26400000000
0!
0"
0%
0&
#26450000000
1!
1"
1#
1%
1&
1'
b110 )
b11010010000010111110010111101111 .
#26500000000
0!
0"
0#
0%
0&
0'
#26550000000
1!
1"
1#
1%
1&
1'
b101 )
0-
b10000100101111010111000111010111 .
#26600000000
0!
0"
0%
0&
#26650000000
1!
1"
0#
1%
1&
0'
b100 )
1-
b01000010010111101011100011101011 .
#26700000000
0!
0"
0%
0&
#26750000000
1!
1"
1#
1%
1&
1'
b11 )
0-
b11001100100101111101111101010101 .
#26800000000
0!
0"
0%
0&
#26850000000
1!
1"
0#
1%
1&
0'
b10 )
1-
b01100110010010111110111110101010 .
#26900000000
0!
0"
0%
0&
#26950000000
1!
1"
1#
1%
1&
1'
b1 )
b11011110100111010111010011110101 .
#27000000000
0!
0"
0#
0%
0&
0'
#27050000000
1!
1"
1#
1%
1&
1'
b0 )
0-
b10000010111101100011100101011010 .
#27100000000
0!
0"
0%
0&
#27150000000
1!
1"
0#
1%
1&
0'
b111 )
b0 *
1-
b10101100110000111001111110001101 .
#27200000000
0!
0"
0%
0&
#27250000000
1!
1"
1#
1%
1&
1'
b110 )
0-
b10111011110110010100110011100110 .
#27300000000
0!
0"
0%
0&
#27350000000
1!
1"
0#
1%
1&
0'
b101 )
b01011101111011001010011001110011 .
#27400000000
0!
0"
1#
0%
0&
1'
#27450000000
1!
1"
0#
1%
1&
0'
b100 )
b11000011010011101101000000011001 .
#27500000000
0!
0"
1#
0%
0&
1'
#27550000000
1!
1"
0#
1%
1&
0'
b11 )
b10001100000111111110101100101100 .
#27600000000
0!
0"
1#
0%
0&
1'
#27650000000
1!
1"
0#
1%
1&
0'
b10 )
b01000110000011111111010110010110 .
#27700000000
0!
0"
1#
0%
0&
1'
#27750000000
1!
1"
0#
1%
1&
0'
b1 )
b00100011000001111111101011001011 .
#27800000000
0!
0"
1#
0%
0&
1'
#27850000000
1!
1"
0#
1%
1&
0'
b0 )
b11111100001110110111111001000101 .
#27900000000
0!
0"
1#
0%
0&
1'
#27950000000
1!
1"
0#
1%
1&
0'
b111 )
b1 *
b10010011101001010011110000000010 .
#28000000000
0!
0"
1#
0%
0&
1'
#28050000000
1!
1"
0#
1%
1&
0'
b110 )
b01001001110100101001111000000001 .
#28100000000
0!
0"
1#
0%
0&
1'
#28150000000
1!
1"
0#
1%
1&
0'
b101 )
b11001001010100011100110000100000 .
#28200000000
0!
0"
1#
0%
0&
1'
#28250000000
1!
1"
0#
1%
1&
0'
b100 )
b01100100101010001110011000010000 .
#28300000000
0!
0"
1#
0%
0&
1'
#28350000000
1!
1"
0#
1%
1&
0'
b11 )
b00110010010101000111001100001000 .
#28400000000
0!
0"
1#
0%
0&
1'
#28450000000
1!
1"
0#
1%
1&
0'
b10 )
b00011001001010100011100110000100 .
#28500000000
0!
0"
1#
0%
0&
1'
#28550000000
1!
1"
0#
1%
1&
0'
b1 )
b00001100100101010001110011000010 .
#28600000000
0!
0"
1#
0%
0&
1'
#28650000000
1!
1"
0#
1%
1&
0'
b0 )
b00000110010010101000111001100001 .
#28700000000
0!
0"
1#
0%
0&
1'
#28750000000
1!
1"
0#
1%
1&
0'
b111 )
b10 *
b11101110100111011100010000010000 .
#28800000000
0!
0"
1#
0%
0&
1'
#28850000000
1!
1"
0#
1%
1&
0'
b110 )
b01110111010011101110001000001000 .
#28900000000
0!
0"
1#
0%
0&
1'
#28950000000
1!
1"
0#
1%
1&
0'
b101 )
b00111011101001110111000100000100 .
#29000000000
0!
0"
1#
0%
0&
1'
#29050000000
1!
1"
0#
1%
1&
0'
b100 )
b00011101110100111011100010000010 .
#29100000000
0!
0"
1#
0%
0&
1'
#29150000000
1!
1"
0#
1%
1&
0'
b11 )
b00001110111010011101110001000001 .
#29200000000
0!
0"
1#
0%
0&
1'
#29250000000
1!
1"
0#
1%
1&
0'
b10 )
b11101010110011000110110100000000 .
#29300000000
0!
0"
1#
0%
0&
1'
#29350000000
1!
1"
0#
1%
1&
0'
b1 )
b01110101011001100011011010000000 .
#29400000000
0!
0"
1#
0%
0&
1'
#29450000000
1!
1"
0#
1%
1&
0'
b0 )
b00111010101100110001101101000000 .
#29500000000
0!
0"
1#
0%
0&
1'
#29550000000
1!
1"
0#
1%
1&
0'
b111 )
b11 *
b00011101010110011000110110100000 .
#29600000000
0!
0"
1#
0%
0&
1'
#29650000000
1!
1"
0#
1%
1&
0'
b110 )
b00001110101011001100011011010000 .
#29700000000
0!
0"
1#
0%
0&
1'
#29750000000
1!
1"
0#
1%
1&
0'
b101 )
b00000111010101100110001101101000 .
#29800000000
0!
0"
1#
0%
0&
1'
#29850000000
1!
1"
0#
1%
1&
0'
b100 )
b00000011101010110011000110110100 .
#29900000000
0!
0"
1#
0%
0&
1'
#29950000000
1!
1"
0#
1%
1&
0'
b11 )
b00000001110101011001100011011010 .
#30000000000
0!
0"
1#
0%
0&
1'
#30050000000
1!
1"
0#
1%
1&
0'
b10 )
b00000000111010101100110001101101 .
#30100000000
0!
0"
1#
0%
0&
1'
#30150000000
1!
1"
0#
1%
1&
0'
b1 )
b11101101110011011110010100010110 .
#30200000000
0!
0"
1#
0%
0&
1'
#30250000000
1!
1"
0#
1%
1&
0'
b0 )
b01110110111001101111001010001011 .
#30300000000
0!
0"
1#
0%
0&
1'
#30350000000
1!
1"
0#
1%
1&
0'
b111 )
b100 *
b11010110110010111111101001100101 .
#30400000000
0!
0"
1#
0%
0&
1'
#30450000000
1!
1"
0#
1%
1&
0'
b110 )
b10000110110111010111111000010010 .
#30500000000
0!
0"
1#
0%
0&
1'
#30550000000
1!
1"
0#
1%
1&
0'
b101 )
b01000011011011101011111100001001 .
#30600000000
0!
0"
1#
0%
0&
1'
#30650000000
1!
1"
0#
1%
1&
0'
b100 )
b11001100000011111101110010100100 .
#30700000000
0!
0"
1#
0%
0&
1'
#30750000000
1!
1"
0#
1%
1&
0'
b11 )
b01100110000001111110111001010010 .
#30800000000
0!
0"
1#
0%
0&
1'
#30850000000
1!
1"
0#
1%
1&
0'
b10 )
b00110011000000111111011100101001 .
#30900000000
0!
0"
1#
0%
0&
1'
#30950000000
1!
1"
0#
1%
1&
0'
b1 )
b11110100001110010111100010110100 .
#31000000000
0!
0"
1#
0%
0&
1'
#31050000000
1!
1"
0#
1%
1&
0'
b0 )
b01111010000111001011110001011010 .
#31100000000
0!
0"
1#
0%
0&
1'
#31150000000
1!
1"
0#
1%
1&
0'
b111 )
b101 *
b00111101000011100101111000101101 .
#31200000000
0!
0"
1#
0%
0&
1'
#31250000000
1!
1"
0#
1%
1&
0'
b110 )
b11110011001111111010110000110110 .
#31300000000
0!
0"
1#
0%
0&
1'
#31350000000
1!
1"
0#
1%
1&
0'
b101 )
b01111001100111111101011000011011 .
#31400000000
0!
0"
1#
0%
0&
1'
#31450000000
1!
1"
0#
1%
1&
0'
b100 )
b11010001011101110110100000101101 .
#31500000000
0!
0"
1#
0%
0&
1'
#31550000000
1!
1"
0#
1%
1&
0'
b11 )
b10000101000000110011011100110110 .
#31600000000
0!
0"
1#
0%
0&
1'
#31650000000
1!
1"
0#
1%
1&
0'
b10 )
b01000010100000011001101110011011 .
#31700000000
0!
0"
1#
0%
0&
1'
#31750000000
1!
1"
0#
1%
1&
0'
b1 )
b11001100111110000100111011101101 .
#31800000000
0!
0"
1#
0%
0&
1'
#31850000000
1!
1"
0#
1%
1&
0'
b0 )
b10001011110001001010010001010110 .
#31900000000
0!
0"
1#
0%
0&
1'
#31950000000
1!
1"
0#
1%
1&
0'
b111 )
b110 *
b01000101111000100101001000101011 .
#32000000000
0!
0"
1#
0%
0&
1'
#32050000000
1!
1"
0#
1%
1&
0'
b110 )
b11001111010010011010101000110101 .
#32100000000
0!
0"
1#
0%
0&
1'
#32150000000
1!
1"
0#
1%
1&
0'
b101 )
b10001010000111000101011000111010 .
#32200000000
0!
0"
1#
0%
0&
1'
#32250000000
1!
1"
0#
1%
1&
0'
b100 )
b01000101000011100010101100011101 .
#32300000000
0!
0"
1#
0%
0&
1'
#32350000000
1!
1"
0#
1%
1&
0'
b11 )
b11001111001111111001011010101110 .
#32400000000
0!
0"
1#
0%
0&
1'
#32450000000
1!
1"
0#
1%
1&
0'
b10 )
b01100111100111111100101101010111 .
#32500000000
0!
0"
1#
0%
0&
1'
#32550000000
1!
1"
0#
1%
1&
0'
b1 )
b11011110011101110110011010001011 .
#32600000000
0!
0"
1#
0%
0&
1'
#32650000000
1!
1"
0#
1%
1&
0'
b0 )
b10000010100000110011000001100101 .
#32700000000
0!
0"
1#
0%
0&
1'
#32750000000
1!
1"
0#
1%
1&
0'
b111 )
b111 *
b10101100111110010001101100010010 .
#32800000000
0!
0"
1#
0%
0&
1'
#32850000000
1!
1"
0#
1%
1&
0'
b110 )
b01010110011111001000110110001001 .
#32900000000
0!
0"
1#
0%
0&
1'
#32950000000
1!
1"
0#
1%
1&
0'
b101 )
b11000110100001101100010111100100 .
#33000000000
0!
0"
1#
0%
0&
1'
#33050000000
1!
1"
0#
1%
1&
0'
b100 )
b01100011010000110110001011110010 .
#33100000000
0!
0"
1#
0%
0&
1'
#33150000000
1!
1"
0#
1%
1&
0'
b11 )
b00110001101000011011000101111001 .
#33200000000
0!
0"
1#
0%
0&
1'
#33250000000
1!
1"
0#
1%
1&
0'
b10 )
b11110101011010000101101110011100 .
#33300000000
0!
0"
1#
0%
0&
1'
#33350000000
1!
1"
0#
1%
1&
0'
b1 )
b01111010101101000010110111001110 .
#33400000000
0!
0"
1#
0%
0&
1'
#33450000000
1!
1"
0#
1%
1&
0'
b0 )
b00111101010110100001011011100111 .
#33500000000
0!
0"
1#
0%
0&
1'
#33550000000
1!
1"
0#
1%
1&
0'
b111 )
b1000 *
b11110011000101011000100001010011 .
#33600000000
0!
0"
1#
0%
0&
1'
#33650000000
1!
1"
0#
1%
1&
0'
b110 )
b10010100001100100100011100001001 .
#33700000000
0!
0"
1#
0%
0&
1'
#33750000000
1!
1"
0#
1%
1&
0'
b101 )
b10100111101000011010000010100100 .
#33800000000
0!
0"
1#
0%
0&
1'
#33850000000
1!
1"
0#
1%
1&
0'
b100 )
b01010011110100001101000001010010 .
#33900000000
0!
0"
1#
0%
0&
1'
#33950000000
1!
1"
0#
1%
1&
0'
b11 )
b00101001111010000110100000101001 .
#34000000000
0!
0"
1#
0%
0&
1'
#34050000000
1!
1"
0#
1%
1&
0'
b10 )
b11111001010011001011011100110100 .
#34100000000
0!
0"
1#
0%
0&
1'
#34150000000
1!
1"
0#
1%
1&
0'
b1 )
b01111100101001100101101110011010 .
#34200000000
0!
0"
1#
0%
0&
1'
#34250000000
1!
1"
0#
1%
1&
0'
b0 )
b00111110010100110010110111001101 .
#34300000000
0!
0"
1#
0%
0&
1'
#34350000000
1!
1"
0#
1%
1&
0'
b111 )
b1001 *
b11110010100100010001010111000110 .
#34400000000
0!
0"
1#
0%
0&
1'
#34450000000
1!
1"
0#
1%
1&
0'
b110 )
b01111001010010001000101011100011 .
#34500000000
0!
0"
1#
0%
0&
1'
#34550000000
1!
1"
0#
1%
1&
0'
b101 )
b11010001000111001100011001010001 .
#34600000000
0!
0"
1#
0%
0&
1'
#34650000000
1!
1"
0#
1%
1&
0'
b100 )
b10000101001101101110000000001000 .
#34700000000
0!
0"
1#
0%
0&
1'
#34750000000
1!
1"
0#
1%
1&
0'
b11 )
b01000010100110110111000000000100 .
#34800000000
0!
0"
1#
0%
0&
1'
#34850000000
1!
1"
0#
1%
1&
0'
b10 )
b00100001010011011011100000000010 .
#34900000000
0!
0"
1#
0%
0&
1'
#34950000000
1!
1"
0#
1%
1&
0'
b1 )
b00010000101001101101110000000001 .
#35000000000
0!
0"
1#
0%
0&
1'
#35050000000
1!
1"
0#
1%
1&
0'
b0 )
b11100101111010111110110100100000 .
#35100000000
0!
0"
1#
0%
0&
1'
#35150000000
1!
1"
0#
1%
1&
0'
b111 )
b1010 *
b01110010111101011111011010010000 .
#35200000000
0!
0"
1#
0%
0&
1'
#35250000000
1!
1"
0#
1%
1&
0'
b110 )
b00111001011110101111101101001000 .
#35300000000
0!
0"
1#
0%
0&
1'
#35350000000
1!
1"
0#
1%
1&
0'
b101 )
b00011100101111010111110110100100 .
#35400000000
0!
0"
1#
0%
0&
1'
#35450000000
1!
1"
0#
1%
1&
0'
b100 )
b00001110010111101011111011010010 .
#35500000000
0!
0"
1#
0%
0&
1'
#35550000000
1!
1"
0#
1%
1&
0'
b11 )
b00000111001011110101111101101001 .
#35600000000
0!
0"
1#
0%
0&
1'
#35650000000
1!
1"
0#
1%
1&
0'
b10 )
b11101110001011110010110010010100 .
#35700000000
0!
0"
1#
0%
0&
1'
#35750000000
1!
1"
0#
1%
1&
0'
b1 )
b01110111000101111001011001001010 .
#35800000000
0!
0"
1#
0%
0&
1'
#35850000000
1!
1"
0#
1%
1&
0'
b0 )
b00111011100010111100101100100101 .
#35900000000
0!
0"
1#
0%
0&
1'
#35950000000
1!
1"
0#
1%
1&
0'
b111 )
b1011 *
b11110000011111010110011010110010 .
#36000000000
0!
0"
1#
0%
0&
1'
#36050000000
1!
1"
0#
1%
1&
0'
b110 )
b01111000001111101011001101011001 .
#36100000000
0!
0"
1#
0%
0&
1'
#36150000000
1!
1"
0#
1%
1&
0'
b101 )
b11010001101001111101101010001100 .
#36200000000
0!
0"
1#
0%
0&
1'
#36250000000
1!
1"
0#
1%
1&
0'
b100 )
b01101000110100111110110101000110 .
#36300000000
0!
0"
1#
0%
0&
1'
#36350000000
1!
1"
0#
1%
1&
0'
b11 )
b00110100011010011111011010100011 .
#36400000000
0!
0"
1#
0%
0&
1'
#36450000000
1!
1"
0#
1%
1&
0'
b10 )
b11110111100011000111100001110001 .
#36500000000
0!
0"
1#
0%
0&
1'
#36550000000
1!
1"
0#
1%
1&
0'
b1 )
b10010110011111101011111100011000 .
#36600000000
0!
0"
1#
0%
0&
1'
#36650000000
1!
1"
0#
1%
1&
0'
b0 )
b01001011001111110101111110001100 .
#36700000000
0!
0"
1#
0%
0&
1'
#36750000000
1!
1"
0#
1%
1&
0'
b111 )
b1100 *
b00100101100111111010111111000110 .
#36800000000
0!
0"
1#
0%
0&
1'
#36850000000
1!
1"
0#
1%
1&
0'
b110 )
b00010010110011111101011111100011 .
#36900000000
0!
0"
1#
0%
0&
1'
#36950000000
1!
1"
0#
1%
1&
0'
b101 )
b11100100110111110110100011010001 .
#37000000000
0!
0"
1#
0%
0&
1'
#37050000000
1!
1"
0#
1%
1&
0'
b100 )
b10011111110101110011011101001000 .
#37100000000
0!
0"
1#
0%
0&
1'
#37150000000
1!
1"
0#
1%
1&
0'
b11 )
b01001111111010111001101110100100 .
#37200000000
0!
0"
1#
0%
0&
1'
#37250000000
1!
1"
0#
1%
1&
0'
b10 )
b00100111111101011100110111010010 .
#37300000000
0!
0"
1#
0%
0&
1'
#37350000000
1!
1"
0#
1%
1&
0'
b1 )
b00010011111110101110011011101001 .
#37400000000
0!
0"
1#
0%
0&
1'
#37450000000
1!
1"
0#
1%
1&
0'
b0 )
b11100100010001011111000001010100 .
#37500000000
0!
0"
1#
0%
0&
1'
#37550000000
1!
1"
0#
1%
1&
0'
b111 )
b1101 *
b01110010001000101111100000101010 .
#37600000000
0!
0"
1#
0%
0&
1'
#37650000000
1!
1"
0#
1%
1&
0'
b110 )
b00111001000100010111110000010101 .
#37700000000
0!
0"
1#
0%
0&
1'
#37750000000
1!
1"
0#
1%
1&
0'
b101 )
b11110001001100000011110100101010 .
#37800000000
0!
0"
1#
0%
0&
1'
#37850000000
1!
1"
0#
1%
1&
0'
b100 )
b01111000100110000001111010010101 .
#37900000000
0!
0"
1#
0%
0&
1'
#37950000000
1!
1"
0#
1%
1&
0'
b11 )
b11010001111101001000110001101010 .
#38000000000
0!
0"
1#
0%
0&
1'
#38050000000
1!
1"
0#
1%
1&
0'
b10 )
b01101000111110100100011000110101 .
#38100000000
0!
0"
1#
0%
0&
1'
#38150000000
1!
1"
0#
1%
1&
0'
b1 )
b11011001110001011010000000111010 .
#38200000000
0!
0"
1#
0%
0&
1'
#38250000000
1!
1"
0#
1%
1&
0'
b0 )
b01101100111000101101000000011101 .
#38300000000
0!
0"
1#
0%
0&
1'
#38350000000
1!
1"
0#
1%
1&
0'
b111 )
b1110 *
b11011011110010011110101100101110 .
#38400000000
0!
0"
1#
0%
0&
1'
#38450000000
1!
1"
0#
1%
1&
0'
b110 )
b01101101111001001111010110010111 .
#38500000000
0!
0"
1#
0%
0&
1'
#38550000000
1!
1"
0#
1%
1&
0'
b101 )
b11011011010010101111100111101011 .
#38600000000
0!
0"
1#
0%
0&
1'
#38650000000
1!
1"
0#
1%
1&
0'
b100 )
b10000000000111011111111111010101 .
#38700000000
0!
0"
1#
0%
0&
1'
#38750000000
1!
1"
0#
1%
1&
0'
b11 )
b10101101101101100111110011001010 .
#38800000000
0!
0"
1#
0%
0&
1'
#38850000000
1!
1"
0#
1%
1&
0'
b10 )
b01010110110110110011111001100101 .
#38900000000
0!
0"
1#
0%
0&
1'
#38950000000
1!
1"
0#
1%
1&
0'
b1 )
b11000110110101010001110000010010 .
#39000000000
0!
0"
1#
0%
0&
1'
#39050000000
1!
1"
0#
1%
1&
0'
b0 )
b01100011011010101000111000001001 .
#39100000000
0!
0"
1#
0%
0&
1'
#39150000000
1!
1"
0#
1%
1&
0'
b111 )
b1111 *
b11011100000011011100010000100100 .
#39200000000
0!
0"
1#
0%
0&
1'
#39250000000
1!
1"
0#
1%
1&
0'
b110 )
b01101110000001101110001000010010 .
#39300000000
0!
0"
1#
0%
0&
1'
#39350000000
1!
1"
0#
1%
1&
0'
b101 )
b00110111000000110111000100001001 .
#39400000000
0!
0"
1#
0%
0&
1'
#39450000000
1!
1"
0#
1%
1&
0'
b100 )
b11110110001110010011101110100100 .
#39500000000
0!
0"
1#
0%
0&
1'
#39550000000
1!
1"
0#
1%
1&
0'
b11 )
b01111011000111001001110111010010 .
#39600000000
0!
0"
1#
0%
0&
1'
#39650000000
1!
1"
0#
1%
1&
0'
b10 )
b00111101100011100100111011101001 .
#39700000000
0!
0"
1#
0%
0&
1'
#39750000000
1!
1"
0#
1%
1&
0'
b1 )
b11110011011111111010010001010100 .
#39800000000
0!
0"
1#
0%
0&
1'
#39850000000
1!
1"
0#
1%
1&
0'
b0 )
b01111001101111111101001000101010 .
#39900000000
0!
0"
1#
0%
0&
1'
#39950000000
1!
1"
0#
1%
1&
0'
b111 )
b10000 *
b00111100110111111110100100010101 .
#40000000000
0!
0"
1#
0%
0&
1'
#40050000000
1!
1"
0#
1%
1&
0'
b110 )
b11110011110101110111011110101010 .
#40100000000
0!
0"
1#
0%
0&
1'
#40150000000
1!
1"
0#
1%
1&
0'
b101 )
b01111001111010111011101111010101 .
#40200000000
0!
0"
1#
0%
0&
1'
#40250000000
1!
1"
0#
1%
1&
0'
b100 )
b11010001010011010101111011001010 .
#40300000000
0!
0"
1#
0%
0&
1'
#40350000000
1!
1"
0#
1%
1&
0'
b11 )
b01101000101001101010111101100101 .
#40400000000
0!
0"
1#
0%
0&
1'
#40450000000
1!
1"
0#
1%
1&
0'
b10 )
b11011001111010111101010010010010 .
#40500000000
0!
0"
1#
0%
0&
1'
#40550000000
1!
1"
0#
1%
1&
0'
b1 )
b01101100111101011110101001001001 .
#40600000000
0!
0"
1#
0%
0&
1'
#40650000000
1!
1"
0#
1%
1&
0'
b0 )
b11011011110000100111011000000100 .
#40700000000
0!
0"
1#
0%
0&
1'
#40750000000
1!
1"
0#
1%
1&
0'
b111 )
b10001 *
b01101101111000010011101100000010 .
#40800000000
0!
0"
1#
0%
0&
1'
#40850000000
1!
1"
0#
1%
1&
0'
b110 )
b00110110111100001001110110000001 .
#40900000000
0!
0"
1#
0%
0&
1'
#40950000000
1!
1"
0#
1%
1&
0'
b101 )
b11110110110000001100110111100000 .
#41000000000
0!
0"
1#
0%
0&
1'
#41050000000
1!
1"
0#
1%
1&
0'
b100 )
b01111011011000000110011011110000 .
#41100000000
0!
0"
1#
0%
0&
1'
#41150000000
1!
1"
0#
1%
1&
0'
b11 )
b00111101101100000011001101111000 .
#41200000000
0!
0"
1#
0%
0&
1'
#41250000000
1!
1"
0#
1%
1&
0'
b10 )
b00011110110110000001100110111100 .
#41300000000
0!
0"
1#
0%
0&
1'
#41350000000
1!
1"
0#
1%
1&
0'
b1 )
b00001111011011000000110011011110 .
#41400000000
0!
0"
1#
0%
0&
1'
#41450000000
1!
1"
0#
1%
1&
0'
b0 )
b00000111101101100000011001101111 .
#41500000000
0!
0"
1#
0%
0&
1'
#41550000000
1!
1"
0#
1%
1&
0'
b111 )
b10010 *
b11101110011000111000000000010111 .
#41600000000
0!
0"
1#
0%
0&
1'
#41650000000
1!
1"
0#
1%
1&
0'
b110 )
b10011010100010010100001100101011 .
#41700000000
0!
0"
1#
0%
0&
1'
#41750000000
1!
1"
0#
1%
1&
0'
b101 )
b10100000111111000010001010110101 .
#41800000000
0!
0"
1#
0%
0&
1'
#41850000000
1!
1"
0#
1%
1&
0'
b100 )
b10111101110001101001001001111010 .
#41900000000
0!
0"
1#
0%
0&
1'
#41950000000
1!
1"
0#
1%
1&
0'
b11 )
b01011110111000110100100100111101 .
#42000000000
0!
0"
1#
0%
0&
1'
#42050000000
1!
1"
0#
1%
1&
0'
b10 )
b11000010110010010010011110111110 .
#42100000000
0!
0"
1#
0%
0&
1'
#42150000000
1!
1"
0#
1%
1&
0'
b1 )
b01100001011001001001001111011111 .
#42200000000
0!
0"
1#
0%
0&
1'
#42250000000
1!
1"
0#
1%
1&
0'
b0 )
b11011101000010101100101011001111 .
#42300000000
0!
0"
1#
0%
0&
1'
#42350000000
1!
1"
0#
1%
1&
0'
b111 )
b10011 *
b10000011001111011110011001000111 .
#42400000000
0!
0"
1#
0%
0&
1'
#42450000000
1!
1"
0#
1%
1&
0'
b110 )
b10101100001001100111000000000011 .
#42500000000
0!
0"
1#
0%
0&
1'
#42550000000
1!
1"
0#
1%
1&
0'
b101 )
b10111011101010111011101100100001 .
#42600000000
0!
0"
1#
0%
0&
1'
#42650000000
1!
1"
0#
1%
1&
0'
b100 )
b10110000011011010101111010110000 .
#42700000000
0!
0"
1#
0%
0&
1'
#42750000000
1!
1"
0#
1%
1&
0'
b11 )
b01011000001101101010111101011000 .
#42800000000
0!
0"
1#
0%
0&
1'
#42850000000
1!
1"
0#
1%
1&
0'
b10 )
b00101100000110110101011110101100 .
#42900000000
0!
0"
1#
0%
0&
1'
#42950000000
1!
1"
0#
1%
1&
0'
b1 )
b00010110000011011010101111010110 .
#43000000000
0!
0"
1#
0%
0&
1'
#43050000000
1!
1"
0#
1%
1&
0'
b0 )
b00001011000001101101010111101011 .
#43100000000
0!
0"
1#
0%
0&
1'
#43150000000
1!
1"
0#
1%
1&
0'
b111 )
b10100 *
b11101000001110111110100111010101 .
#43200000000
0!
0"
1#
0%
0&
1'
#43250000000
1!
1"
0#
1%
1&
0'
b110 )
b10011001101001010111011111001010 .
#43300000000
0!
0"
1#
0%
0&
1'
#43350000000
1!
1"
0#
1%
1&
0'
b101 )
b01001100110100101011101111100101 .
#43400000000
0!
0"
1#
0%
0&
1'
#43450000000
1!
1"
0#
1%
1&
0'
b100 )
b11001011110100011101111011010010 .
#43500000000
0!
0"
1#
0%
0&
1'
#43550000000
1!
1"
0#
1%
1&
0'
b11 )
b01100101111010001110111101101001 .
#43600000000
0!
0"
1#
0%
0&
1'
#43650000000
1!
1"
0#
1%
1&
0'
b10 )
b11011111010011001111010010010100 .
#43700000000
0!
0"
1#
0%
0&
1'
#43750000000
1!
1"
0#
1%
1&
0'
b1 )
b01101111101001100111101001001010 .
#43800000000
0!
0"
1#
0%
0&
1'
#43850000000
1!
1"
0#
1%
1&
0'
b0 )
b00110111110100110011110100100101 .
#43900000000
0!
0"
1#
0%
0&
1'
#43950000000
1!
1"
0#
1%
1&
0'
b111 )
b10101 *
b11110110010100010001110110110010 .
#44000000000
0!
0"
1#
0%
0&
1'
#44050000000
1!
1"
0#
1%
1&
0'
b110 )
b01111011001010001000111011011001 .
#44100000000
0!
0"
1#
0%
0&
1'
#44150000000
1!
1"
0#
1%
1&
0'
b101 )
b11010000001011001100010001001100 .
#44200000000
0!
0"
1#
0%
0&
1'
#44250000000
1!
1"
0#
1%
1&
0'
b100 )
b01101000000101100110001000100110 .
#44300000000
0!
0"
1#
0%
0&
1'
#44350000000
1!
1"
0#
1%
1&
0'
b11 )
b00110100000010110011000100010011 .
#44400000000
0!
0"
1#
0%
0&
1'
#44450000000
1!
1"
0#
1%
1&
0'
b10 )
b11110111101111010001101110101001 .
#44500000000
0!
0"
1#
0%
0&
1'
#44550000000
1!
1"
0#
1%
1&
0'
b1 )
b10010110011001100000111011110100 .
#44600000000
0!
0"
1#
0%
0&
1'
#44650000000
1!
1"
0#
1%
1&
0'
b0 )
b01001011001100110000011101111010 .
#44700000000
0!
0"
1#
0%
0&
1'
#44750000000
1!
1"
0#
1%
1&
0'
b111 )
b10110 *
b00100101100110011000001110111101 .
#44800000000
0!
0"
1#
0%
0&
1'
#44850000000
1!
1"
0#
1%
1&
0'
b110 )
b11111111011101000100001011111110 .
#44900000000
0!
0"
1#
0%
0&
1'
#44950000000
1!
1"
0#
1%
1&
0'
b101 )
b01111111101110100010000101111111 .
#45000000000
0!
0"
1#
0%
0&
1'
#45050000000
1!
1"
0#
1%
1&
0'
b100 )
b11010010011001011001001110011111 .
#45100000000
0!
0"
1#
0%
0&
1'
#45150000000
1!
1"
0#
1%
1&
0'
b11 )
b10000100100010100100101011101111 .
#45200000000
0!
0"
1#
0%
0&
1'
#45250000000
1!
1"
0#
1%
1&
0'
b10 )
b10101111111111011010011001010111 .
#45300000000
0!
0"
1#
0%
0&
1'
#45350000000
1!
1"
0#
1%
1&
0'
b1 )
b10111010010001100101000000001011 .
#45400000000
0!
0"
1#
0%
0&
1'
#45450000000
1!
1"
0#
1%
1&
0'
b0 )
b10110000100110111010101100100101 .
#45500000000
0!
0"
1#
0%
0&
1'
#45550000000
1!
1"
0#
1%
1&
0'
b111 )
b10111 *
b10110101111101010101011010110010 .
#45600000000
0!
0"
1#
0%
0&
1'
#45650000000
1!
1"
0#
1%
1&
0'
b110 )
b01011010111110101010101101011001 .
#45700000000
0!
0"
1#
0%
0&
1'
#45750000000
1!
1"
0#
1%
1&
0'
b101 )
b11000000110001011101011010001100 .
#45800000000
0!
0"
1#
0%
0&
1'
#45850000000
1!
1"
0#
1%
1&
0'
b100 )
b01100000011000101110101101000110 .
#45900000000
0!
0"
1#
0%
0&
1'
#45950000000
1!
1"
0#
1%
1&
0'
b11 )
b00110000001100010111010110100011 .
#46000000000
0!
0"
1#
0%
0&
1'
#46050000000
1!
1"
0#
1%
1&
0'
b10 )
b11110101101000000011100111110001 .
#46100000000
0!
0"
1#
0%
0&
1'
#46150000000
1!
1"
0#
1%
1&
0'
b1 )
b10010111011010001001111111011000 .
#46200000000
0!
0"
1#
0%
0&
1'
#46250000000
1!
1"
0#
1%
1&
0'
b0 )
b01001011101101000100111111101100 .
#46300000000
0!
0"
1#
0%
0&
1'
#46350000000
1!
1"
0#
1%
1&
0'
b111 )
b11000 *
b00100101110110100010011111110110 .
#46400000000
0!
0"
1#
0%
0&
1'
#46450000000
1!
1"
0#
1%
1&
0'
b110 )
b00010010111011010001001111111011 .
#46500000000
0!
0"
1#
0%
0&
1'
#46550000000
1!
1"
0#
1%
1&
0'
b101 )
b11100100110011100000101011011101 .
#46600000000
0!
0"
1#
0%
0&
1'
#46650000000
1!
1"
0#
1%
1&
0'
b100 )
b10011111110111111000011001001110 .
#46700000000
0!
0"
1#
0%
0&
1'
#46750000000
1!
1"
0#
1%
1&
0'
b11 )
b01001111111011111100001100100111 .
#46800000000
0!
0"
1#
0%
0&
1'
#46850000000
1!
1"
0#
1%
1&
0'
b10 )
b11001010010011110110001010110011 .
#46900000000
0!
0"
1#
0%
0&
1'
#46950000000
1!
1"
0#
1%
1&
0'
b1 )
b10001000100111110011001001111001 .
#47000000000
0!
0"
1#
0%
0&
1'
#47050000000
1!
1"
0#
1%
1&
0'
b0 )
b10101001111101110001101000011100 .
#47100000000
0!
0"
1#
0%
0&
1'
#47150000000
1!
1"
0#
1%
1&
0'
b111 )
b11001 *
b01010100111110111000110100001110 .
#47200000000
0!
0"
1#
0%
0&
1'
#47250000000
1!
1"
0#
1%
1&
0'
b110 )
b00101010011111011100011010000111 .
#47300000000
0!
0"
1#
0%
0&
1'
#47350000000
1!
1"
0#
1%
1&
0'
b101 )
b11111000100001100110000001100011 .
#47400000000
0!
0"
1#
0%
0&
1'
#47450000000
1!
1"
0#
1%
1&
0'
b100 )
b10010001111110111011001100010001 .
#47500000000
0!
0"
1#
0%
0&
1'
#47550000000
1!
1"
0#
1%
1&
0'
b11 )
b10100101010001010101101010101000 .
#47600000000
0!
0"
1#
0%
0&
1'
#47650000000
1!
1"
0#
1%
1&
0'
b10 )
b01010010101000101010110101010100 .
#47700000000
0!
0"
1#
0%
0&
1'
#47750000000
1!
1"
0#
1%
1&
0'
b1 )
b00101001010100010101011010101010 .
#47800000000
0!
0"
1#
0%
0&
1'
#47850000000
1!
1"
0#
1%
1&
0'
b0 )
b00010100101010001010101101010101 .
#47900000000
0!
0"
1#
0%
0&
1'
#47950000000
1!
1"
0#
1%
1&
0'
b111 )
b11010 *
b11100111111011001101011010001010 .
#48000000000
0!
0"
1#
0%
0&
1'
#48050000000
1!
1"
0#
1%
1&
0'
b110 )
b01110011111101100110101101000101 .
#48100000000
0!
0"
1#
0%
0&
1'
#48150000000
1!
1"
0#
1%
1&
0'
b101 )
b11010100010000111011011010000010 .
#48200000000
0!
0"
1#
0%
0&
1'
#48250000000
1!
1"
0#
1%
1&
0'
b100 )
b01101010001000011101101101000001 .
#48300000000
0!
0"
1#
0%
0&
1'
#48350000000
1!
1"
0#
1%
1&
0'
b11 )
b11011000101010000110111010000000 .
#48400000000
0!
0"
1#
0%
0&
1'
#48450000000
1!
1"
0#
1%
1&
0'
b10 )
b01101100010101000011011101000000 .
#48500000000
0!
0"
1#
0%
0&
1'
#48550000000
1!
1"
0#
1%
1&
0'
b1 )
b00110110001010100001101110100000 .
#48600000000
0!
0"
1#
0%
0&
1'
#48650000000
1!
1"
0#
1%
1&
0'
b0 )
b00011011000101010000110111010000 .
#48700000000
0!
0"
1#
0%
0&
1'
#48750000000
1!
1"
0#
1%
1&
0'
b111 )
b11011 *
b00001101100010101000011011101000 .
#48800000000
0!
0"
1#
0%
0&
1'
#48850000000
1!
1"
0#
1%
1&
0'
b110 )
b00000110110001010100001101110100 .
#48900000000
0!
0"
1#
0%
0&
1'
#48950000000
1!
1"
0#
1%
1&
0'
b101 )
b00000011011000101010000110111010 .
#49000000000
0!
0"
1#
0%
0&
1'
#49050000000
1!
1"
0#
1%
1&
0'
b100 )
b00000001101100010101000011011101 .
#49100000000
0!
0"
1#
0%
0&
1'
#49150000000
1!
1"
0#
1%
1&
0'
b11 )
b11101101011000000010101101001110 .
#49200000000
0!
0"
1#
0%
0&
1'
#49250000000
1!
1"
0#
1%
1&
0'
b10 )
b01110110101100000001010110100111 .
#49300000000
0!
0"
1#
0%
0&
1'
#49350000000
1!
1"
0#
1%
1&
0'
b1 )
b11010110111000001000100111110011 .
#49400000000
0!
0"
1#
0%
0&
1'
#49450000000
1!
1"
0#
1%
1&
0'
b0 )
b10000110110010001100011111011001 .
#49500000000
0!
0"
1#
0%
0&
1'
#49550000000
1!
1"
0#
1%
1&
0'
b111 )
b11100 *
b10101110110111001110000011001100 .
#49600000000
0!
0"
1#
0%
0&
1'
#49650000000
1!
1"
0#
1%
1&
0'
b110 )
b01010111011011100111000001100110 .
#49700000000
0!
0"
1#
0%
0&
1'
#49750000000
1!
1"
0#
1%
1&
0'
b101 )
b00101011101101110011100000110011 .
#49800000000
0!
0"
1#
0%
0&
1'
#49850000000
1!
1"
0#
1%
1&
0'
b100 )
b11111000011000110001111100111001 .
#49900000000
0!
0"
1#
0%
0&
1'
#49950000000
1!
1"
0#
1%
1&
0'
b11 )
b10010001100010010000110010111100 .
#50000000000
0!
0"
1#
0%
0&
1'
#50050000000
1!
1"
0#
1%
1&
0'
b10 )
b01001000110001001000011001011110 .
#50100000000
0!
0"
1#
0%
0&
1'
#50150000000
1!
1"
0#
1%
1&
0'
b1 )
b00100100011000100100001100101111 .
#50200000000
0!
0"
1#
0%
0&
1'
#50250000000
1!
1"
0#
1%
1&
0'
b0 )
b11111111100010011010001010110111 .
#50300000000
0!
0"
1#
0%
0&
1'
#50350000000
1!
1"
0#
1%
1&
0'
b111 )
b11101 *
b10010010011111000101001001111011 .
#50400000000
0!
0"
1#
0%
0&
1'
#50450000000
1!
1"
0#
1%
1&
0'
b110 )
b10100100100001101010101000011101 .
#50500000000
0!
0"
1#
0%
0&
1'
#50550000000
1!
1"
0#
1%
1&
0'
b101 )
b10111111111110111101011000101110 .
#50600000000
0!
0"
1#
0%
0&
1'
#50650000000
1!
1"
0#
1%
1&
0'
b100 )
b01011111111111011110101100010111 .
#50700000000
0!
0"
1#
0%
0&
1'
#50750000000
1!
1"
0#
1%
1&
0'
b11 )
b11000010010001100111011010101011 .
#50800000000
0!
0"
1#
0%
0&
1'
#50850000000
1!
1"
0#
1%
1&
0'
b10 )
b10001100100110111011100001110101 .
#50900000000
0!
0"
1#
0%
0&
1'
#50950000000
1!
1"
0#
1%
1&
0'
b1 )
b10101011111101010101111100011010 .
#51000000000
0!
0"
1#
0%
0&
1'
#51050000000
1!
1"
0#
1%
1&
0'
b0 )
b01010101111110101010111110001101 .
#51100000000
0!
0"
1#
0%
0&
1'
#51150000000
1!
1"
0#
1%
1&
0'
b111 )
b11110 *
b11000111010001011101010011100110 .
#51200000000
0!
0"
1#
0%
0&
1'
#51250000000
1!
1"
0#
1%
1&
0'
b110 )
b01100011101000101110101001110011 .
#51300000000
0!
0"
1#
0%
0&
1'
#51350000000
1!
1"
0#
1%
1&
0'
b101 )
b11011100011010011111011000011001 .
#51400000000
0!
0"
1#
0%
0&
1'
#51450000000
1!
1"
0#
1%
1&
0'
b100 )
b10000011100011000111100000101100 .
#51500000000
0!
0"
1#
0%
0&
1'
#51550000000
1!
1"
0#
1%
1&
0'
b11 )
b01000001110001100011110000010110 .
#51600000000
0!
0"
1#
0%
0&
1'
#51650000000
1!
1"
0#
1%
1&
0'
b10 )
b00100000111000110001111000001011 .
#51700000000
0!
0"
1#
0%
0&
1'
#51750000000
1!
1"
0#
1%
1&
0'
b1 )
b11111101110010010000110000100101 .
#51800000000
0!
0"
1#
0%
0&
1'
#51850000000
1!
1"
0#
1%
1&
0'
b0 )
b10010011010111000000010100110010 .
#51900000000
0!
0"
1#
0%
0&
1'
#51950000000
1!
1"
0#
1%
1&
0'
b111 )
b11111 *
b01001001101011100000001010011001 .
#52000000000
0!
0"
1#
0%
0&
1'
#52050000000
1!
1"
0#
1%
1&
0'
b110 )
b11001001011011111000001001101100 .
#52100000000
0!
0"
1#
0%
0&
1'
#52150000000
1!
1"
0#
1%
1&
0'
b101 )
b01100100101101111100000100110110 .
#52200000000
0!
0"
1#
0%
0&
1'
#52250000000
1!
1"
0#
1%
1&
0'
b100 )
b00110010010110111110000010011011 .
#52300000000
0!
0"
1#
0%
0&
1'
#52350000000
1!
1"
0#
1%
1&
0'
b11 )
b11110100100101010111001101101101 .
#52400000000
0!
0"
1#
0%
0&
1'
#52450000000
1!
1"
0#
1%
1&
0'
b10 )
b10010111111100100011101010010110 .
#52500000000
0!
0"
1#
0%
0&
1'
#52550000000
1!
1"
0#
1%
1&
0'
b1 )
b01001011111110010001110101001011 .
#52600000000
0!
0"
1#
0%
0&
1'
#52650000000
1!
1"
0#
1%
1&
0'
b0 )
b11001000010001000000110110000101 .
#52700000000
0!
0"
1#
0%
0&
1'
#52750000000
1!
1"
0#
1%
1&
0'
b111 )
b100000 *
b10001001100110101000010111100010 .
#52800000000
0!
0"
1#
0%
0&
1'
#52850000000
1!
1"
0#
1%
1&
0'
b110 )
b01000100110011010100001011110001 .
#52900000000
0!
0"
1#
0%
0&
1'
#52950000000
1!
1"
0#
1%
1&
0'
b101 )
b11001111110111100010001001011000 .
#53000000000
0!
0"
1#
0%
0&
1'
#53050000000
1!
1"
0#
1%
1&
0'
b100 )
b01100111111011110001000100101100 .
#53100000000
0!
0"
1#
0%
0&
1'
#53150000000
1!
1"
0#
1%
1&
0'
b11 )
b00110011111101111000100010010110 .
#53200000000
0!
0"
1#
0%
0&
1'
#53250000000
1!
1"
0#
1%
1&
0'
b10 )
b00011001111110111100010001001011 .
#53300000000
0!
0"
1#
0%
0&
1'
#53350000000
1!
1"
0#
1%
1&
0'
b1 )
b11100001010001010110000100000101 .
#53400000000
0!
0"
1#
0%
0&
1'
#53450000000
1!
1"
0#
1%
1&
0'
b0 )
b10011101000110100011001110100010 .
#53500000000
0!
0"
1#
0%
0&
1'
#53550000000
1!
1"
0#
1%
1&
0'
b111 )
b100001 *
b01001110100011010001100111010001 .
#53600000000
0!
0"
1#
0%
0&
1'
#53650000000
1!
1"
0#
1%
1&
0'
b110 )
b11001010111111100000111111001000 .
#53700000000
0!
0"
1#
0%
0&
1'
#53750000000
1!
1"
0#
1%
1&
0'
b101 )
b01100101011111110000011111100100 .
#53800000000
0!
0"
1#
0%
0&
1'
#53850000000
1!
1"
0#
1%
1&
0'
b100 )
b00110010101111111000001111110010 .
#53900000000
0!
0"
1#
0%
0&
1'
#53950000000
1!
1"
0#
1%
1&
0'
b11 )
b00011001010111111100000111111001 .
#54000000000
0!
0"
1#
0%
0&
1'
#54050000000
1!
1"
0#
1%
1&
0'
b10 )
b11100001000101110110001111011100 .
#54100000000
0!
0"
1#
0%
0&
1'
#54150000000
1!
1"
0#
1%
1&
0'
b1 )
b01110000100010111011000111101110 .
#54200000000
0!
0"
1#
0%
0&
1'
#54250000000
1!
1"
0#
1%
1&
0'
b0 )
b00111000010001011101100011110111 .
#54300000000
0!
0"
1#
0%
0&
1'
#54350000000
1!
1"
0#
1%
1&
0'
b111 )
b100010 *
b11110001100110100110111101011011 .
#54400000000
0!
0"
1#
0%
0&
1'
#54450000000
1!
1"
0#
1%
1&
0'
b110 )
b10010101011101011011010010001101 .
#54500000000
0!
0"
1#
0%
0&
1'
#54550000000
1!
1"
0#
1%
1&
0'
b101 )
b10100111000000100101100101100110 .
#54600000000
0!
0"
1#
0%
0&
1'
#54650000000
1!
1"
0#
1%
1&
0'
b100 )
b01010011100000010010110010110011 .
#54700000000
0!
0"
1#
0%
0&
1'
#54750000000
1!
1"
0#
1%
1&
0'
b11 )
b11000100011110000001010101111001 .
#54800000000
0!
0"
1#
0%
0&
1'
#54850000000
1!
1"
0#
1%
1&
0'
b10 )
b10001111100001001000100110011100 .
#54900000000
0!
0"
1#
0%
0&
1'
#54950000000
1!
1"
0#
1%
1&
0'
b1 )
b01000111110000100100010011001110 .
#55000000000
0!
0"
1#
0%
0&
1'
#55050000000
1!
1"
0#
1%
1&
0'
b0 )
b00100011111000010010001001100111 .
#55100000000
0!
0"
1#
0%
0&
1'
#55150000000
1!
1"
0#
1%
1&
0'
b111 )
b100011 *
b11111100010010000001001000010011 .
#55200000000
0!
0"
1#
0%
0&
1'
#55250000000
1!
1"
0#
1%
1&
0'
b110 )
b10010011100111001000101000101001 .
#55300000000
0!
0"
1#
0%
0&
1'
#55350000000
1!
1"
0#
1%
1&
0'
b101 )
b10100100011101101100011000110100 .
#55400000000
0!
0"
1#
0%
0&
1'
#55450000000
1!
1"
0#
1%
1&
0'
b100 )
b01010010001110110110001100011010 .
#55500000000
0!
0"
1#
0%
0&
1'
#55550000000
1!
1"
0#
1%
1&
0'
b11 )
b00101001000111011011000110001101 .
#55600000000
0!
0"
1#
0%
0&
1'
#55650000000
1!
1"
0#
1%
1&
0'
b10 )
b11111001001101100101101111100110 .
#55700000000
0!
0"
1#
0%
0&
1'
#55750000000
1!
1"
0#
1%
1&
0'
b1 )
b01111100100110110010110111110011 .
#55800000000
0!
0"
1#
0%
0&
1'
#55850000000
1!
1"
0#
1%
1&
0'
b0 )
b11010011111101010001010111011001 .
#55900000000
0!
0"
1#
0%
0&
1'
#55950000000
1!
1"
0#
1%
1&
0'
b111 )
b100100 *
b10000100010000100000100111001100 .
#56000000000
0!
0"
1#
0%
0&
1'
#56050000000
1!
1"
0#
1%
1&
0'
b110 )
b01000010001000010000010011100110 .
#56100000000
0!
0"
1#
0%
0&
1'
#56150000000
1!
1"
0#
1%
1&
0'
b101 )
b00100001000100001000001001110011 .
#56200000000
0!
0"
1#
0%
0&
1'
#56250000000
1!
1"
0#
1%
1&
0'
b100 )
b11111101001100001100001000011001 .
#56300000000
0!
0"
1#
0%
0&
1'
#56350000000
1!
1"
0#
1%
1&
0'
b11 )
b10010011001000001110001000101100 .
#56400000000
0!
0"
1#
0%
0&
1'
#56450000000
1!
1"
0#
1%
1&
0'
b10 )
b01001001100100000111000100010110 .
#56500000000
0!
0"
1#
0%
0&
1'
#56550000000
1!
1"
0#
1%
1&
0'
b1 )
b00100100110010000011100010001011 .
#56600000000
0!
0"
1#
0%
0&
1'
#56650000000
1!
1"
0#
1%
1&
0'
b0 )
b11111111110111001001111101100101 .
#56700000000
0!
0"
1#
0%
0&
1'
#56750000000
1!
1"
0#
1%
1&
0'
b111 )
b100101 *
b10010010010101101100110010010010 .
#56800000000
0!
0"
1#
0%
0&
1'
#56850000000
1!
1"
0#
1%
1&
0'
b110 )
b01001001001010110110011001001001 .
#56900000000
0!
0"
1#
0%
0&
1'
#56950000000
1!
1"
0#
1%
1&
0'
b101 )
b11001001001011010011000000000100 .
#57000000000
0!
0"
1#
0%
0&
1'
#57050000000
1!
1"
0#
1%
1&
0'
b100 )
b01100100100101101001100000000010 .
#57100000000
0!
0"
1#
0%
0&
1'
#57150000000
1!
1"
0#
1%
1&
0'
b11 )
b00110010010010110100110000000001 .
#57200000000
0!
0"
1#
0%
0&
1'
#57250000000
1!
1"
0#
1%
1&
0'
b10 )
b11110100100111010010010100100000 .
#57300000000
0!
0"
1#
0%
0&
1'
#57350000000
1!
1"
0#
1%
1&
0'
b1 )
b01111010010011101001001010010000 .
#57400000000
0!
0"
1#
0%
0&
1'
#57450000000
1!
1"
0#
1%
1&
0'
b0 )
b00111101001001110100100101001000 .
#57500000000
0!
0"
1#
0%
0&
1'
#57550000000
1!
1"
0#
1%
1&
0'
b111 )
b100110 *
b00011110100100111010010010100100 .
#57600000000
0!
0"
1#
0%
0&
1'
#57650000000
1!
1"
0#
1%
1&
0'
b110 )
b00001111010010011101001001010010 .
#57700000000
0!
0"
1#
0%
0&
1'
#57750000000
1!
1"
0#
1%
1&
0'
b101 )
b00000111101001001110100100101001 .
#57800000000
0!
0"
1#
0%
0&
1'
#57850000000
1!
1"
0#
1%
1&
0'
b100 )
b11101110011010101111011110110100 .
#57900000000
0!
0"
1#
0%
0&
1'
#57950000000
1!
1"
0#
1%
1&
0'
b11 )
b01110111001101010111101111011010 .
#58000000000
0!
0"
1#
0%
0&
1'
#58050000000
1!
1"
0#
1%
1&
0'
b10 )
b00111011100110101011110111101101 .
#58100000000
0!
0"
1#
0%
0&
1'
#58150000000
1!
1"
0#
1%
1&
0'
b1 )
b11110000011101011101110111010110 .
#58200000000
0!
0"
1#
0%
0&
1'
#58250000000
1!
1"
0#
1%
1&
0'
b0 )
b01111000001110101110111011101011 .
#58300000000
0!
0"
1#
0%
0&
1'
#58350000000
1!
1"
0#
1%
1&
0'
b111 )
b100111 *
b11010001101001011111010001010101 .
#58400000000
0!
0"
1#
0%
0&
1'
#58450000000
1!
1"
0#
1%
1&
0'
b110 )
b10000101011010100111100100001010 .
#58500000000
0!
0"
1#
0%
0&
1'
#58550000000
1!
1"
0#
1%
1&
0'
b101 )
b01000010101101010011110010000101 .
#58600000000
0!
0"
1#
0%
0&
1'
#58650000000
1!
1"
0#
1%
1&
0'
b100 )
b11001100111000100001110101100010 .
#58700000000
0!
0"
1#
0%
0&
1'
#58750000000
1!
1"
0#
1%
1&
0'
b11 )
b01100110011100010000111010110001 .
#58800000000
0!
0"
1#
0%
0&
1'
#58850000000
1!
1"
0#
1%
1&
0'
b10 )
b11011110100000000000010001111000 .
#58900000000
0!
0"
1#
0%
0&
1'
#58950000000
1!
1"
0#
1%
1&
0'
b1 )
b01101111010000000000001000111100 .
#59000000000
0!
0"
1#
0%
0&
1'
#59050000000
1!
1"
0#
1%
1&
0'
b0 )
b00110111101000000000000100011110 .
#59100000000
0!
0"
1#
0%
0&
1'
#59150000000
1!
1"
0#
1%
1&
0'
b111 )
b101000 *
b00011011110100000000000010001111 .
#59200000000
0!
0"
1#
0%
0&
1'
#59250000000
1!
1"
0#
1%
1&
0'
b110 )
b11100000010100001000001101100111 .
#59300000000
0!
0"
1#
0%
0&
1'
#59350000000
1!
1"
0#
1%
1&
0'
b101 )
b10011101100100001100001010010011 .
#59400000000
0!
0"
1#
0%
0&
1'
#59450000000
1!
1"
0#
1%
1&
0'
b100 )
b10100011011100001110001001101001 .
#59500000000
0!
0"
1#
0%
0&
1'
#59550000000
1!
1"
0#
1%
1&
0'
b11 )
b10111100000000001111001000010100 .
#59600000000
0!
0"
1#
0%
0&
1'
#59650000000
1!
1"
0#
1%
1&
0'
b10 )
b01011110000000000111100100001010 .
#59700000000
0!
0"
1#
0%
0&
1'
#59750000000
1!
1"
0#
1%
1&
0'
b1 )
b00101111000000000011110010000101 .
#59800000000
0!
0"
1#
0%
0&
1'
#59850000000
1!
1"
0#
1%
1&
0'
b0 )
b11111010001110001001110101100010 .
#59900000000
0!
0"
1#
0%
0&
1'
#59950000000
1!
1"
0#
1%
1&
0'
b111 )
b101001 *
b01111101000111000100111010110001 .
#60000000000
0!
0"
1#
0%
0&
1'
#60050000000
1!
1"
0#
1%
1&
0'
b110 )
b11010011001101101010010001111000 .
#60100000000
0!
0"
1#
0%
0&
1'
#60150000000
1!
1"
0#
1%
1&
0'
b101 )
b01101001100110110101001000111100 .
#60200000000
0!
0"
1#
0%
0&
1'
#60250000000
1!
1"
0#
1%
1&
0'
b100 )
b00110100110011011010100100011110 .
#60300000000
0!
0"
1#
0%
0&
1'
#60350000000
1!
1"
0#
1%
1&
0'
b11 )
b00011010011001101101010010001111 .
#60400000000
0!
0"
1#
0%
0&
1'
#60450000000
1!
1"
0#
1%
1&
0'
b10 )
b11100000100010111110100101100111 .
#60500000000
0!
0"
1#
0%
0&
1'
#60550000000
1!
1"
0#
1%
1&
0'
b1 )
b10011101111111010111011110010011 .
#60600000000
0!
0"
1#
0%
0&
1'
#60650000000
1!
1"
0#
1%
1&
0'
b0 )
b10100011010001100011100011101001 .
#60700000000
0!
0"
1#
0%
0&
1'
#60750000000
1!
1"
0#
1%
1&
0'
b111 )
b101010 *
b10111100000110111001111101010100 .
#60800000000
0!
0"
1#
0%
0&
1'
#60850000000
1!
1"
0#
1%
1&
0'
b110 )
b01011110000011011100111110101010 .
#60900000000
0!
0"
1#
0%
0&
1'
#60950000000
1!
1"
0#
1%
1&
0'
b101 )
b00101111000001101110011111010101 .
#61000000000
0!
0"
1#
0%
0&
1'
#61050000000
1!
1"
0#
1%
1&
0'
b100 )
b11111010001110111111000011001010 .
#61100000000
0!
0"
1#
0%
0&
1'
#61150000000
1!
1"
0#
1%
1&
0'
b11 )
b01111101000111011111100001100101 .
#61200000000
0!
0"
1#
0%
0&
1'
#61250000000
1!
1"
0#
1%
1&
0'
b10 )
b11010011001101100111111100010010 .
#61300000000
0!
0"
1#
0%
0&
1'
#61350000000
1!
1"
0#
1%
1&
0'
b1 )
b01101001100110110011111110001001 .
#61400000000
0!
0"
1#
0%
0&
1'
#61450000000
1!
1"
0#
1%
1&
0'
b0 )
b11011001011101010001110011100100 .
#61500000000
0!
0"
1#
0%
0&
1'
#61550000000
1!
1"
0#
1%
1&
0'
b111 )
b101011 *
b01101100101110101000111001110010 .
#61600000000
0!
0"
1#
0%
0&
1'
#61650000000
1!
1"
0#
1%
1&
0'
b110 )
b00110110010111010100011100111001 .
#61700000000
0!
0"
1#
0%
0&
1'
#61750000000
1!
1"
0#
1%
1&
0'
b101 )
b11110110100101100010000010111100 .
#61800000000
0!
0"
1#
0%
0&
1'
#61850000000
1!
1"
0#
1%
1&
0'
b100 )
b01111011010010110001000001011110 .
#61900000000
0!
0"
1#
0%
0&
1'
#61950000000
1!
1"
0#
1%
1&
0'
b11 )
b00111101101001011000100000101111 .
#62000000000
0!
0"
1#
0%
0&
1'
#62050000000
1!
1"
0#
1%
1&
0'
b10 )
b11110011011010100100011100110111 .
#62100000000
0!
0"
1#
0%
0&
1'
#62150000000
1!
1"
0#
1%
1&
0'
b1 )
b10010100000011011010000010111011 .
#62200000000
0!
0"
1#
0%
0&
1'
#62250000000
1!
1"
0#
1%
1&
0'
b0 )
b10100111101111100101001101111101 .
#62300000000
0!
0"
1#
0%
0&
1'
#62350000000
1!
1"
0#
1%
1&
0'
b111 )
b101100 *
b10111110011001111010101010011110 .
#62400000000
0!
0"
1#
0%
0&
1'
#62450000000
1!
1"
0#
1%
1&
0'
b110 )
b01011111001100111101010101001111 .
#62500000000
0!
0"
1#
0%
0&
1'
#62550000000
1!
1"
0#
1%
1&
0'
b101 )
b11000010001000010110100110000111 .
#62600000000
0!
0"
1#
0%
0&
1'
#62650000000
1!
1"
0#
1%
1&
0'
b100 )
b10001100101010000011011111100011 .
#62700000000
0!
0"
1#
0%
0&
1'
#62750000000
1!
1"
0#
1%
1&
0'
b11 )
b10101011111011001001100011010001 .
#62800000000
0!
0"
1#
0%
0&
1'
#62850000000
1!
1"
0#
1%
1&
0'
b10 )
b10111000010011101100111101001000 .
#62900000000
0!
0"
1#
0%
0&
1'
#62950000000
1!
1"
0#
1%
1&
0'
b1 )
b01011100001001110110011110100100 .
#63000000000
0!
0"
1#
0%
0&
1'
#63050000000
1!
1"
0#
1%
1&
0'
b0 )
b00101110000100111011001111010010 .
#63100000000
0!
0"
1#
0%
0&
1'
#63150000000
1!
1"
0#
1%
1&
0'
b111 )
b101101 *
b00010111000010011101100111101001 .
#63200000000
0!
0"
1#
0%
0&
1'
#63250000000
1!
1"
0#
1%
1&
0'
b110 )
b11100110001111000110111111010100 .
#63300000000
0!
0"
1#
0%
0&
1'
#63350000000
1!
1"
0#
1%
1&
0'
b101 )
b01110011000111100011011111101010 .
#63400000000
0!
0"
1#
0%
0&
1'
#63450000000
1!
1"
0#
1%
1&
0'
b100 )
b00111001100011110001101111110101 .
#63500000000
0!
0"
1#
0%
0&
1'
#63550000000
1!
1"
0#
1%
1&
0'
b11 )
b11110001011111110000111011011010 .
#63600000000
0!
0"
1#
0%
0&
1'
#63650000000
1!
1"
0#
1%
1&
0'
b10 )
b01111000101111111000011101101101 .
#63700000000
0!
0"
1#
0%
0&
1'
#63750000000
1!
1"
0#
1%
1&
0'
b1 )
b11010001111001110100000010010110 .
#63800000000
0!
0"
1#
0%
0&
1'
#63850000000
1!
1"
0#
1%
1&
0'
b0 )
b01101000111100111010000001001011 .
#63900000000
0!
0"
1#
0%
0&
1'
#63950000000
1!
1"
0#
1%
1&
0'
b111 )
b0 *
b11011001110000010101001100000101 .
#64000000000
0!
0"
1#
0%
0&
1'
#64050000000
1!
1"
0#
1%
1&
0'
b1 ,
#64100000000
0!
0"
1#
0%
0&
1'
#64150000000
1!
1"
0#
1%
1&
0'
b10 ,
1-
#64200000000
0!
0"
0%
0&
#64250000000
1!
1"
1#
1%
1&
1'
b11 ,
0-
#64300000000
0!
0"
0%
0&
#64350000000
1!
1"
0#
1%
1&
0'
b100 ,
1-
#64400000000
0!
0"
0%
0&
#64450000000
1!
1"
1#
1%
1&
1'
b101 ,
#64500000000
0!
0"
0#
0%
0&
0'
#64550000000
1!
1"
1#
1%
1&
1'
b110 ,
#64600000000
0!
0"
0#
0%
0&
0'
#64650000000
1!
1"
1#
1%
1&
1'
b111 ,
#64700000000
0!
0"
0#
0%
0&
0'
#64750000000
1!
1"
1#
1%
1&
1'
b1000 ,
#64800000000
0!
0"
0#
0%
0&
0'
#64850000000
1!
1"
1#
1%
1&
1'
b1001 ,
0-
#64900000000
0!
0"
0%
0&
#64950000000
1!
1"
0#
1%
1&
0'
b1010 ,
#65000000000
0!
0"
1#
0%
0&
1'
#65050000000
1!
1"
0#
1%
1&
0'
b1011 ,
1-
#65100000000
0!
0"
0%
0&
#65150000000
1!
1"
1#
1%
1&
1'
b1100 ,
#65200000000
0!
0"
0#
0%
0&
0'
#65250000000
1!
1"
1#
1%
1&
1'
b1101 ,
0-
#65300000000
0!
0"
0%
0&
#65350000000
1!
1"
0#
1%
1&
0'
b1110 ,
1-
#65400000000
0!
0"
0%
0&
#65450000000
1!
1"
1#
1%
1&
1'
b1111 ,
0-
#65500000000
0!
0"
0%
0&
#65550000000
1!
1"
0#
1%
1&
0'
b10000 ,
1-
#65600000000
0!
0"
0%
0&
#65650000000
1!
1"
1#
1%
1&
1'
b10001 ,
0-
#65700000000
0!
0"
0%
0&
#65750000000
1!
1"
0#
1%
1&
0'
b10010 ,
1-
#65800000000
0!
0"
0%
0&
#65850000000
1!
1"
1#
1%
1&
1'
b10011 ,
#65900000000
0!
0"
0#
0%
0&
0'
#65950000000
1!
1"
1#
1%
1&
1'
b10100 ,
#66000000000
0!
0"
0#
0%
0&
0'
#66050000000
1!
1"
1#
1%
1&
1'
b10101 ,
#66100000000
0!
0"
0#
0%
0&
0'
#66150000000
1!
1"
1#
1%
1&
1'
b10110 ,
#66200000000
0!
0"
0#
0%
0&
0'
#66250000000
1!
1"
1#
1%
1&
1'
b10111 ,
0-
#66300000000
0!
0"
0%
0&
#66350000000
1!
1"
0#
1%
1&
0'
b11000 ,
#66400000000
0!
0"
1#
0%
0&
1'
#66450000000
1!
1"
0#
1%
1&
0'
b11001 ,
#66500000000
0!
0"
1#
0%
0&
1'
#66550000000
1!
1"
0#
1%
1&
0'
b11010 ,
1-
#66600000000
0!
0"
0%
0&
#66650000000
1!
1"
1#
1%
1&
1'
b11011 ,
#66700000000
0!
0"
0#
0%
0&
0'
#66750000000
1!
1"
1#
1%
1&
1'
b11100 ,
0-
#66800000000
0!
0"
0%
0&
#66850000000
1!
1"
0#
1%
1&
0'
b11101 ,
#66900000000
0!
0"
1#
0%
0&
1'
#66950000000
1!
1"
0#
1%
1&
0'
b11110 ,
1-
#67000000000
0!
0"
0%
0&
#67050000000
1!
1"
1#
1%
1&
1'
b11111 ,
0-
#67100000000
0!
0"
0%
0&
#67150000000
1!
1"
0#
0$
1%
1&
0'
0(
b0 ,
#67200000000
0!
0"
0%
0&
#67250000000
1!
1"
1%
1&
b1 +
#67300000000
0!
0"
0%
0&
#67350000000
1!
1"
1%
1&
b10 +
#67400000000
0!
0"
0%
0&
#67450000000
1!
1"
1%
1&
b11 +
#67500000000
0!
0"
0%
0&
#67550000000
1!
1"
1%
1&
b100 +
#67600000000
0!
0"
0%
0&
#67650000000
1!
1"
1%
1&
b101 +
#67700000000
0!
0"
0%
0&
#67750000000
1!
1"
1%
1&
b110 +
#67800000000
0!
0"
0%
0&
#67850000000
1!
1"
1%
1&
b111 +
#67900000000
0!
0"
0%
0&
#67950000000
1!
1"
1%
1&
b1000 +
#68000000000
0!
0"
0%
0&
#68050000000
1!
1"
1%
1&
b1001 +
#68100000000
0!
0"
0%
0&
#68150000000
1!
1"
1%
1&
b1010 +
#68200000000
0!
0"
0%
0&
#68250000000
1!
1"
1%
1&
b1011 +
#68300000000
0!
0"
0%
0&
#68350000000
1!
1"
1%
1&
b1100 +
#68400000000
0!
0"
0%
0&
#68450000000
1!
1"
1%
1&
b1101 +
#68500000000
0!
0"
0%
0&
#68550000000
1!
1"
1%
1&
b1110 +
#68600000000
0!
0"
0%
0&
#68650000000
1!
1"
1%
1&
b1111 +
#68700000000
0!
0"
0%
0&
#68750000000
1!
1"
1%
1&
b10000 +
#68800000000
0!
0"
0%
0&
#68850000000
1!
1"
1%
1&
b10001 +
#68900000000
0!
0"
0%
0&
#68950000000
1!
1"
1%
1&
b10010 +
#69000000000
0!
0"
0%
0&
#69050000000
1!
1"
1%
1&
b10011 +
#69100000000
0!
0"
0%
0&
#69150000000
1!
1"
1%
1&
b10100 +
#69200000000
0!
0"
0%
0&
#69250000000
1!
1"
1%
1&
b10101 +
#69300000000
0!
0"
0%
0&
#69350000000
1!
1"
1%
1&
b10110 +
#69400000000
0!
0"
0%
0&
#69450000000
1!
1"
1%
1&
b10111 +
#69500000000
0!
0"
0%
0&
#69550000000
1!
1"
1%
1&
b11000 +
#69600000000
0!
0"
0%
0&
#69650000000
1!
1"
1%
1&
b11001 +
#69700000000
0!
0"
0%
0&
#69750000000
1!
1"
1%
1&
b11010 +
#69800000000
0!
0"
0%
0&
#69850000000
1!
1"
1%
1&
b11011 +
#69900000000
0!
0"
0%
0&
#69950000000
1!
1"
1%
1&
b11100 +
#70000000000
0!
0"
0%
0&
#70050000000
1!
1"
1%
1&
b11101 +
#70100000000
0!
0"
0%
0&
#70150000000
1!
1"
1%
1&
b11110 +
#70200000000
0!
0"
0%
0&
#70250000000
1!
1"
1%
1&
b11111 +
#70300000000
0!
0"
0%
0&
#70350000000
1!
1"
1%
1&
b100000 +
#70400000000
0!
0"
0%
0&
#70450000000
1!
1"
1%
1&
b100001 +
#70500000000
0!
0"
0%
0&
#70550000000
1!
1"
1%
1&
b100010 +
#70600000000
0!
0"
0%
0&
#70650000000
1!
1"
1%
1&
b100011 +
#70700000000
0!
0"
0%
0&
#70750000000
1!
1"
1%
1&
b100100 +
#70800000000
0!
0"
0%
0&
#70850000000
1!
1"
1%
1&
b100101 +
#70900000000
0!
0"
0%
0&
#70950000000
1!
1"
1%
1&
b100110 +
#71000000000
0!
0"
0%
0&
#71050000000
1!
1"
1%
1&
b100111 +
#71100000000
0!
0"
0%
0&
#71150000000
1!
1"
1%
1&
b101000 +
#71200000000
0!
0"
0%
0&
#71250000000
1!
1"
1%
1&
b101001 +
#71300000000
0!
0"
0%
0&
#71350000000
1!
1"
1%
1&
b101010 +
#71400000000
0!
0"
0%
0&
#71450000000
1!
1"
1%
1&
b101011 +
#71500000000
0!
0"
0%
0&
#71550000000
1!
1"
1%
1&
b101100 +
#71600000000
0!
0"
0%
0&
#71650000000
1!
1"
1%
1&
b101101 +
#71700000000
0!
0"
0%
0&
#71750000000
1!
1"
1%
1&
b101110 +
#71800000000
0!
0"
0%
0&
#71850000000
1!
1"
1%
1&
b101111 +
#71900000000
0!
0"
0%
0&
#71950000000
1!
1"
1%
1&
b110000 +
#72000000000
0!
0"
0%
0&
#72050000000
1!
1"
1%
1&
b110001 +
#72100000000
0!
0"
0%
0&
#72150000000
1!
1"
1%
1&
b110010 +
#72200000000
0!
0"
0%
0&
#72250000000
1!
1"
1%
1&
b110011 +
#72300000000
0!
0"
0%
0&
#72350000000
1!
1"
1%
1&
b110100 +
#72400000000
0!
0"
0%
0&
#72450000000
1!
1"
1%
1&
b110101 +
#72500000000
0!
0"
0%
0&
#72550000000
1!
1"
1%
1&
b110110 +
#72600000000
0!
0"
0%
0&
#72650000000
1!
1"
1%
1&
b110111 +
#72700000000
0!
0"
0%
0&
#72750000000
1!
1"
1%
1&
b111000 +
#72800000000
0!
0"
0%
0&
#72850000000
1!
1"
1%
1&
b111001 +
#72900000000
0!
0"
0%
0&
#72950000000
1!
1"
1%
1&
b111010 +
#73000000000
0!
0"
0%
0&
#73050000000
1!
1"
1%
1&
b111011 +
#73100000000
0!
0"
0%
0&
#73150000000
1!
1"
1%
1&
b111100 +
#73200000000
0!
0"
0%
0&
#73250000000
1!
1"
1%
1&
b111101 +
#73300000000
0!
0"
0%
0&
#73350000000
1!
1"
1%
1&
b111110 +
#73400000000
0!
0"
0%
0&
#73450000000
1!
1"
1%
1&
b111111 +
#73500000000
0!
0"
0%
0&
#73550000000
1!
1"
1%
1&
b1000000 +
#73600000000
0!
0"
0%
0&
#73650000000
1!
1"
1%
1&
b1000001 +
#73700000000
0!
0"
0%
0&
#73750000000
1!
1"
1%
1&
b1000010 +
#73800000000
0!
0"
0%
0&
#73850000000
1!
1"
1%
1&
b1000011 +
#73900000000
0!
0"
0%
0&
#73950000000
1!
1"
1%
1&
b1000100 +
#74000000000
0!
0"
0%
0&
#74050000000
1!
1"
1%
1&
b1000101 +
#74100000000
0!
0"
0%
0&
#74150000000
1!
1"
1%
1&
b1000110 +
#74200000000
0!
0"
0%
0&
#74250000000
1!
1"
1%
1&
b1000111 +
#74300000000
0!
0"
0%
0&
#74350000000
1!
1"
1%
1&
b1001000 +
#74400000000
0!
0"
0%
0&
#74450000000
1!
1"
1%
1&
b1001001 +
#74500000000
0!
0"
0%
0&
#74550000000
1!
1"
1%
1&
b1001010 +
#74600000000
0!
0"
0%
0&
#74650000000
1!
1"
1%
1&
b1001011 +
#74700000000
0!
0"
0%
0&
#74750000000
1!
1"
1%
1&
b1001100 +
#74800000000
0!
0"
0%
0&
#74850000000
1!
1"
1%
1&
b1001101 +
#74900000000
0!
0"
0%
0&
#74950000000
1!
1"
1%
1&
b1001110 +
#75000000000
0!
0"
0%
0&
#75050000000
1!
1"
1%
1&
b1001111 +
#75100000000
0!
0"
0%
0&
#75150000000
1!
1"
1%
1&
b1010000 +
#75200000000
0!
0"
0%
0&
#75250000000
1!
1"
1%
1&
b1010001 +
#75300000000
0!
0"
0%
0&
#75350000000
1!
1"
1%
1&
b1010010 +
#75400000000
0!
0"
0%
0&
#75450000000
1!
1"
1%
1&
b1010011 +
#75500000000
0!
0"
0%
0&
#75550000000
1!
1"
1%
1&
b1010100 +
#75600000000
0!
0"
0%
0&
#75650000000
1!
1"
1%
1&
b1010101 +
#75700000000
0!
0"
0%
0&
#75750000000
1!
1"
1%
1&
b1010110 +
#75800000000
0!
0"
0%
0&
#75850000000
1!
1"
1%
1&
b1010111 +
#75900000000
0!
0"
0%
0&
#75950000000
1!
1"
1%
1&
b1011000 +
#76000000000
0!
0"
0%
0&
#76050000000
1!
1"
1%
1&
b1011001 +
#76100000000
0!
0"
0%
0&
#76150000000
1!
1"
1%
1&
b1011010 +
#76200000000
0!
0"
0%
0&
#76250000000
1!
1"
1%
1&
b1011011 +
#76300000000
0!
0"
0%
0&
#76350000000
1!
1"
1%
1&
b1011100 +
#76400000000
0!
0"
0%
0&
#76450000000
1!
1"
1%
1&
b1011101 +
#76500000000
0!
0"
0%
0&
#76550000000
1!
1"
1%
1&
b1011110 +
#76600000000
0!
0"
0%
0&
#76650000000
1!
1"
1%
1&
b1011111 +
#76700000000
0!
0"
0%
0&
#76750000000
1!
1"
1$
1%
1&
1(
b0 +
#76800000000
0!
0"
1#
0%
0&
1'
#76850000000
1!
1"
0#
1%
1&
0'
b110 )
1-
#76900000000
0!
0"
0%
0&
#76950000000
1!
1"
1#
1%
1&
1'
b101 )
0-
#77000000000
0!
0"
0%
0&
#77050000000
1!
1"
0#
1%
1&
0'
b100 )
1-
#77100000000
0!
0"
0%
0&
#77150000000
1!
1"
1#
1%
1&
1'
b11 )
0-
#77200000000
0!
0"
0%
0&
#77250000000
1!
1"
0#
1%
1&
0'
b10 )
1-
#77300000000
0!
0"
0%
0&
#77350000000
1!
1"
1#
1%
1&
1'
b1 )
0-
#77400000000
0!
0"
0%
0&
#77450000000
1!
1"
0#
1%
1&
0'
b0 )
1-
#77500000000
0!
0"
0%
0&
#77550000000
1!
1"
1#
1%
1&
1'
b111 )
b1 *
0-
#77600000000
0!
0"
0%
0&
#77650000000
1!
1"
0#
1%
1&
0'
b110 )
1-
#77700000000
0!
0"
0%
0&
#77750000000
1!
1"
1#
1%
1&
1'
b101 )
0-
#77800000000
0!
0"
0%
0&
#77850000000
1!
1"
0#
1%
1&
0'
b100 )
1-
#77900000000
0!
0"
0%
0&
#77950000000
1!
1"
1#
1%
1&
1'
b11 )
0-
#78000000000
0!
0"
0%
0&
#78050000000
1!
1"
0#
1%
1&
0'
b10 )
1-
#78100000000
0!
0"
0%
0&
#78150000000
1!
1"
1#
1%
1&
1'
b1 )
0-
#78200000000
0!
0"
0%
0&
#78250000000
1!
1"
0#
1%
1&
0'
b0 )
1-
#78300000000
0!
0"
0%
0&
#78350000000
1!
1"
1#
1%
1&
1'
b111 )
b10 *
0-
#78400000000
0!
0"
0%
0&
#78450000000
1!
1"
0#
1%
1&
0'
b110 )
1-
#78500000000
0!
0"
0%
0&
#78550000000
1!
1"
1#
1%
1&
1'
b101 )
0-
#78600000000
0!
0"
0%
0&
#78650000000
1!
1"
0#
1%
1&
0'
b100 )
1-
#78700000000
0!
0"
0%
0&
#78750000000
1!
1"
1#
1%
1&
1'
b11 )
0-
#78800000000
0!
0"
0%
0&
#78850000000
1!
1"
0#
1%
1&
0'
b10 )
1-
#78900000000
0!
0"
0%
0&
#78950000000
1!
1"
1#
1%
1&
1'
b1 )
0-
#79000000000
0!
0"
0%
0&
#79050000000
1!
1"
0#
1%
1&
0'
b0 )
1-
#79100000000
0!
0"
0%
0&
#79150000000
1!
1"
1#
1%
1&
1'
b111 )
b11 *
0-
#79200000000
0!
0"
0%
0&
#79250000000
1!
1"
0#
1%
1&
0'
b110 )
1-
#79300000000
0!
0"
0%
0&
#79350000000
1!
1"
1#
1%
1&
1'
b101 )
0-
#79400000000
0!
0"
0%
0&
#79450000000
1!
1"
0#
1%
1&
0'
b100 )
1-
#79500000000
0!
0"
0%
0&
#79550000000
1!
1"
1#
1%
1&
1'
b11 )
0-
#79600000000
0!
0"
0%
0&
#79650000000
1!
1"
0#
1%
1&
0'
b10 )
1-
#79700000000
0!
0"
0%
0&
#79750000000
1!
1"
1#
1%
1&
1'
b1 )
0-
#79800000000
0!
0"
0%
0&
#79850000000
1!
1"
0#
1%
1&
0'
b0 )
1-
#79900000000
0!
0"
0%
0&
#79950000000
1!
1"
1#
1%
1&
1'
b111 )
b100 *
0-
#80000000000
0!
0"
0%
0&
#80050000000
1!
1"
0#
1%
1&
0'
b110 )
1-
#80100000000
0!
0"
0%
0&
#80150000000
1!
1"
1#
1%
1&
1'
b101 )
0-
#80200000000
0!
0"
0%
0&
#80250000000
1!
1"
0#
1%
1&
0'
b100 )
1-
#80300000000
0!
0"
0%
0&
#80350000000
1!
1"
1#
1%
1&
1'
b11 )
0-
#80400000000
0!
0"
0%
0&
#80450000000
1!
1"
0#
1%
1&
0'
b10 )
1-
#80500000000
0!
0"
0%
0&
#80550000000
1!
1"
1#
1%
1&
1'
b1 )
0-
#80600000000
0!
0"
0%
0&
#80650000000
1!
1"
0#
1%
1&
0'
b0 )
1-
#80700000000
0!
0"
0%
0&
#80750000000
1!
1"
1#
1%
1&
1'
b111 )
b101 *
0-
#80800000000
0!
0"
0%
0&
#80850000000
1!
1"
0#
1%
1&
0'
b110 )
1-
#80900000000
0!
0"
0%
0&
#80950000000
1!
1"
1#
1%
1&
1'
b101 )
0-
#81000000000
0!
0"
0%
0&
#81050000000
1!
1"
0#
1%
1&
0'
b100 )
1-
#81100000000
0!
0"
0%
0&
#81150000000
1!
1"
1#
1%
1&
1'
b11 )
0-
#81200000000
0!
0"
0%
0&
#81250000000
1!
1"
0#
1%
1&
0'
b10 )
1-
#81300000000
0!
0"
0%
0&
#81350000000
1!
1"
1#
1%
1&
1'
b1 )
0-
#81400000000
0!
0"
0%
0&
#81450000000
1!
1"
0#
1%
1&
0'
b0 )
1-
#81500000000
0!
0"
0%
0&
#81550000000
1!
1"
1#
1%
1&
1'
b111 )
b110 *
0-
#81600000000
0!
0"
0%
0&
#81650000000
1!
1"
0#
1%
1&
0'
b110 )
1-
#81700000000
0!
0"
0%
0&
#81750000000
1!
1"
1#
1%
1&
1'
b101 )
0-
#81800000000
0!
0"
0%
0&
#81850000000
1!
1"
0#
1%
1&
0'
b100 )
1-
#81900000000
0!
0"
0%
0&
#81950000000
1!
1"
1#
1%
1&
1'
b11 )
0-
#82000000000
0!
0"
0%
0&
#82050000000
1!
1"
0#
1%
1&
0'
b10 )
1-
#82100000000
0!
0"
0%
0&
#82150000000
1!
1"
1#
1%
1&
1'
b1 )
0-
#82200000000
0!
0"
0%
0&
#82250000000
1!
1"
0#
1%
1&
0'
b0 )
1-
#82300000000
0!
0"
0%
0&
#82350000000
1!
1"
1#
1%
1&
1'
b111 )
b0 *
0-
#82400000000
0!
0"
0%
0&
#82450000000
1!
1"
0#
1%
1&
0'
b110 )
1-
#82500000000
0!
0"
0%
0&
#82550000000
1!
1"
1#
1%
1&
1'
b101 )
0-
#82600000000
0!
0"
0%
0&
#82650000000
1!
1"
0#
1%
1&
0'
b100 )
1-
#82700000000
0!
0"
0%
0&
#82750000000
1!
1"
1#
1%
1&
1'
b11 )
0-
#82800000000
0!
0"
0%
0&
#82850000000
1!
1"
0#
1%
1&
0'
b10 )
1-
#82900000000
0!
0"
0%
0&
#82950000000
1!
1"
1#
1%
1&
1'
b1 )
0-
#83000000000
0!
0"
0%
0&
#83050000000
1!
1"
0#
1%
1&
0'
b0 )
1-
#83100000000
0!
0"
0%
0&
#83150000000
1!
1"
1#
1%
1&
1'
b111 )
b11111111111111111111111111111111 .
#83200000000
0!
0"
0#
0%
0&
0'
#83250000000
1!
1"
1#
1%
1&
1'
b110 )
b01111111111111111111111111111111 .
#83300000000
0!
0"
0#
0%
0&
0'
#83350000000
1!
1"
1#
1%
1&
1'
b101 )
b00111111111111111111111111111111 .
#83400000000
0!
0"
0#
0%
0&
0'
#83450000000
1!
1"
1#
1%
1&
1'
b100 )
b00011111111111111111111111111111 .
#83500000000
0!
0"
0#
0%
0&
0'
#83550000000
1!
1"
1#
1%
1&
1'
b11 )
b00001111111111111111111111111111 .
#83600000000
0!
0"
0#
0%
0&
0'
#83650000000
1!
1"
1#
1%
1&
1'
b10 )
b00000111111111111111111111111111 .
#83700000000
0!
0"
0#
0%
0&
0'
#83750000000
1!
1"
1#
1%
1&
1'
b1 )
b00000011111111111111111111111111 .
#83800000000
0!
0"
0#
0%
0&
0'
#83850000000
1!
1"
1#
1%
1&
1'
b0 )
b00000001111111111111111111111111 .
#83900000000
0!
0"
0#
0%
0&
0'
#83950000000
1!
1"
1#
1%
1&
1'
b111 )
b1 *
b00000000111111111111111111111111 .
#84000000000
0!
0"
0#
0%
0&
0'
#84050000000
1!
1"
1#
1%
1&
1'
b110 )
b00000000011111111111111111111111 .
#84100000000
0!
0"
0#
0%
0&
0'
#84150000000
1!
1"
1#
1%
1&
1'
b101 )
b00000000001111111111111111111111 .
#84200000000
0!
0"
0#
0%
0&
0'
#84250000000
1!
1"
1#
1%
1&
1'
b100 )
b00000000000111111111111111111111 .
#84300000000
0!
0"
0#
0%
0&
0'
#84350000000
1!
1"
1#
1%
1&
1'
b11 )
b00000000000011111111111111111111 .
#84400000000
0!
0"
0#
0%
0&
0'
#84450000000
1!
1"
1#
1%
1&
1'
b10 )
b00000000000001111111111111111111 .
#84500000000
0!
0"
0#
0%
0&
0'
#84550000000
1!
1"
1#
1%
1&
1'
b1 )
b00000000000000111111111111111111 .
#84600000000
0!
0"
0#
0%
0&
0'
#84650000000
1!
1"
1#
1%
1&
1'
b0 )
b00000000000000011111111111111111 .
#84700000000
0!
0"
0#
0%
0&
0'
#84750000000
1!
1"
1#
1%
1&
1'
b111 )
b10 *
b00000000000000001111111111111111 .
#84800000000
0!
0"
0#
0%
0&
0'
#84850000000
1!
1"
1#
1%
1&
1'
b110 )
b00000000000000000111111111111111 .
#84900000000
0!
0"
0#
0%
0&
0'
#84950000000
1!
1"
1#
1%
1&
1'
b101 )
b00000000000000000011111111111111 .
#85000000000
0!
0"
0#
0%
0&
0'
#85050000000
1!
1"
1#
1%
1&
1'
b100 )
b00000000000000000001111111111111 .
#85100000000
0!
0"
0#
0%
0&
0'
#85150000000
1!
1"
1#
1%
1&
1'
b11 )
b00000000000000000000111111111111 .
#85200000000
0!
0"
0#
0%
0&
0'
#85250000000
1!
1"
1#
1%
1&
1'
b10 )
b00000000000000000000011111111111 .
#85300000000
0!
0"
0#
0%
0&
0'
#85350000000
1!
1"
1#
1%
1&
1'
b1 )
b00000000000000000000001111111111 .
#85400000000
0!
0"
0#
0%
0&
0'
#85450000000
1!
1"
1#
1%
1&
1'
b0 )
b00000000000000000000000111111111 .
#85500000000
0!
0"
0#
0%
0&
0'
#85550000000
1!
1"
1#
1%
1&
1'
b111 )
b11 *
b00000000000000000000000011111111 .
#85600000000
0!
0"
0#
0%
0&
0'
#85650000000
1!
1"
1#
1%
1&
1'
b110 )
b00000000000000000000000001111111 .
#85700000000
0!
0"
0#
0%
0&
0'
#85750000000
1!
1"
1#
1%
1&
1'
b101 )
b00000000000000000000000000111111 .
#85800000000
0!
0"
0#
0%
0&
0'
#85850000000
1!
1"
1#
1%
1&
1'
b100 )
b00000000000000000000000000011111 .
#85900000000
0!
0"
0#
0%
0&
0'
#85950000000
1!
1"
1#
1%
1&
1'
b11 )
b00000000000000000000000000001111 .
#86000000000
0!
0"
0#
0%
0&
0'
#86050000000
1!
1"
1#
1%
1&
1'
b10 )
b00000000000000000000000000000111 .
#86100000000
0!
0"
0#
0%
0&
0'
#86150000000
1!
1"
1#
1%
1&
1'
b1 )
b00000000000000000000000000000011 .
#86200000000
0!
0"
0#
0%
0&
0'
#86250000000
1!
1"
1#
1%
1&
1'
b0 )
b00000000000000000000000000000001 .
#86300000000
0!
0"
0#
0%
0&
0'
#86350000000
1!
1"
1#
1%
1&
1'
b111 )
b100 *
b00000000000000000000000000000000 .
#86400000000
0!
0"
0#
0%
0&
0'
#86450000000
1!
1"
1#
1%
1&
1'
b110 )
b11101101101110001000001100100000 .
#86500000000
0!
0"
0#
0%
0&
0'
#86550000000
1!
1"
1#
1%
1&
1'
b101 )
b10011011011001001100001010110000 .
#86600000000
0!
0"
0#
0%
0&
0'
#86650000000
1!
1"
1#
1%
1&
1'
b100 )
b10100000000010101110001001111000 .
#86700000000
0!
0"
0#
0%
0&
0'
#86750000000
1!
1"
1#
1%
1&
1'
b11 )
b10111101101111011111001000011100 .
#86800000000
0!
0"
0#
0%
0&
0'
#86850000000
1!
1"
1#
1%
1&
1'
b10 )
b10110011011001100111101000101110 .
#86900000000
0!
0"
0#
0%
0&
0'
#86950000000
1!
1"
1#
1%
1&
1'
b1 )
b10110100000010111011111000110111 .
#87000000000
0!
0"
0#
0%
0&
0'
#87050000000
1!
1"
1#
1%
1&
1'
b0 )
b01011010000001011101111100011011 .
#87100000000
0!
0"
0#
0%
0&
0'
#87150000000
1!
1"
1#
1%
1&
1'
b111 )
b101 *
b00101101000000101110111110001101 .
#87200000000
0!
0"
0#
0%
0&
0'
#87250000000
1!
1"
1#
1%
1&
1'
b110 )
b00010110100000010111011111000110 .
#87300000000
0!
0"
0#
0%
0&
0'
#87350000000
1!
1"
1#
1%
1&
1'
b101 )
b11100110111110000011100011000011 .
#87400000000
0!
0"
0#
0%
0&
0'
#87450000000
1!
1"
1#
1%
1&
1'
b100 )
b01110011011111000001110001100001 .
#87500000000
0!
0"
0#
0%
0&
0'
#87550000000
1!
1"
1#
1%
1&
1'
b11 )
b00111001101111100000111000110000 .
#87600000000
0!
0"
0#
0%
0&
0'
#87650000000
1!
1"
1#
1%
1&
1'
b10 )
b11110001011001111000010000111000 .
#87700000000
0!
0"
0#
0%
0&
0'
#87750000000
1!
1"
1#
1%
1&
1'
b1 )
b10010101000010110100000100111100 .
#87800000000
0!
0"
0#
0%
0&
0'
#87850000000
1!
1"
1#
1%
1&
1'
b0 )
b10100111001111010010001110111110 .
#87900000000
0!
0"
0#
0%
0&
0'
#87950000000
1!
1"
1#
1%
1&
1'
b111 )
b0 *
b10111110001001100001001011111111 .
#88000000000
0!
0"
0#
0%
0&
0'
#88050000000
1!
1"
1#
1%
1&
1'
b110 )
0-
b10110010101010111000101001011111 .
#88100000000
0!
0"
0%
0&
#88150000000
1!
1"
0#
1%
1&
0'
b101 )
b10110100111011010100011000001111 .
#88200000000
0!
0"
1#
0%
0&
1'
#88250000000
1!
1"
0#
1%
1&
0'
b100 )
b10110111110011100010000000100111 .
#88300000000
0!
0"
1#
0%
0&
1'
#88350000000
1!
1"
0#
1%
1&
0'
b11 )
b10110110010111111001001100110011 .
#88400000000
0!
0"
1#
0%
0&
1'
#88450000000
1!
1"
0#
1%
1&
0'
b10 )
1-
b01011011001011111100100110011001 .
#88500000000
0!
0"
0%
0&
#88550000000
1!
1"
1#
1%
1&
1'
b1 )
0-
b11000000001011110110011111101100 .
#88600000000
0!
0"
0%
0&
#88650000000
1!
1"
0#
1%
1&
0'
b0 )
b01100000000101111011001111110110 .
#88700000000
0!
0"
1#
0%
0&
1'
#88750000000
1!
1"
0#
1%
1&
0'
b111 )
b1 *
b00110000000010111101100111111011 .
#88800000000
0!
0"
1#
0%
0&
1'
#88850000000
1!
1"
0#
1%
1&
0'
b110 )
b11110101101111010110111111011101 .
#88900000000
0!
0"
1#
0%
0&
1'
#88950000000
1!
1"
0#
1%
1&
0'
b101 )
1-
b01111010110111101011011111101110 .
#89000000000
0!
0"
0%
0&
#89050000000
1!
1"
1#
1%
1&
1'
b100 )
0-
b00111101011011110101101111110111 .
#89100000000
0!
0"
0%
0&
#89150000000
1!
1"
0#
1%
1&
0'
b11 )
b11110011000011110010111011011011 .
#89200000000
0!
0"
1#
0%
0&
1'
#89250000000
1!
1"
0#
1%
1&
0'
b10 )
b10010100001111110001010001001101 .
#89300000000
0!
0"
1#
0%
0&
1'
#89350000000
1!
1"
0#
1%
1&
0'
b1 )
b10100111101001110000100100000110 .
#89400000000
0!
0"
1#
0%
0&
1'
#89450000000
1!
1"
0#
1%
1&
0'
b0 )
b01010011110100111000010010000011 .
#89500000000
0!
0"
1#
0%
0&
1'
#89550000000
1!
1"
0#
1%
1&
0'
b111 )
b10 *
1-
b00101001111010011100001001000001 .
#89600000000
0!
0"
0%
0&
#89650000000
1!
1"
1#
1%
1&
1'
b110 )
0-
b11111001010011000110001000000000 .
#89700000000
0!
0"
0%
0&
#89750000000
1!
1"
0#
1%
1&
0'
b101 )
1-
b10010001000111101011001000100000 .
#89800000000
0!
0"
0%
0&
#89850000000
1!
1"
1#
1%
1&
1'
b100 )
b10100101001101111101101000110000 .
#89900000000
0!
0"
0#
0%
0&
0'
#89950000000
1!
1"
1#
1%
1&
1'
b11 )
0-
b01010010100110111110110100011000 .
#90000000000
0!
0"
0%
0&
#90050000000
1!
1"
0#
1%
1&
0'
b10 )
b00101001010011011111011010001100 .
#90100000000
0!
0"
1#
0%
0&
1'
#90150000000
1!
1"
0#
1%
1&
0'
b1 )
b00010100101001101111101101000110 .
#90200000000
0!
0"
1#
0%
0&
1'
#90250000000
1!
1"
0#
1%
1&
0'
b0 )
b00001010010100110111110110100011 .
#90300000000
0!
0"
1#
0%
0&
1'
#90350000000
1!
1"
0#
1%
1&
0'
b111 )
b11 *
1-
b00000101001010011011111011010001 .
#90400000000
0!
0"
0%
0&
#90450000000
1!
1"
1#
1%
1&
1'
b110 )
0-
b11101111001011000101110001001000 .
#90500000000
0!
0"
0%
0&
#90550000000
1!
1"
0#
1%
1&
0'
b101 )
b01110111100101100010111000100100 .
#90600000000
0!
0"
1#
0%
0&
1'
#90650000000
1!
1"
0#
1%
1&
0'
b100 )
b00111011110010110001011100010010 .
#90700000000
0!
0"
1#
0%
0&
1'
#90750000000
1!
1"
0#
1%
1&
0'
b11 )
1-
b11110000010111010000100010101001 .
#90800000000
0!
0"
0%
0&
#90850000000
1!
1"
1#
1%
1&
1'
b10 )
b01111000001011101000010001010100 .
#90900000000
0!
0"
0#
0%
0&
0'
#90950000000
1!
1"
1#
1%
1&
1'
b1 )
0-
b00111100000101110100001000101010 .
#91000000000
0!
0"
0%
0&
#91050000000
1!
1"
0#
1%
1&
0'
b0 )
b00011110000010111010000100010101 .
#91100000000
0!
0"
1#
0%
0&
1'
#91150000000
1!
1"
0#
1%
1&
0'
b111 )
b100 *
b11100010101111010101001110101010 .
#91200000000
0!
0"
1#
0%
0&
1'
#91250000000
1!
1"
0#
1%
1&
0'
b110 )
b01110001010111101010100111010101 .
#91300000000
0!
0"
1#
0%
0&
1'
#91350000000
1!
1"
0#
1%
1&
0'
b101 )
1-
b00111000101011110101010011101010 .
#91400000000
0!
0"
0%
0&
#91450000000
1!
1"
1#
1%
1&
1'
b100 )
0-
b00011100010101111010101001110101 .
#91500000000
0!
0"
0%
0&
#91550000000
1!
1"
0#
1%
1&
0'
b11 )
1-
b00001110001010111101010100111010 .
#91600000000
0!
0"
0%
0&
#91650000000
1!
1"
1#
1%
1&
1'
b10 )
0-
b00000111000101011110101010011101 .
#91700000000
0!
0"
0%
0&
#91750000000
1!
1"
0#
1%
1&
0'
b1 )
1-
b00000011100010101111010101001110 .
#91800000000
0!
0"
0%
0&
#91850000000
1!
1"
1#
1%
1&
1'
b0 )
b11101100011111011111100110000111 .
#91900000000
0!
0"
0#
0%
0&
0'
#91950000000
1!
1"
1#
1%
1&
1'
b111 )
b101 *
b01110110001111101111110011000011 .
#92000000000
0!
0"
0#
0%
0&
0'
#92050000000
1!
1"
1#
1%
1&
1'
b110 )
0-
b11010110101001111111110101000001 .
#92100000000
0!
0"
0%
0&
#92150000000
1!
1"
0#
1%
1&
0'
b101 )
b10000110111010110111110110000000 .
#92200000000
0!
0"
1#
0%
0&
1'
#92250000000
1!
1"
0#
1%
1&
0'
b100 )
b01000011011101011011111011000000 .
#92300000000
0!
0"
1#
0%
0&
1'
#92350000000
1!
1"
0#
1%
1&
0'
b11 )
1-
b11001100000000100101110001000000 .
#92400000000
0!
0"
0%
0&
#92450000000
1!
1"
1#
1%
1&
1'
b10 )
0-
b01100110000000010010111000100000 .
#92500000000
0!
0"
0%
0&
#92550000000
1!
1"
0#
1%
1&
0'
b1 )
b00110011000000001001011100010000 .
#92600000000
0!
0"
1#
0%
0&
1'
#92650000000
1!
1"
0#
1%
1&
0'
b0 )
b00011001100000000100101110001000 .
#92700000000
0!
0"
1#
0%
0&
1'
#92750000000
1!
1"
0#
1%
1&
0'
b111 )
b0 *
b00001100110000000010010111000100 .
#92800000000
0!
0"
1#
0%
0&
1'
#92850000000
1!
1"
0#
1%
1&
0'
b110 )
b00000110011000000001001011100010 .
#92900000000
0!
0"
1#
0%
0&
1'
#92950000000
1!
1"
0#
1%
1&
0'
b101 )
b00000011001100000000100101110001 .
#93000000000
0!
0"
1#
0%
0&
1'
#93050000000
1!
1"
0#
1%
1&
0'
b100 )
b11101100001000001000011110011000 .
#93100000000
0!
0"
1#
0%
0&
1'
#93150000000
1!
1"
0#
1%
1&
0'
b11 )
1-
b10011011101010001100000011101100 .
#93200000000
0!
0"
0%
0&
#93250000000
1!
1"
1#
1%
1&
1'
b10 )
0-
b01001101110101000110000001110110 .
#93300000000
0!
0"
0%
0&
#93350000000
1!
1"
0#
1%
1&
0'
b1 )
b00100110111010100011000000111011 .
#93400000000
0!
0"
1#
0%
0&
1'
#93450000000
1!
1"
0#
1%
1&
0'
b0 )
b11111110110011011001101100111101 .
#93500000000
0!
0"
1#
0%
0&
1'
#93550000000
1!
1"
0#
1%
1&
0'
b111 )
b1 *
1-
b01111111011001101100110110011110 .
#93600000000
0!
0"
0%
0&
#93650000000
1!
1"
1#
1%
1&
1'
b110 )
b11010010000010111110010111101111 .
#93700000000
0!
0"
0#
0%
0&
0'
#93750000000
1!
1"
1#
1%
1&
1'
b101 )
0-
b10000100101111010111000111010111 .
#93800000000
0!
0"
0%
0&
#93850000000
1!
1"
0#
1%
1&
0'
b100 )
1-
b01000010010111101011100011101011 .
#93900000000
0!
0"
0%
0&
#93950000000
1!
1"
1#
1%
1&
1'
b11 )
0-
b11001100100101111101111101010101 .
#94000000000
0!
0"
0%
0&
#94050000000
1!
1"
0#
1%
1&
0'
b10 )
1-
b01100110010010111110111110101010 .
#94100000000
0!
0"
0%
0&
#94150000000
1!
1"
1#
1%
1&
1'
b1 )
b11011110100111010111010011110101 .
#94200000000
0!
0"
0#
0%
0&
0'
#94250000000
1!
1"
1#
1%
1&
1'
b0 )
0-
b10000010111101100011100101011010 .
#94300000000
0!
0"
0%
0&
#94350000000
1!
1"
0#
1%
1&
0'
b111 )
b0 *
1-
b10101100110000111001111110001101 .
#94400000000
0!
0"
0%
0&
#94450000000
1!
1"
1#
1%
1&
1'
b110 )
0-
b10111011110110010100110011100110 .
#94500000000
0!
0"
0%
0&
#94550000000
1!
1"
0#
1%
1&
0'
b101 )
b01011101111011001010011001110011 .
#94600000000
0!
0"
1#
0%
0&
1'
#94650000000
1!
1"
0#
1%
1&
0'
b100 )
b11000011010011101101000000011001 .
#94700000000
0!
0"
1#
0%
0&
1'
#94750000000
1!
1"
0#
1%
1&
0'
b11 )
b10001100000111111110101100101100 .
#94800000000
0!
0"
1#
0%
0&
1'
#94850000000
1!
1"
0#
1%
1&
0'
b10 )
b01000110000011111111010110010110 .
#94900000000
0!
0"
1#
0%
0&
1'
#94950000000
1!
1"
0#
1%
1&
0'
b1 )
b00100011000001111111101011001011 .
#95000000000
0!
0"
1#
0%
0&
1'
#95050000000
1!
1"
0#
1%
1&
0'
b0 )
b11111100001110110111111001000101 .
#95100000000
0!
0"
1#
0%
0&
1'
#95150000000
1!
1"
0#
1%
1&
0'
b111 )
b1 *
b10010011101001010011110000000010 .
#95200000000
0!
0"
1#
0%
0&
1'
#95250000000
1!
1"
0#
1%
1&
0'
b110 )
b01001001110100101001111000000001 .
#95300000000
0!
0"
1#
0%
0&
1'
#95350000000
1!
1"
0#
1%
1&
0'
b101 )
b11001001010100011100110000100000 .
#95400000000
0!
0"
1#
0%
0&
1'
#95450000000
1!
1"
0#
1%
1&
0'
b100 )
b01100100101010001110011000010000 .
#95500000000
0!
0"
1#
0%
0&
1'
#95550000000
1!
1"
0#
1%
1&
0'
b11 )
b00110010010101000111001100001000 .
#95600000000
0!
0"
1#
0%
0&
1'
#95650000000
1!
1"
0#
1%
1&
0'
b10 )
b00011001001010100011100110000100 .
#95700000000
0!
0"
1#
0%
0&
1'
#95750000000
1!
1"
0#
1%
1&
0'
b1 )
b00001100100101010001110011000010 .
#95800000000
0!
0"
1#
0%
0&
1'
#95850000000
1!
1"
0#
1%
1&
0'
b0 )
b00000110010010101000111001100001 .
#95900000000
0!
0"
1#
0%
0&
1'
#95950000000
1!
1"
0#
1%
1&
0'
b111 )
b10 *
b11101110100111011100010000010000 .
#96000000000
0!
0"
1#
0%
0&
1'
#96050000000
1!
1"
0#
1%
1&
0'
b110 )
b01110111010011101110001000001000 .
#96100000000
0!
0"
1#
0%
0&
1'
#96150000000
1!
1"
0#
1%
1&
0'
b101 )
b00111011101001110111000100000100 .
#96200000000
0!
0"
1#
0%
0&
1'
#96250000000
1!
1"
0#
1%
1&
0'
b100 )
b00011101110100111011100010000010 .
#96300000000
0!
0"
1#
0%
0&
1'
#96350000000
1!
1"
0#
1%
1&
0'
b11 )
b00001110111010011101110001000001 .
#96400000000
0!
0"
1#
0%
0&
1'
#96450000000
1!
1"
0#
1%
1&
0'
b10 )
b11101010110011000110110100000000 .
#96500000000
0!
0"
1#
0%
0&
1'
#96550000000
1!
1"
0#
1%
1&
0'
b1 )
b01110101011001100011011010000000 .
#96600000000
0!
0"
1#
0%
0&
1'
#96650000000
1!
1"
0#
1%
1&
0'
b0 )
b00111010101100110001101101000000 .
#96700000000
0!
0"
1#
0%
0&
1'
#96750000000
1!
1"
0#
1%
1&
0'
b111 )
b11 *
b00011101010110011000110110100000 .
#96800000000
0!
0"
1#
0%
0&
1'
#96850000000
1!
1"
0#
1%
1&
0'
b110 )
b00001110101011001100011011010000 .
#96900000000
0!
0"
1#
0%
0&
1'
#96950000000
1!
1"
0#
1%
1&
0'
b101 )
b00000111010101100110001101101000 .
#97000000000
0!
0"
1#
0%
0&
1'
#97050000000
1!
1"
0#
1%
1&
0'
b100 )
b00000011101010110011000110110100 .
#97100000000
0!
0"
1#
0%
0&
1'
#97150000000
1!
1"
0#
1%
1&
0'
b11 )
b00000001110101011001100011011010 .
#97200000000
0!
0"
1#
0%
0&
1'
#97250000000
1!
1"
0#
1%
1&
0'
b10 )
b00000000111010101100110001101101 .
#97300000000
0!
0"
1#
0%
0&
1'
#97350000000
1!
1"
0#
1%
1&
0'
b1 )
b11101101110011011110010100010110 .
#97400000000
0!
0"
1#
0%
0&
1'
#97450000000
1!
1"
0#
1%
1&
0'
b0 )
b01110110111001101111001010001011 .
#97500000000
0!
0"
1#
0%
0&
1'
#97550000000
1!
1"
0#
1%
1&
0'
b111 )
b100 *
b11010110110010111111101001100101 .
#97600000000
0!
0"
1#
0%
0&
1'
#97650000000
1!
1"
0#
1%
1&
0'
b110 )
b10000110110111010111111000010010 .
#97700000000
0!
0"
1#
0%
0&
1'
#97750000000
1!
1"
0#
1%
1&
0'
b101 )
b01000011011011101011111100001001 .
#97800000000
0!
0"
1#
0%
0&
1'
#97850000000
1!
1"
0#
1%
1&
0'
b100 )
b11001100000011111101110010100100 .
#97900000000
0!
0"
1#
0%
0&
1'
#97950000000
1!
1"
0#
1%
1&
0'
b11 )
b01100110000001111110111001010010 .
#98000000000
0!
0"
1#
0%
0&
1'
#98050000000
1!
1"
0#
1%
1&
0'
b10 )
b00110011000000111111011100101001 .
#98100000000
0!
0"
1#
0%
0&
1'
#98150000000
1!
1"
0#
1%
1&
0'
b1 )
b11110100001110010111100010110100 .
#98200000000
0!
0"
1#
0%
0&
1'
#98250000000
1!
1"
0#
1%
1&
0'
b0 )
b01111010000111001011110001011010 .
#98300000000
0!
0"
1#
0%
0&
1'
#98350000000
1!
1"
0#
1%
1&
0'
b111 )
b101 *
b00111101000011100101111000101101 .
#98400000000
0!
0"
1#
0%
0&
1'
#98450000000
1!
1"
0#
1%
1&
0'
b110 )
b11110011001111111010110000110110 .
#98500000000
0!
0"
1#
0%
0&
1'
#98550000000
1!
1"
0#
1%
1&
0'
b101 )
b01111001100111111101011000011011 .
#98600000000
0!
0"
1#
0%
0&
1'
#98650000000
1!
1"
0#
1%
1&
0'
b100 )
b11010001011101110110100000101101 .
#98700000000
0!
0"
1#
0%
0&
1'
#98750000000
1!
1"
0#
1%
1&
0'
b11 )
b10000101000000110011011100110110 .
#98800000000
0!
0"
1#
0%
0&
1'
#98850000000
1!
1"
0#
1%
1&
0'
b10 )
b01000010100000011001101110011011 .
#98900000000
0!
0"
1#
0%
0&
1'
#98950000000
1!
1"
0#
1%
1&
0'
b1 )
b11001100111110000100111011101101 .
#99000000000
0!
0"
1#
0%
0&
1'
#99050000000
1!
1"
0#
1%
1&
0'
b0 )
b10001011110001001010010001010110 .
#99100000000
0!
0"
1#
0%
0&
1'
#99150000000
1!
1"
0#
1%
1&
0'
b111 )
b110 *
b01000101111000100101001000101011 .
#99200000000
0!
0"
1#
0%
0&
1'
#99250000000
1!
1"
0#
1%
1&
0'
b110 )
b11001111010010011010101000110101 .
#99300000000
0!
0"
1#
0%
0&
1'
#99350000000
1!
1"
0#
1%
1&
0'
b101 )
b10001010000111000101011000111010 .
#99400000000
0!
0"
1#
0%
0&
1'
#99450000000
1!
1"
0#
1%
1&
0'
b100 )
b01000101000011100010101100011101 .
#99500000000
0!
0"
1#
0%
0&
1'
#99550000000
1!
1"
0#
1%
1&
0'
b11 )
b11001111001111111001011010101110 .
#99600000000
0!
0"
1#
0%
0&
1'
#99650000000
1!
1"
0#
1%
1&
0'
b10 )
b01100111100111111100101101010111 .
#99700000000
0!
0"
1#
0%
0&
1'
#99750000000
1!
1"
0#
1%
1&
0'
b1 )
b11011110011101110110011010001011 .
#99800000000
0!
0"
1#
0%
0&
1'
#99850000000
1!
1"
0#
1%
1&
0'
b0 )
b10000010100000110011000001100101 .
#99900000000
0!
0"
1#
0%
0&
1'
#99950000000
1!
1"
0#
1%
1&
0'
b111 )
b111 *
b10101100111110010001101100010010 .
#100000000000
0!
0"
1#
0%
0&
1'
#100050000000
1!
1"
0#
1%
1&
0'
b110 )
b01010110011111001000110110001001 .
#100100000000
0!
0"
1#
0%
0&
1'
#100150000000
1!
1"
0#
1%
1&
0'
b101 )
b11000110100001101100010111100100 .
#100200000000
0!
0"
1#
0%
0&
1'
#100250000000
1!
1"
0#
1%
1&
0'
b100 )
b01100011010000110110001011110010 .
#100300000000
0!
0"
1#
0%
0&
1'
#100350000000
1!
1"
0#
1%
1&
0'
b11 )
b00110001101000011011000101111001 .
#100400000000
0!
0"
1#
0%
0&
1'
#100450000000
1!
1"
0#
1%
1&
0'
b10 )
b11110101011010000101101110011100 .
#100500000000
0!
0"
1#
0%
0&
1'
#100550000000
1!
1"
0#
1%
1&
0'
b1 )
b01111010101101000010110111001110 .
#100600000000
0!
0"
1#
0%
0&
1'
#100650000000
1!
1"
0#
1%
1&
0'
b0 )
b00111101010110100001011011100111 .
#100700000000
0!
0"
1#
0%
0&
1'
#100750000000
1!
1"
0#
1%
1&
0'
b111 )
b1000 *
b11110011000101011000100001010011 .
#100800000000
0!
0"
1#
0%
0&
1'
#100850000000
1!
1"
0#
1%
1&
0'
b110 )
b10010100001100100100011100001001 .
#100900000000
0!
0"
1#
0%
0&
1'
#100950000000
1!
1"
0#
1%
1&
0'
b101 )
b10100111101000011010000010100100 .
#101000000000
0!
0"
1#
0%
0&
1'
#101050000000
1!
1"
0#
1%
1&
0'
b100 )
b01010011110100001101000001010010 .
#101100000000
0!
0"
1#
0%
0&
1'
#101150000000
1!
1"
0#
1%
1&
0'
b11 )
b00101001111010000110100000101001 .
#101200000000
0!
0"
1#
0%
0&
1'
#101250000000
1!
1"
0#
1%
1&
0'
b10 )
b11111001010011001011011100110100 .
#101300000000
0!
0"
1#
0%
0&
1'
#101350000000
1!
1"
0#
1%
1&
0'
b1 )
b01111100101001100101101110011010 .
#101400000000
0!
0"
1#
0%
0&
1'
#101450000000
1!
1"
0#
1%
1&
0'
b0 )
b00111110010100110010110111001101 .
#101500000000
0!
0"
1#
0%
0&
1'
#101550000000
1!
1"
0#
1%
1&
0'
b111 )
b1001 *
b11110010100100010001010111000110 .
#101600000000
0!
0"
1#
0%
0&
1'
#101650000000
1!
1"
0#
1%
1&
0'
b110 )
b01111001010010001000101011100011 .
#101700000000
0!
0"
1#
0%
0&
1'
#101750000000
1!
1"
0#
1%
1&
0'
b101 )
b11010001000111001100011001010001 .
#101800000000
0!
0"
1#
0%
0&
1'
#101850000000
1!
1"
0#
1%
1&
0'
b100 )
b10000101001101101110000000001000 .
#101900000000
0!
0"
1#
0%
0&
1'
#101950000000
1!
1"
0#
1%
1&
0'
b11 )
b01000010100110110111000000000100 .
#102000000000
0!
0"
1#
0%
0&
1'
#102050000000
1!
1"
0#
1%
1&
0'
b10 )
b00100001010011011011100000000010 .
#102100000000
0!
0"
1#
0%
0&
1'
#102150000000
1!
1"
0#
1%
1&
0'
b1 )
b00010000101001101101110000000001 .
#102200000000
0!
0"
1#
0%
0&
1'
#102250000000
1!
1"
0#
1%
1&
0'
b0 )
b11100101111010111110110100100000 .
#102300000000
0!
0"
1#
0%
0&
1'
#102350000000
1!
1"
0#
1%
1&
0'
b111 )
b1010 *
b01110010111101011111011010010000 .
#102400000000
0!
0"
1#
0%
0&
1'
#102450000000
1!
1"
0#
1%
1&
0'
b110 )
b00111001011110101111101101001000 .
#102500000000
0!
0"
1#
0%
0&
1'
#102550000000
1!
1"
0#
1%
1&
0'
b101 )
b00011100101111010111110110100100 .
#102600000000
0!
0"
1#
0%
0&
1'
#102650000000
1!
1"
0#
1%
1&
0'
b100 )
b00001110010111101011111011010010 .
#102700000000
0!
0"
1#
0%
0&
1'
#102750000000
1!
1"
0#
1%
1&
0'
b11 )
b00000111001011110101111101101001 .
#102800000000
0!
0"
1#
0%
0&
1'
#102850000000
1!
1"
0#
1%
1&
0'
b10 )
b11101110001011110010110010010100 .
#102900000000
0!
0"
1#
0%
0&
1'
#102950000000
1!
1"
0#
1%
1&
0'
b1 )
b01110111000101111001011001001010 .
#103000000000
0!
0"
1#
0%
0&
1'
#103050000000
1!
1"
0#
1%
1&
0'
b0 )
b00111011100010111100101100100101 .
#103100000000
0!
0"
1#
0%
0&
1'
#103150000000
1!
1"
0#
1%
1&
0'
b111 )
b1011 *
b11110000011111010110011010110010 .
#103200000000
0!
0"
1#
0%
0&
1'
#103250000000
1!
1"
0#
1%
1&
0'
b110 )
b01111000001111101011001101011001 .
#103300000000
0!
0"
1#
0%
0&
1'
#103350000000
1!
1"
0#
1%
1&
0'
b101 )
b11010001101001111101101010001100 .
#103400000000
0!
0"
1#
0%
0&
1'
#103450000000
1!
1"
0#
1%
1&
0'
b100 )
b01101000110100111110110101000110 .
#103500000000
0!
0"
1#
0%
0&
1'
#103550000000
1!
1"
0#
1%
1&
0'
b11 )
b00110100011010011111011010100011 .
#103600000000
0!
0"
1#
0%
0&
1'
#103650000000
1!
1"
0#
1%
1&
0'
b10 )
b11110111100011000111100001110001 .
#103700000000
0!
0"
1#
0%
0&
1'
#103750000000
1!
1"
0#
1%
1&
0'
b1 )
b10010110011111101011111100011000 .
#103800000000
0!
0"
1#
0%
0&
1'
#103850000000
1!
1"
0#
1%
1&
0'
b0 )
b01001011001111110101111110001100 .
#103900000000
0!
0"
1#
0%
0&
1'
#103950000000
1!
1"
0#
1%
1&
0'
b111 )
b1100 *
b00100101100111111010111111000110 .
#104000000000
0!
0"
1#
0%
0&
1'
#104050000000
1!
1"
0#
1%
1&
0'
b110 )
b00010010110011111101011111100011 .
#104100000000
0!
0"
1#
0%
0&
1'
#104150000000
1!
1"
0#
1%
1&
0'
b101 )
b11100100110111110110100011010001 .
#104200000000
0!
0"
1#
0%
0&
1'
#104250000000
1!
1"
0#
1%
1&
0'
b100 )
b10011111110101110011011101001000 .
#104300000000
0!
0"
1#
0%
0&
1'
#104350000000
1!
1"
0#
1%
1&
0'
b11 )
b01001111111010111001101110100100 .
#104400000000
0!
0"
1#
0%
0&
1'
#104450000000
1!
1"
0#
1%
1&
0'
b10 )
b00100111111101011100110111010010 .
#104500000000
0!
0"
1#
0%
0&
1'
#104550000000
1!
1"
0#
1%
1&
0'
b1 )
b00010011111110101110011011101001 .
#104600000000
0!
0"
1#
0%
0&
1'
#104650000000
1!
1"
0#
1%
1&
0'
b0 )
b11100100010001011111000001010100 .
#104700000000
0!
0"
1#
0%
0&
1'
#104750000000
1!
1"
0#
1%
1&
0'
b111 )
b1101 *
b01110010001000101111100000101010 .
#104800000000
0!
0"
1#
0%
0&
1'
#104850000000
1!
1"
0#
1%
1&
0'
b110 )
b00111001000100010111110000010101 .
#104900000000
0!
0"
1#
0%
0&
1'
#104950000000
1!
1"
0#
1%
1&
0'
b101 )
b11110001001100000011110100101010 .
#105000000000
0!
0"
1#
0%
0&
1'
#105050000000
1!
1"
0#
1%
1&
0'
b100 )
b01111000100110000001111010010101 .
#105100000000
0!
0"
1#
0%
0&
1'
#105150000000
1!
1"
0#
1%
1&
0'
b11 )
b11010001111101001000110001101010 .
#105200000000
0!
0"
1#
0%
0&
1'
#105250000000
1!
1"
0#
1%
1&
0'
b10 )
b01101000111110100100011000110101 .
#105300000000
0!
0"
1#
0%
0&
1'
#105350000000
1!
1"
0#
1%
1&
0'
b1 )
b11011001110001011010000000111010 .
#105400000000
0!
0"
1#
0%
0&
1'
#105450000000
1!
1"
0#
1%
1&
0'
b0 )
b01101100111000101101000000011101 .
#105500000000
0!
0"
1#
0%
0&
1'
#105550000000
1!
1"
0#
1%
1&
0'
b111 )
b1110 *
b11011011110010011110101100101110 .
#105600000000
0!
0"
1#
0%
0&
1'
#105650000000
1!
1"
0#
1%
1&
0'
b110 )
b01101101111001001111010110010111 .
#105700000000
0!
0"
1#
0%
0&
1'
#105750000000
1!
1"
0#
1%
1&
0'
b101 )
b11011011010010101111100111101011 .
#105800000000
0!
0"
1#
0%
0&
1'
#105850000000
1!
1"
0#
1%
1&
0'
b100 )
b10000000000111011111111111010101 .
#105900000000
0!
0"
1#
0%
0&
1'
#105950000000
1!
1"
0#
1%
1&
0'
b11 )
b10101101101101100111110011001010 .
#106000000000
0!
0"
1#
0%
0&
1'
#106050000000
1!
1"
0#
1%
1&
0'
b10 )
b01010110110110110011111001100101 .
#106100000000
0!
0"
1#
0%
0&
1'
#106150000000
1!
1"
0#
1%
1&
0'
b1 )
b11000110110101010001110000010010 .
#106200000000
0!
0"
1#
0%
0&
1'
#106250000000
1!
1"
0#
1%
1&
0'
b0 )
b01100011011010101000111000001001 .
#106300000000
0!
0"
1#
0%
0&
1'
#106350000000
1!
1"
0#
1%
1&
0'
b111 )
b1111 *
b11011100000011011100010000100100 .
#106400000000
0!
0"
1#
0%
0&
1'
#106450000000
1!
1"
0#
1%
1&
0'
b110 )
b01101110000001101110001000010010 .
#106500000000
0!
0"
1#
0%
0&
1'
#106550000000
1!
1"
0#
1%
1&
0'
b101 )
b00110111000000110111000100001001 .
#106600000000
0!
0"
1#
0%
0&
1'
#106650000000
1!
1"
0#
1%
1&
0'
b100 )
b11110110001110010011101110100100 .
#106700000000
0!
0"
1#
0%
0&
1'
#106750000000
1!
1"
0#
1%
1&
0'
b11 )
b01111011000111001001110111010010 .
#106800000000
0!
0"
1#
0%
0&
1'
#106850000000
1!
1"
0#
1%
1&
0'
b10 )
b00111101100011100100111011101001 .
#106900000000
0!
0"
1#
0%
0&
1'
#106950000000
1!
1"
0#
1%
1&
0'
b1 )
b11110011011111111010010001010100 .
#107000000000
0!
0"
1#
0%
0&
1'
#107050000000
1!
1"
0#
1%
1&
0'
b0 )
b01111001101111111101001000101010 .
#107100000000
0!
0"
1#
0%
0&
1'
#107150000000
1!
1"
0#
1%
1&
0'
b111 )
b10000 *
b00111100110111111110100100010101 .
#107200000000
0!
0"
1#
0%
0&
1'
#107250000000
1!
1"
0#
1%
1&
0'
b110 )
b11110011110101110111011110101010 .
#107300000000
0!
0"
1#
0%
0&
1'
#107350000000
1!
1"
0#
1%
1&
0'
b101 )
b01111001111010111011101111010101 .
#107400000000
0!
0"
1#
0%
0&
1'
#107450000000
1!
1"
0#
1%
1&
0'
b100 )
b11010001010011010101111011001010 .
#107500000000
0!
0"
1#
0%
0&
1'
#107550000000
1!
1"
0#
1%
1&
0'
b11 )
b01101000101001101010111101100101 .
#107600000000
0!
0"
1#
0%
0&
1'
#107650000000
1!
1"
0#
1%
1&
0'
b10 )
b11011001111010111101010010010010 .
#107700000000
0!
0"
1#
0%
0&
1'
#107750000000
1!
1"
0#
1%
1&
0'
b1 )
b01101100111101011110101001001001 .
#107800000000
0!
0"
1#
0%
0&
1'
#107850000000
1!
1"
0#
1%
1&
0'
b0 )
b11011011110000100111011000000100 .
#107900000000
0!
0"
1#
0%
0&
1'
#107950000000
1!
1"
0#
1%
1&
0'
b111 )
b10001 *
b01101101111000010011101100000010 .
#108000000000
0!
0"
1#
0%
0&
1'
#108050000000
1!
1"
0#
1%
1&
0'
b110 )
b00110110111100001001110110000001 .
#108100000000
0!
0"
1#
0%
0&
1'
#108150000000
1!
1"
0#
1%
1&
0'
b101 )
b11110110110000001100110111100000 .
#108200000000
0!
0"
1#
0%
0&
1'
#108250000000
1!
1"
0#
1%
1&
0'
b100 )
b01111011011000000110011011110000 .
#108300000000
0!
0"
1#
0%
0&
1'
#108350000000
1!
1"
0#
1%
1&
0'
b11 )
b00111101101100000011001101111000 .
#108400000000
0!
0"
1#
0%
0&
1'
#108450000000
1!
1"
0#
1%
1&
0'
b10 )
b00011110110110000001100110111100 .
#108500000000
0!
0"
1#
0%
0&
1'
#108550000000
1!
1"
0#
1%
1&
0'
b1 )
b00001111011011000000110011011110 .
#108600000000
0!
0"
1#
0%
0&
1'
#108650000000
1!
1"
0#
1%
1&
0'
b0 )
b00000111101101100000011001101111 .
#108700000000
0!
0"
1#
0%
0&
1'
#108750000000
1!
1"
0#
1%
1&
0'
b111 )
b10010 *
b11101110011000111000000000010111 .
#108800000000
0!
0"
1#
0%
0&
1'
#108850000000
1!
1"
0#
1%
1&
0'
b110 )
b10011010100010010100001100101011 .
#108900000000
0!
0"
1#
0%
0&
1'
#108950000000
1!
1"
0#
1%
1&
0'
b101 )
b10100000111111000010001010110101 .
#109000000000
0!
0"
1#
0%
0&
1'
#109050000000
1!
1"
0#
1%
1&
0'
b100 )
b10111101110001101001001001111010 .
#109100000000
0!
0"
1#
0%
0&
1'
#109150000000
1!
1"
0#
1%
1&
0'
b11 )
b01011110111000110100100100111101 .
#109200000000
0!
0"
1#
0%
0&
1'
#109250000000
1!
1"
0#
1%
1&
0'
b10 )
b11000010110010010010011110111110 .
#109300000000
0!
0"
1#
0%
0&
1'
#109350000000
1!
1"
0#
1%
1&
0'
b1 )
b01100001011001001001001111011111 .
#109400000000
0!
0"
1#
0%
0&
1'
#109450000000
1!
1"
0#
1%
1&
0'
b0 )
b11011101000010101100101011001111 .
#109500000000
0!
0"
1#
0%
0&
1'
#109550000000
1!
1"
0#
1%
1&
0'
b111 )
b10011 *
b10000011001111011110011001000111 .
#109600000000
0!
0"
1#
0%
0&
1'
#109650000000
1!
1"
0#
1%
1&
0'
b110 )
b10101100001001100111000000000011 .
#109700000000
0!
0"
1#
0%
0&
1'
#109750000000
1!
1"
0#
1%
1&
0'
b101 )
b10111011101010111011101100100001 .
#109800000000
0!
0"
1#
0%
0&
1'
#109850000000
1!
1"
0#
1%
1&
0'
b100 )
b10110000011011010101111010110000 .
#109900000000
0!
0"
1#
0%
0&
1'
#109950000000
1!
1"
0#
1%
1&
0'
b11 )
b01011000001101101010111101011000 .
#110000000000
0!
0"
1#
0%
0&
1'
#110050000000
1!
1"
0#
1%
1&
0'
b10 )
b00101100000110110101011110101100 .
#110100000000
0!
0"
1#
0%
0&
1'
#110150000000
1!
1"
0#
1%
1&
0'
b1 )
b00010110000011011010101111010110 .
#110200000000
0!
0"
1#
0%
0&
1'
#110250000000
1!
1"
0#
1%
1&
0'
b0 )
b00001011000001101101010111101011 .
#110300000000
0!
0"
1#
0%
0&
1'
#110350000000
1!
1"
0#
1%
1&
0'
b111 )
b10100 *
b11101000001110111110100111010101 .
#110400000000
0!
0"
1#
0%
0&
1'
#110450000000
1!
1"
0#
1%
1&
0'
b110 )
b10011001101001010111011111001010 .
#110500000000
0!
0"
1#
0%
0&
1'
#110550000000
1!
1"
0#
1%
1&
0'
b101 )
b01001100110100101011101111100101 .
#110600000000
0!
0"
1#
0%
0&
1'
#110650000000
1!
1"
0#
1%
1&
0'
b100 )
b11001011110100011101111011010010 .
#110700000000
0!
0"
1#
0%
0&
1'
#110750000000
1!
1"
0#
1%
1&
0'
b11 )
b01100101111010001110111101101001 .
#110800000000
0!
0"
1#
0%
0&
1'
#110850000000
1!
1"
0#
1%
1&
0'
b10 )
b11011111010011001111010010010100 .
#110900000000
0!
0"
1#
0%
0&
1'
#110950000000
1!
1"
0#
1%
1&
0'
b1 )
b01101111101001100111101001001010 .
#111000000000
0!
0"
1#
0%
0&
1'
#111050000000
1!
1"
0#
1%
1&
0'
b0 )
b00110111110100110011110100100101 .
#111100000000
0!
0"
1#
0%
0&
1'
#111150000000
1!
1"
0#
1%
1&
0'
b111 )
b10101 *
b11110110010100010001110110110010 .
#111200000000
0!
0"
1#
0%
0&
1'
#111250000000
1!
1"
0#
1%
1&
0'
b110 )
b01111011001010001000111011011001 .
#111300000000
0!
0"
1#
0%
0&
1'
#111350000000
1!
1"
0#
1%
1&
0'
b101 )
b11010000001011001100010001001100 .
#111400000000
0!
0"
1#
0%
0&
1'
#111450000000
1!
1"
0#
1%
1&
0'
b100 )
b01101000000101100110001000100110 .
#111500000000
0!
0"
1#
0%
0&
1'
#111550000000
1!
1"
0#
1%
1&
0'
b11 )
b00110100000010110011000100010011 .
#111600000000
0!
0"
1#
0%
0&
1'
#111650000000
1!
1"
0#
1%
1&
0'
b10 )
b11110111101111010001101110101001 .
#111700000000
0!
0"
1#
0%
0&
1'
#111750000000
1!
1"
0#
1%
1&
0'
b1 )
b10010110011001100000111011110100 .
#111800000000
0!
0"
1#
0%
0&
1'
#111850000000
1!
1"
0#
1%
1&
0'
b0 )
b01001011001100110000011101111010 .
#111900000000
0!
0"
1#
0%
0&
1'
#111950000000
1!
1"
0#
1%
1&
0'
b111 )
b10110 *
b00100101100110011000001110111101 .
#112000000000
0!
0"
1#
0%
0&
1'
#112050000000
1!
1"
0#
1%
1&
0'
b110 )
b11111111011101000100001011111110 .
#112100000000
0!
0"
1#
0%
0&
1'
#112150000000
1!
1"
0#
1%
1&
0'
b101 )
b01111111101110100010000101111111 .
#112200000000
0!
0"
1#
0%
0&
1'
#112250000000
1!
1"
0#
1%
1&
0'
b100 )
b11010010011001011001001110011111 .
#112300000000
0!
0"
1#
0%
0&
1'
#112350000000
1!
1"
0#
1%
1&
0'
b11 )
b10000100100010100100101011101111 .
#112400000000
0!
0"
1#
0%
0&
1'
#112450000000
1!
1"
0#
1%
1&
0'
b10 )
b10101111111111011010011001010111 .
#112500000000
0!
0"
1#
0%
0&
1'
#112550000000
1!
1"
0#
1%
1&
0'
b1 )
b10111010010001100101000000001011 .
#112600000000
0!
0"
1#
0%
0&
1'
#112650000000
1!
1"
0#
1%
1&
0'
b0 )
b10110000100110111010101100100101 .
#112700000000
0!
0"
1#
0%
0&
1'
#112750000000
1!
1"
0#
1%
1&
0'
b111 )
b10111 *
b10110101111101010101011010110010 .
#112800000000
0!
0"
1#
0%
0&
1'
#112850000000
1!
1"
0#
1%
1&
0'
b110 )
b01011010111110101010101101011001 .
#112900000000
0!
0"
1#
0%
0&
1'
#112950000000
1!
1"
0#
1%
1&
0'
b101 )
b11000000110001011101011010001100 .
#113000000000
0!
0"
1#
0%
0&
1'
#113050000000
1!
1"
0#
1%
1&
0'
b100 )
b01100000011000101110101101000110 .
#113100000000
0!
0"
1#
0%
0&
1'
#113150000000
1!
1"
0#
1%
1&
0'
b11 )
b00110000001100010111010110100011 .
#113200000000
0!
0"
1#
0%
0&
1'
#113250000000
1!
1"
0#
1%
1&
0'
b10 )
b11110101101000000011100111110001 .
#113300000000
0!
0"
1#
0%
0&
1'
#113350000000
1!
1"
0#
1%
1&
0'
b1 )
b10010111011010001001111111011000 .
#113400000000
0!
0"
1#
0%
0&
1'
#113450000000
1!
1"
0#
1%
1&
0'
b0 )
b01001011101101000100111111101100 .
#113500000000
0!
0"
1#
0%
0&
1'
#113550000000
1!
1"
0#
1%
1&
0'
b111 )
b11000 *
b00100101110110100010011111110110 .
#113600000000
0!
0"
1#
0%
0&
1'
#113650000000
1!
1"
0#
1%
1&
0'
b110 )
b00010010111011010001001111111011 .
#113700000000
0!
0"
1#
0%
0&
1'
#113750000000
1!
1"
0#
1%
1&
0'
b101 )
b11100100110011100000101011011101 .
#113800000000
0!
0"
1#
0%
0&
1'
#113850000000
1!
1"
0#
1%
1&
0'
b100 )
b10011111110111111000011001001110 .
#113900000000
0!
0"
1#
0%
0&
1'
#113950000000
1!
1"
0#
1%
1&
0'
b11 )
b01001111111011111100001100100111 .
#114000000000
0!
0"
1#
0%
0&
1'
#114050000000
1!
1"
0#
1%
1&
0'
b10 )
b11001010010011110110001010110011 .
#114100000000
0!
0"
1#
0%
0&
1'
#114150000000
1!
1"
0#
1%
1&
0'
b1 )
b10001000100111110011001001111001 .
#114200000000
0!
0"
1#
0%
0&
1'
#114250000000
1!
1"
0#
1%
1&
0'
b0 )
b10101001111101110001101000011100 .
#114300000000
0!
0"
1#
0%
0&
1'
#114350000000
1!
1"
0#
1%
1&
0'
b111 )
b11001 *
b01010100111110111000110100001110 .
#114400000000
0!
0"
1#
0%
0&
1'
#114450000000
1!
1"
0#
1%
1&
0'
b110 )
b00101010011111011100011010000111 .
#114500000000
0!
0"
1#
0%
0&
1'
#114550000000
1!
1"
0#
1%
1&
0'
b101 )
b11111000100001100110000001100011 .
#114600000000
0!
0"
1#
0%
0&
1'
#114650000000
1!
1"
0#
1%
1&
0'
b100 )
b10010001111110111011001100010001 .
#114700000000
0!
0"
1#
0%
0&
1'
#114750000000
1!
1"
0#
1%
1&
0'
b11 )
b10100101010001010101101010101000 .
#114800000000
0!
0"
1#
0%
0&
1'
#114850000000
1!
1"
0#
1%
1&
0'
b10 )
b01010010101000101010110101010100 .
#114900000000
0!
0"
1#
0%
0&
1'
#114950000000
1!
1"
0#
1%
1&
0'
b1 )
b00101001010100010101011010101010 .
#115000000000
0!
0"
1#
0%
0&
1'
#115050000000
1!
1"
0#
1%
1&
0'
b0 )
b00010100101010001010101101010101 .
#115100000000
0!
0"
1#
0%
0&
1'
#115150000000
1!
1"
0#
1%
1&
0'
b111 )
b11010 *
b11100111111011001101011010001010 .
#115200000000
0!
0"
1#
0%
0&
1'
#115250000000
1!
1"
0#
1%
1&
0'
b110 )
b01110011111101100110101101000101 .
#115300000000
0!
0"
1#
0%
0&
1'
#115350000000
1!
1"
0#
1%
1&
0'
b101 )
b11010100010000111011011010000010 .
#115400000000
0!
0"
1#
0%
0&
1'
#115450000000
1!
1"
0#
1%
1&
0'
b100 )
b01101010001000011101101101000001 .
#115500000000
0!
0"
1#
0%
0&
1'
#115550000000
1!
1"
0#
1%
1&
0'
b11 )
b11011000101010000110111010000000 .
#115600000000
0!
0"
1#
0%
0&
1'
#115650000000
1!
1"
0#
1%
1&
0'
b10 )
b01101100010101000011011101000000 .
#115700000000
0!
0"
1#
0%
0&
1'
#115750000000
1!
1"
0#
1%
1&
0'
b1 )
b00110110001010100001101110100000 .
#115800000000
0!
0"
1#
0%
0&
1'
#115850000000
1!
1"
0#
1%
1&
0'
b0 )
b00011011000101010000110111010000 .
#115900000000
0!
0"
1#
0%
0&
1'
#115950000000
1!
1"
0#
1%
1&
0'
b111 )
b11011 *
b00001101100010101000011011101000 .
#116000000000
0!
0"
1#
0%
0&
1'
#116050000000
1!
1"
0#
1%
1&
0'
b110 )
b00000110110001010100001101110100 .
#116100000000
0!
0"
1#
0%
0&
1'
#116150000000
1!
1"
0#
1%
1&
0'
b101 )
b00000011011000101010000110111010 .
#116200000000
0!
0"
1#
0%
0&
1'
#116250000000
1!
1"
0#
1%
1&
0'
b100 )
b00000001101100010101000011011101 .
#116300000000
0!
0"
1#
0%
0&
1'
#116350000000
1!
1"
0#
1%
1&
0'
b11 )
b11101101011000000010101101001110 .
#116400000000
0!
0"
1#
0%
0&
1'
#116450000000
1!
1"
0#
1%
1&
0'
b10 )
b01110110101100000001010110100111 .
#116500000000
0!
0"
1#
0%
0&
1'
#116550000000
1!
1"
0#
1%
1&
0'
b1 )
b11010110111000001000100111110011 .
#116600000000
0!
0"
1#
0%
0&
1'
#116650000000
1!
1"
0#
1%
1&
0'
b0 )
b10000110110010001100011111011001 .
#116700000000
0!
0"
1#
0%
0&
1'
#116750000000
1!
1"
0#
1%
1&
0'
b111 )
b11100 *
b10101110110111001110000011001100 .
#116800000000
0!
0"
1#
0%
0&
1'
#116850000000
1!
1"
0#
1%
1&
0'
b110 )
b01010111011011100111000001100110 .
#116900000000
0!
0"
1#
0%
0&
1'
#116950000000
1!
1"
0#
1%
1&
0'
b101 )
b00101011101101110011100000110011 .
#117000000000
0!
0"
1#
0%
0&
1'
#117050000000
1!
1"
0#
1%
1&
0'
b100 )
b11111000011000110001111100111001 .
#117100000000
0!
0"
1#
0%
0&
1'
#117150000000
1!
1"
0#
1%
1&
0'
b11 )
b10010001100010010000110010111100 .
#117200000000
0!
0"
1#
0%
0&
1'
#117250000000
1!
1"
0#
1%
1&
0'
b10 )
b01001000110001001000011001011110 .
#117300000000
0!
0"
1#
0%
0&
1'
#117350000000
1!
1"
0#
1%
1&
0'
b1 )
b00100100011000100100001100101111 .
#117400000000
0!
0"
1#
0%
0&
1'
#117450000000
1!
1"
0#
1%
1&
0'
b0 )
b11111111100010011010001010110111 .
#117500000000
0!
0"
1#
0%
0&
1'
#117550000000
1!
1"
0#
1%
1&
0'
b111 )
b11101 *
b10010010011111000101001001111011 .
#117600000000
0!
0"
1#
0%
0&
1'
#117650000000
1!
1"
0#
1%
1&
0'
b110 )
b10100100100001101010101000011101 .
#117700000000
0!
0"
1#
0%
0&
1'
#117750000000
1!
1"
0#
1%
1&
0'
b101 )
b10111111111110111101011000101110 .
#117800000000
0!
0"
1#
0%
0&
1'
#117850000000
1!
1"
0#
1%
1&
0'
b100 )
b01011111111111011110101100010111 .
#117900000000
0!
0"
1#
0%
0&
1'
#117950000000
1!
1"
0#
1%
1&
0'
b11 )
b11000010010001100111011010101011 .
#118000000000
0!
0"
1#
0%
0&
1'
#118050000000
1!
1"
0#
1%
1&
0'
b10 )
b10001100100110111011100001110101 .
#118100000000
0!
0"
1#
0%
0&
1'
#118150000000
1!
1"
0#
1%
1&
0'
b1 )
b10101011111101010101111100011010 .
#118200000000
0!
0"
1#
0%
0&
1'
#118250000000
1!
1"
0#
1%
1&
0'
b0 )
b01010101111110101010111110001101 .
#118300000000
0!
0"
1#
0%
0&
1'
#118350000000
1!
1"
0#
1%
1&
0'
b111 )
b11110 *
b11000111010001011101010011100110 .
#118400000000
0!
0"
1#
0%
0&
1'
#118450000000
1!
1"
0#
1%
1&
0'
b110 )
b01100011101000101110101001110011 .
#118500000000
0!
0"
1#
0%
0&
1'
#118550000000
1!
1"
0#
1%
1&
0'
b101 )
b11011100011010011111011000011001 .
#118600000000
0!
0"
1#
0%
0&
1'
#118650000000
1!
1"
0#
1%
1&
0'
b100 )
b10000011100011000111100000101100 .
#118700000000
0!
0"
1#
0%
0&
1'
#118750000000
1!
1"
0#
1%
1&
0'
b11 )
b01000001110001100011110000010110 .
#118800000000
0!
0"
1#
0%
0&
1'
#118850000000
1!
1"
0#
1%
1&
0'
b10 )
b00100000111000110001111000001011 .
#118900000000
0!
0"
1#
0%
0&
1'
#118950000000
1!
1"
0#
1%
1&
0'
b1 )
b11111101110010010000110000100101 .
#119000000000
0!
0"
1#
0%
0&
1'
#119050000000
1!
1"
0#
1%
1&
0'
b0 )
b10010011010111000000010100110010 .
#119100000000
0!
0"
1#
0%
0&
1'
#119150000000
1!
1"
0#
1%
1&
0'
b111 )
b11111 *
b01001001101011100000001010011001 .
#119200000000
0!
0"
1#
0%
0&
1'
#119250000000
1!
1"
0#
1%
1&
0'
b110 )
b11001001011011111000001001101100 .
#119300000000
0!
0"
1#
0%
0&
1'
#119350000000
1!
1"
0#
1%
1&
0'
b101 )
b01100100101101111100000100110110 .
#119400000000
0!
0"
1#
0%
0&
1'
#119450000000
1!
1"
0#
1%
1&
0'
b100 )
b00110010010110111110000010011011 .
#119500000000
0!
0"
1#
0%
0&
1'
#119550000000
1!
1"
0#
1%
1&
0'
b11 )
b11110100100101010111001101101101 .
#119600000000
0!
0"
1#
0%
0&
1'
#119650000000
1!
1"
0#
1%
1&
0'
b10 )
b10010111111100100011101010010110 .
#119700000000
0!
0"
1#
0%
0&
1'
#119750000000
1!
1"
0#
1%
1&
0'
b1 )
b01001011111110010001110101001011 .
#119800000000
0!
0"
1#
0%
0&
1'
#119850000000
1!
1"
0#
1%
1&
0'
b0 )
b11001000010001000000110110000101 .
#119900000000
0!
0"
1#
0%
0&
1'
#119950000000
1!
1"
0#
1%
1&
0'
b111 )
b100000 *
b10001001100110101000010111100010 .
#120000000000
0!
0"
1#
0%
0&
1'
#120050000000
1!
1"
0#
1%
1&
0'
b110 )
b01000100110011010100001011110001 .
#120100000000
0!
0"
1#
0%
0&
1'
#120150000000
1!
1"
0#
1%
1&
0'
b101 )
b11001111110111100010001001011000 .
#120200000000
0!
0"
1#
0%
0&
1'
#120250000000
1!
1"
0#
1%
1&
0'
b100 )
b01100111111011110001000100101100 .
#120300000000
0!
0"
1#
0%
0&
1'
#120350000000
1!
1"
0#
1%
1&
0'
b11 )
b00110011111101111000100010010110 .
#120400000000
0!
0"
1#
0%
0&
1'
#120450000000
1!
1"
0#
1%
1&
0'
b10 )
b00011001111110111100010001001011 .
#120500000000
0!
0"
1#
0%
0&
1'
#120550000000
1!
1"
0#
1%
1&
0'
b1 )
b11100001010001010110000100000101 .
#120600000000
0!
0"
1#
0%
0&
1'
#120650000000
1!
1"
0#
1%
1&
0'
b0 )
b10011101000110100011001110100010 .
#120700000000
0!
0"
1#
0%
0&
1'
#120750000000
1!
1"
0#
1%
1&
0'
b111 )
b100001 *
b01001110100011010001100111010001 .
#120800000000
0!
0"
1#
0%
0&
1'
#120850000000
1!
1"
0#
1%
1&
0'
b110 )
b11001010111111100000111111001000 .
#120900000000
0!
0"
1#
0%
0&
1'
#120950000000
1!
1"
0#
1%
1&
0'
b101 )
b01100101011111110000011111100100 .
#121000000000
0!
0"
1#
0%
0&
1'
#121050000000
1!
1"
0#
1%
1&
0'
b100 )
b00110010101111111000001111110010 .
#121100000000
0!
0"
1#
0%
0&
1'
#121150000000
1!
1"
0#
1%
1&
0'
b11 )
b00011001010111111100000111111001 .
#121200000000
0!
0"
1#
0%
0&
1'
#121250000000
1!
1"
0#
1%
1&
0'
b10 )
b11100001000101110110001111011100 .
#121300000000
0!
0"
1#
0%
0&
1'
#121350000000
1!
1"
0#
1%
1&
0'
b1 )
b01110000100010111011000111101110 .
#121400000000
0!
0"
1#
0%
0&
1'
#121450000000
1!
1"
0#
1%
1&
0'
b0 )
b00111000010001011101100011110111 .
#121500000000
0!
0"
1#
0%
0&
1'
#121550000000
1!
1"
0#
1%
1&
0'
b111 )
b100010 *
b11110001100110100110111101011011 .
#121600000000
0!
0"
1#
0%
0&
1'
#121650000000
1!
1"
0#
1%
1&
0'
b110 )
b10010101011101011011010010001101 .
#121700000000
0!
0"
1#
0%
0&
1'
#121750000000
1!
1"
0#
1%
1&
0'
b101 )
b10100111000000100101100101100110 .
#121800000000
0!
0"
1#
0%
0&
1'
#121850000000
1!
1"
0#
1%
1&
0'
b100 )
b01010011100000010010110010110011 .
#121900000000
0!
0"
1#
0%
0&
1'
#121950000000
1!
1"
0#
1%
1&
0'
b11 )
b11000100011110000001010101111001 .
#122000000000
0!
0"
1#
0%
0&
1'
#122050000000
1!
1"
0#
1%
1&
0'
b10 )
b10001111100001001000100110011100 .
#122100000000
0!
0"
1#
0%
0&
1'
#122150000000
1!
1"
0#
1%
1&
0'
b1 )
b01000111110000100100010011001110 .
#122200000000
0!
0"
1#
0%
0&
1'
#122250000000
1!
1"
0#
1%
1&
0'
b0 )
b00100011111000010010001001100111 .
#122300000000
0!
0"
1#
0%
0&
1'
#122350000000
1!
1"
0#
1%
1&
0'
b111 )
b100011 *
b11111100010010000001001000010011 .
#122400000000
0!
0"
1#
0%
0&
1'
#122450000000
1!
1"
0#
1%
1&
0'
b110 )
b10010011100111001000101000101001 .
#122500000000
0!
0"
1#
0%
0&
1'
#122550000000
1!
1"
0#
1%
1&
0'
b101 )
b10100100011101101100011000110100 .
#122600000000
0!
0"
1#
0%
0&
1'
#122650000000
1!
1"
0#
1%
1&
0'
b100 )
b01010010001110110110001100011010 .
#122700000000
0!
0"
1#
0%
0&
1'
#122750000000
1!
1"
0#
1%
1&
0'
b11 )
b00101001000111011011000110001101 .
#122800000000
0!
0"
1#
0%
0&
1'
#122850000000
1!
1"
0#
1%
1&
0'
b10 )
b11111001001101100101101111100110 .
#122900000000
0!
0"
1#
0%
0&
1'
#122950000000
1!
1"
0#
1%
1&
0'
b1 )
b01111100100110110010110111110011 .
#123000000000
0!
0"
1#
0%
0&
1'
#123050000000
1!
1"
0#
1%
1&
0'
b0 )
b11010011111101010001010111011001 .
#123100000000
0!
0"
1#
0%
0&
1'
#123150000000
1!
1"
0#
1%
1&
0'
b111 )
b100100 *
b10000100010000100000100111001100 .
#123200000000
0!
0"
1#
0%
0&
1'
#123250000000
1!
1"
0#
1%
1&
0'
b110 )
b01000010001000010000010011100110 .
#123300000000
0!
0"
1#
0%
0&
1'
#123350000000
1!
1"
0#
1%
1&
0'
b101 )
b00100001000100001000001001110011 .
#123400000000
0!
0"
1#
0%
0&
1'
#123450000000
1!
1"
0#
1%
1&
0'
b100 )
b11111101001100001100001000011001 .
#123500000000
0!
0"
1#
0%
0&
1'
#123550000000
1!
1"
0#
1%
1&
0'
b11 )
b10010011001000001110001000101100 .
#123600000000
0!
0"
1#
0%
0&
1'
#123650000000
1!
1"
0#
1%
1&
0'
b10 )
b01001001100100000111000100010110 .
#123700000000
0!
0"
1#
0%
0&
1'
#123750000000
1!
1"
0#
1%
1&
0'
b1 )
b00100100110010000011100010001011 .
#123800000000
0!
0"
1#
0%
0&
1'
#123850000000
1!
1"
0#
1%
1&
0'
b0 )
b11111111110111001001111101100101 .
#123900000000
0!
0"
1#
0%
0&
1'
#123950000000
1!
1"
0#
1%
1&
0'
b111 )
b100101 *
b10010010010101101100110010010010 .
#124000000000
0!
0"
1#
0%
0&
1'
#124050000000
1!
1"
0#
1%
1&
0'
b110 )
b01001001001010110110011001001001 .
#124100000000
0!
0"
1#
0%
0&
1'
#124150000000
1!
1"
0#
1%
1&
0'
b101 )
b11001001001011010011000000000100 .
#124200000000
0!
0"
1#
0%
0&
1'
#124250000000
1!
1"
0#
1%
1&
0'
b100 )
b01100100100101101001100000000010 .
#124300000000
0!
0"
1#
0%
0&
1'
#124350000000
1!
1"
0#
1%
1&
0'
b11 )
b00110010010010110100110000000001 .
#124400000000
0!
0"
1#
0%
0&
1'
#124450000000
1!
1"
0#
1%
1&
0'
b10 )
b11110100100111010010010100100000 .
#124500000000
0!
0"
1#
0%
0&
1'
#124550000000
1!
1"
0#
1%
1&
0'
b1 )
b01111010010011101001001010010000 .
#124600000000
0!
0"
1#
0%
0&
1'
#124650000000
1!
1"
0#
1%
1&
0'
b0 )
b00111101001001110100100101001000 .
#124700000000
0!
0"
1#
0%
0&
1'
#124750000000
1!
1"
0#
1%
1&
0'
b111 )
b100110 *
b00011110100100111010010010100100 .
#124800000000
0!
0"
1#
0%
0&
1'
#124850000000
1!
1"
0#
1%
1&
0'
b110 )
b00001111010010011101001001010010 .
#124900000000
0!
0"
1#
0%
0&
1'
#124950000000
1!
1"
0#
1%
1&
0'
b101 )
b00000111101001001110100100101001 .
#125000000000
0!
0"
1#
0%
0&
1'
#125050000000
1!
1"
0#
1%
1&
0'
b100 )
b11101110011010101111011110110100 .
#125100000000
0!
0"
1#
0%
0&
1'
#125150000000
1!
1"
0#
1%
1&
0'
b11 )
b01110111001101010111101111011010 .
#125200000000
0!
0"
1#
0%
0&
1'
#125250000000
1!
1"
0#
1%
1&
0'
b10 )
b00111011100110101011110111101101 .
#125300000000
0!
0"
1#
0%
0&
1'
#125350000000
1!
1"
0#
1%
1&
0'
b1 )
b11110000011101011101110111010110 .
#125400000000
0!
0"
1#
0%
0&
1'
#125450000000
1!
1"
0#
1%
1&
0'
b0 )
b01111000001110101110111011101011 .
#125500000000
0!
0"
1#
0%
0&
1'
#125550000000
1!
1"
0#
1%
1&
0'
b111 )
b100111 *
b11010001101001011111010001010101 .
#125600000000
0!
0"
1#
0%
0&
1'
#125650000000
1!
1"
0#
1%
1&
0'
b110 )
b10000101011010100111100100001010 .
#125700000000
0!
0"
1#
0%
0&
1'
#125750000000
1!
1"
0#
1%
1&
0'
b101 )
b01000010101101010011110010000101 .
#125800000000
0!
0"
1#
0%
0&
1'
#125850000000
1!
1"
0#
1%
1&
0'
b100 )
b11001100111000100001110101100010 .
#125900000000
0!
0"
1#
0%
0&
1'
#125950000000
1!
1"
0#
1%
1&
0'
b11 )
b01100110011100010000111010110001 .
#126000000000
0!
0"
1#
0%
0&
1'
#126050000000
1!
1"
0#
1%
1&
0'
b10 )
b11011110100000000000010001111000 .
#126100000000
0!
0"
1#
0%
0&
1'
#126150000000
1!
1"
0#
1%
1&
0'
b1 )
b01101111010000000000001000111100 .
#126200000000
0!
0"
1#
0%
0&
1'
#126250000000
1!
1"
0#
1%
1&
0'
b0 )
b00110111101000000000000100011110 .
#126300000000
0!
0"
1#
0%
0&
1'
#126350000000
1!
1"
0#
1%
1&
0'
b111 )
b101000 *
b00011011110100000000000010001111 .
#126400000000
0!
0"
1#
0%
0&
1'
#126450000000
1!
1"
0#
1%
1&
0'
b110 )
b11100000010100001000001101100111 .
#126500000000
0!
0"
1#
0%
0&
1'
#126550000000
1!
1"
0#
1%
1&
0'
b101 )
b10011101100100001100001010010011 .
#126600000000
0!
0"
1#
0%
0&
1'
#126650000000
1!
1"
0#
1%
1&
0'
b100 )
b10100011011100001110001001101001 .
#126700000000
0!
0"
1#
0%
0&
1'
#126750000000
1!
1"
0#
1%
1&
0'
b11 )
b10111100000000001111001000010100 .
#126800000000
0!
0"
1#
0%
0&
1'
#126850000000
1!
1"
0#
1%
1&
0'
b10 )
b01011110000000000111100100001010 .
#126900000000
0!
0"
1#
0%
0&
1'
#126950000000
1!
1"
0#
1%
1&
0'
b1 )
b00101111000000000011110010000101 .
#127000000000
0!
0"
1#
0%
0&
1'
#127050000000
1!
1"
0#
1%
1&
0'
b0 )
b11111010001110001001110101100010 .
#127100000000
0!
0"
1#
0%
0&
1'
#127150000000
1!
1"
0#
1%
1&
0'
b111 )
b101001 *
b01111101000111000100111010110001 .
#127200000000
0!
0"
1#
0%
0&
1'
#127250000000
1!
1"
0#
1%
1&
0'
b110 )
b11010011001101101010010001111000 .
#127300000000
0!
0"
1#
0%
0&
1'
#127350000000
1!
1"
0#
1%
1&
0'
b101 )
b01101001100110110101001000111100 .
#127400000000
0!
0"
1#
0%
0&
1'
#127450000000
1!
1"
0#
1%
1&
0'
b100 )
b00110100110011011010100100011110 .
#127500000000
0!
0"
1#
0%
0&
1'
#127550000000
1!
1"
0#
1%
1&
0'
b11 )
b00011010011001101101010010001111 .
#127600000000
0!
0"
1#
0%
0&
1'
#127650000000
1!
1"
0#
1%
1&
0'
b10 )
b11100000100010111110100101100111 .
#127700000000
0!
0"
1#
0%
0&
1'
#127750000000
1!
1"
0#
1%
1&
0'
b1 )
b10011101111111010111011110010011 .
#127800000000
0!
0"
1#
0%
0&
1'
#127850000000
1!
1"
0#
1%
1&
0'
b0 )
b10100011010001100011100011101001 .
#127900000000
0!
0"
1#
0%
0&
1'
#127950000000
1!
1"
0#
1%
1&
0'
b111 )
b101010 *
b10111100000110111001111101010100 .
#128000000000
0!
0"
1#
0%
0&
1'
#128050000000
1!
1"
0#
1%
1&
0'
b110 )
b01011110000011011100111110101010 .
#128100000000
0!
0"
1#
0%
0&
1'
#128150000000
1!
1"
0#
1%
1&
0'
b101 )
b00101111000001101110011111010101 .
#128200000000
0!
0"
1#
0%
0&
1'
#128250000000
1!
1"
0#
1%
1&
0'
b100 )
b11111010001110111111000011001010 .
#128300000000
0!
0"
1#
0%
0&
1'
#128350000000
1!
1"
0#
1%
1&
0'
b11 )
b01111101000111011111100001100101 .
#128400000000
0!
0"
1#
0%
0&
1'
#128450000000
1!
1"
0#
1%
1&
0'
b10 )
b11010011001101100111111100010010 .
#128500000000
0!
0"
1#
0%
0&
1'
#128550000000
1!
1"
0#
1%
1&
0'
b1 )
b01101001100110110011111110001001 .
#128600000000
0!
0"
1#
0%
0&
1'
#128650000000
1!
1"
0#
1%
1&
0'
b0 )
b11011001011101010001110011100100 .
#128700000000
0!
0"
1#
0%
0&
1'
#128750000000
1!
1"
0#
1%
1&
0'
b111 )
b101011 *
b01101100101110101000111001110010 .
#128800000000
0!
0"
1#
0%
0&
1'
#128850000000
1!
1"
0#
1%
1&
0'
b110 )
b00110110010111010100011100111001 .
#128900000000
0!
0"
1#
0%
0&
1'
#128950000000
1!
1"
0#
1%
1&
0'
b101 )
b11110110100101100010000010111100 .
#129000000000
0!
0"
1#
0%
0&
1'
#129050000000
1!
1"
0#
1%
1&
0'
b100 )
b01111011010010110001000001011110 .
#129100000000
0!
0"
1#
0%
0&
1'
#129150000000
1!
1"
0#
1%
1&
0'
b11 )
b00111101101001011000100000101111 .
#129200000000
0!
0"
1#
0%
0&
1'
#129250000000
1!
1"
0#
1%
1&
0'
b10 )
b11110011011010100100011100110111 .
#129300000000
0!
0"
1#
0%
0&
1'
#129350000000
1!
1"
0#
1%
1&
0'
b1 )
b10010100000011011010000010111011 .
#129400000000
0!
0"
1#
0%
0&
1'
#129450000000
1!
1"
0#
1%
1&
0'
b0 )
b10100111101111100101001101111101 .
#129500000000
0!
0"
1#
0%
0&
1'
#129550000000
1!
1"
0#
1%
1&
0'
b111 )
b101100 *
b10111110011001111010101010011110 .
#129600000000
0!
0"
1#
0%
0&
1'
#129650000000
1!
1"
0#
1%
1&
0'
b110 )
b01011111001100111101010101001111 .
#129700000000
0!
0"
1#
0%
0&
1'
#129750000000
1!
1"
0#
1%
1&
0'
b101 )
b11000010001000010110100110000111 .
#129800000000
0!
0"
1#
0%
0&
1'
#129850000000
1!
1"
0#
1%
1&
0'
b100 )
b10001100101010000011011111100011 .
#129900000000
0!
0"
1#
0%
0&
1'
#129950000000
1!
1"
0#
1%
1&
0'
b11 )
b10101011111011001001100011010001 .
#130000000000
0!
0"
1#
0%
0&
1'
#130050000000
1!
1"
0#
1%
1&
0'
b10 )
b10111000010011101100111101001000 .
#130100000000
0!
0"
1#
0%
0&
1'
#130150000000
1!
1"
0#
1%
1&
0'
b1 )
b01011100001001110110011110100100 .
#130200000000
0!
0"
1#
0%
0&
1'
#130250000000
1!
1"
0#
1%
1&
0'
b0 )
b00101110000100111011001111010010 .
#130300000000
0!
0"
1#
0%
0&
1'
#130350000000
1!
1"
0#
1%
1&
0'
b111 )
b101101 *
b00010111000010011101100111101001 .
#130400000000
0!
0"
1#
0%
0&
1'
#130450000000
1!
1"
0#
1%
1&
0'
b110 )
b11100110001111000110111111010100 .
#130500000000
0!
0"
1#
0%
0&
1'
#130550000000
1!
1"
0#
1%
1&
0'
b101 )
b01110011000111100011011111101010 .
#130600000000
0!
0"
1#
0%
0&
1'
#130650000000
1!
1"
0#
1%
1&
0'
b100 )
b00111001100011110001101111110101 .
#130700000000
0!
0"
1#
0%
0&
1'
#130750000000
1!
1"
0#
1%
1&
0'
b11 )
b11110001011111110000111011011010 .
#130800000000
0!
0"
1#
0%
0&
1'
#130850000000
1!
1"
0#
1%
1&
0'
b10 )
b01111000101111111000011101101101 .
#130900000000
0!
0"
1#
0%
0&
1'
#130950000000
1!
1"
0#
1%
1&
0'
b1 )
b11010001111001110100000010010110 .
#131000000000
0!
0"
1#
0%
0&
1'
#131050000000
1!
1"
0#
1%
1&
0'
b0 )
b01101000111100111010000001001011 .
#131100000000
0!
0"
1#
0%
0&
1'
#131150000000
1!
1"
0#
1%
1&
0'
b111 )
b0 *
b11011001110000010101001100000101 .
#131200000000
0!
0"
1#
0%
0&
1'
#131250000000
1!
1"
0#
1%
1&
0'
b1 ,
#131300000000
0!
0"
1#
0%
0&
1'
#131350000000
1!
1"
0#
1%
1&
0'
b10 ,
1-
#131400000000
0!
0"
0%
0&
#131450000000
1!
1"
1#
1%
1&
1'
b11 ,
0-
#131500000000
0!
0"
0%
0&
#131550000000
1!
1"
0#
1%
1&
0'
b100 ,
1-
#131600000000
0!
0"
0%
0&
#131650000000
1!
1"
1#
1%
1&
1'
b101 ,
#131700000000
0!
0"
0#
0%
0&
0'
#131750000000
1!
1"
1#
1%
1&
1'
b110 ,
#131800000000
0!
0"
0#
0%
0&
0'
#131850000000
1!
1"
1#
1%
1&
1'
b111 ,
#131900000000
0!
0"
0#
0%
0&
0'
#131950000000
1!
1"
1#
1%
1&
1'
b1000 ,
#132000000000
0!
0"
0#
0%
0&
0'
#132050000000
1!
1"
1#
1%
1&
1'
b1001 ,
0-
#132100000000
0!
0"
0%
0&
#132150000000
1!
1"
0#
1%
1&
0'
b1010 ,
#132200000000
0!
0"
1#
0%
0&
1'
#132250000000
1!
1"
0#
1%
1&
0'
b1011 ,
1-
#132300000000
0!
0"
0%
0&
#132350000000
1!
1"
1#
1%
1&
1'
b1100 ,
#132400000000
0!
0"
0#
0%
0&
0'
#132450000000
1!
1"
1#
1%
1&
1'
b1101 ,
0-
#132500000000
0!
0"
0%
0&
#132550000000
1!
1"
0#
1%
1&
0'
b1110 ,
1-
#132600000000
0!
0"
0%
0&
#132650000000
1!
1"
1#
1%
1&
1'
b1111 ,
0-
#132700000000
0!
0"
0%
0&
#132750000000
1!
1"
0#
1%
1&
0'
b10000 ,
1-
#132800000000
0!
0"
0%
0&
#132850000000
1!
1"
1#
1%
1&
1'
b10001 ,
0-
#132900000000
0!
0"
0%
0&
#132950000000
1!
1"
0#
1%
1&
0'
b10010 ,
1-
#133000000000
0!
0"
0%
0&
#133050000000
1!
1"
1#
1%
1&
1'
b10011 ,
#133100000000
0!
0"
0#
0%
0&
0'
#133150000000
1!
1"
1#
1%
1&
1'
b10100 ,
#133200000000
0!
0"
0#
0%
0&
0'
#133250000000
1!
1"
1#
1%
1&
1'
b10101 ,
#133300000000
0!
0"
0#
0%
0&
0'
#133350000000
1!
1"
1#
1%
1&
1'
b10110 ,
#133400000000
0!
0"
0#
0%
0&
0'
#133450000000
1!
1"
1#
1%
1&
1'
b10111 ,
0-
#133500000000
0!
0"
0%
0&
#133550000000
1!
1"
0#
1%
1&
0'
b11000 ,
#133600000000
0!
0"
1#
0%
0&
1'
#133650000000
1!
1"
0#
1%
1&
0'
b11001 ,
#133700000000
0!
0"
1#
0%
0&
1'
#133750000000
1!
1"
0#
1%
1&
0'
b11010 ,
1-
#133800000000
0!
0"
0%
0&
#133850000000
1!
1"
1#
1%
1&
1'
b11011 ,
#133900000000
0!
0"
0#
0%
0&
0'
#133950000000
1!
1"
1#
1%
1&
1'
b11100 ,
0-
#134000000000
0!
0"
0%
0&
#134050000000
1!
1"
0#
1%
1&
0'
b11101 ,
#134100000000
0!
0"
1#
0%
0&
1'
#134150000000
1!
1"
0#
1%
1&
0'
b11110 ,
1-
#134200000000
0!
0"
0%
0&
#134250000000
1!
1"
1#
1%
1&
1'
b11111 ,
0-
#134300000000
0!
0"
0%
0&
#134350000000
1!
1"
0#
0$
1%
1&
0'
0(
b0 ,
#134400000000
0!
0"
0%
0&
#134450000000
1!
1"
1%
1&
b1 +
#134500000000
0!
0"
0%
0&
#134550000000
1!
1"
1%
1&
b10 +
#134600000000
0!
0"
0%
0&
#134650000000
1!
1"
1%
1&
b11 +
#134700000000
0!
0"
0%
0&
#134750000000
1!
1"
1%
1&
b100 +
#134800000000
0!
0"
0%
0&
#134850000000
1!
1"
1%
1&
b101 +
#134900000000
0!
0"
0%
0&
#134950000000
1!
1"
1%
1&
b110 +
#135000000000
0!
0"
0%
0&
#135050000000
1!
1"
1%
1&
b111 +
#135100000000
0!
0"
0%
0&
#135150000000
1!
1"
1%
1&
b1000 +
#135200000000
0!
0"
0%
0&
#135250000000
1!
1"
1%
1&
b1001 +
#135300000000
0!
0"
0%
0&
#135350000000
1!
1"
1%
1&
b1010 +
#135400000000
0!
0"
0%
0&
#135450000000
1!
1"
1%
1&
b1011 +
#135500000000
0!
0"
0%
0&
#135550000000
1!
1"
1%
1&
b1100 +
#135600000000
0!
0"
0%
0&
#135650000000
1!
1"
1%
1&
b1101 +
#135700000000
0!
0"
0%
0&
#135750000000
1!
1"
1%
1&
b1110 +
#135800000000
0!
0"
0%
0&
#135850000000
1!
1"
1%
1&
b1111 +
#135900000000
0!
0"
0%
0&
#135950000000
1!
1"
1%
1&
b10000 +
#136000000000
0!
0"
0%
0&
#136050000000
1!
1"
1%
1&
b10001 +
#136100000000
0!
0"
0%
0&
#136150000000
1!
1"
1%
1&
b10010 +
#136200000000
0!
0"
0%
0&
#136250000000
1!
1"
1%
1&
b10011 +
#136300000000
0!
0"
0%
0&
#136350000000
1!
1"
1%
1&
b10100 +
#136400000000
0!
0"
0%
0&
#136450000000
1!
1"
1%
1&
b10101 +
#136500000000
0!
0"
0%
0&
#136550000000
1!
1"
1%
1&
b10110 +
#136600000000
0!
0"
0%
0&
#136650000000
1!
1"
1%
1&
b10111 +
#136700000000
0!
0"
0%
0&
#136750000000
1!
1"
1%
1&
b11000 +
#136800000000
0!
0"
0%
0&
#136850000000
1!
1"
1%
1&
b11001 +
#136900000000
0!
0"
0%
0&
#136950000000
1!
1"
1%
1&
b11010 +
#137000000000
0!
0"
0%
0&
#137050000000
1!
1"
1%
1&
b11011 +
#137100000000
0!
0"
0%
0&
#137150000000
1!
1"
1%
1&
b11100 +
#137200000000
0!
0"
0%
0&
#137250000000
1!
1"
1%
1&
b11101 +
#137300000000
0!
0"
0%
0&
#137350000000
1!
1"
1%
1&
b11110 +
#137400000000
0!
0"
0%
0&
#137450000000
1!
1"
1%
1&
b11111 +
#137500000000
0!
0"
0%
0&
#137550000000
1!
1"
1%
1&
b100000 +
#137600000000
0!
0"
0%
0&
#137650000000
1!
1"
1%
1&
b100001 +
#137700000000
0!
0"
0%
0&
#137750000000
1!
1"
1%
1&
b100010 +
#137800000000
0!
0"
0%
0&
#137850000000
1!
1"
1%
1&
b100011 +
#137900000000
0!
0"
0%
0&
#137950000000
1!
1"
1%
1&
b100100 +
#138000000000
0!
0"
0%
0&
#138050000000
1!
1"
1%
1&
b100101 +
#138100000000
0!
0"
0%
0&
#138150000000
1!
1"
1%
1&
b100110 +
#138200000000
0!
0"
0%
0&
#138250000000
1!
1"
1%
1&
b100111 +
#138300000000
0!
0"
0%
0&
#138350000000
1!
1"
1%
1&
b101000 +
#138400000000
0!
0"
0%
0&
#138450000000
1!
1"
1%
1&
b101001 +
#138500000000
0!
0"
0%
0&
#138550000000
1!
1"
1%
1&
b101010 +
#138600000000
0!
0"
0%
0&
#138650000000
1!
1"
1%
1&
b101011 +
#138700000000
0!
0"
0%
0&
#138750000000
1!
1"
1%
1&
b101100 +
#138800000000
0!
0"
0%
0&
#138850000000
1!
1"
1%
1&
b101101 +
#138900000000
0!
0"
0%
0&
#138950000000
1!
1"
1%
1&
b101110 +
#139000000000
0!
0"
0%
0&
#139050000000
1!
1"
1%
1&
b101111 +
#139100000000
0!
0"
0%
0&
#139150000000
1!
1"
1%
1&
b110000 +
#139200000000
0!
0"
0%
0&
#139250000000
1!
1"
1%
1&
b110001 +
#139300000000
0!
0"
0%
0&
#139350000000
1!
1"
1%
1&
b110010 +
#139400000000
0!
0"
0%
0&
#139450000000
1!
1"
1%
1&
b110011 +
#139500000000
0!
0"
0%
0&
#139550000000
1!
1"
1%
1&
b110100 +
#139600000000
0!
0"
0%
0&
#139650000000
1!
1"
1%
1&
b110101 +
#139700000000
0!
0"
0%
0&
#139750000000
1!
1"
1%
1&
b110110 +
#139800000000
0!
0"
0%
0&
#139850000000
1!
1"
1%
1&
b110111 +
#139900000000
0!
0"
0%
0&
#139950000000
1!
1"
1%
1&
b111000 +
#140000000000
0!
0"
0%
0&
#140050000000
1!
1"
1%
1&
b111001 +
#140100000000
0!
0"
0%
0&
#140150000000
1!
1"
1%
1&
b111010 +
#140200000000
0!
0"
0%
0&
#140250000000
1!
1"
1%
1&
b111011 +
#140300000000
0!
0"
0%
0&
#140350000000
1!
1"
1%
1&
b111100 +
#140400000000
0!
0"
0%
0&
#140450000000
1!
1"
1%
1&
b111101 +
#140500000000
0!
0"
0%
0&
#140550000000
1!
1"
1%
1&
b111110 +
#140600000000
0!
0"
0%
0&
#140650000000
1!
1"
1%
1&
b111111 +
#140700000000
0!
0"
0%
0&
#140750000000
1!
1"
1%
1&
b1000000 +
#140800000000
0!
0"
0%
0&
#140850000000
1!
1"
1%
1&
b1000001 +
#140900000000
0!
0"
0%
0&
#140950000000
1!
1"
1%
1&
b1000010 +
#141000000000
0!
0"
0%
0&
#141050000000
1!
1"
1%
1&
b1000011 +
#141100000000
0!
0"
0%
0&
#141150000000
1!
1"
1%
1&
b1000100 +
#141200000000
0!
0"
0%
0&
#141250000000
1!
1"
1%
1&
b1000101 +
#141300000000
0!
0"
0%
0&
#141350000000
1!
1"
1%
1&
b1000110 +
#141400000000
0!
0"
0%
0&
#141450000000
1!
1"
1%
1&
b1000111 +
#141500000000
0!
0"
0%
0&
#141550000000
1!
1"
1%
1&
b1001000 +
#141600000000
0!
0"
0%
0&
#141650000000
1!
1"
1%
1&
b1001001 +
#141700000000
0!
0"
0%
0&
#141750000000
1!
1"
1%
1&
b1001010 +
#141800000000
0!
0"
0%
0&
#141850000000
1!
1"
1%
1&
b1001011 +
#141900000000
0!
0"
0%
0&
#141950000000
1!
1"
1%
1&
b1001100 +
#142000000000
0!
0"
0%
0&
#142050000000
1!
1"
1%
1&
b1001101 +
#142100000000
0!
0"
0%
0&
#142150000000
1!
1"
1%
1&
b1001110 +
#142200000000
0!
0"
0%
0&
#142250000000
1!
1"
1%
1&
b1001111 +
#142300000000
0!
0"
0%
0&
#142350000000
1!
1"
1%
1&
b1010000 +
#142400000000
0!
0"
0%
0&
#142450000000
1!
1"
1%
1&
b1010001 +
#142500000000
0!
0"
0%
0&
#142550000000
1!
1"
1%
1&
b1010010 +
#142600000000
0!
0"
0%
0&
#142650000000
1!
1"
1%
1&
b1010011 +
#142700000000
0!
0"
0%
0&
#142750000000
1!
1"
1%
1&
b1010100 +
#142800000000
0!
0"
0%
0&
#142850000000
1!
1"
1%
1&
b1010101 +
#142900000000
0!
0"
0%
0&
#142950000000
1!
1"
1%
1&
b1010110 +
#143000000000
0!
0"
0%
0&
#143050000000
1!
1"
1%
1&
b1010111 +
#143100000000
0!
0"
0%
0&
#143150000000
1!
1"
1%
1&
b1011000 +
#143200000000
0!
0"
0%
0&
#143250000000
1!
1"
1%
1&
b1011001 +
#143300000000
0!
0"
0%
0&
#143350000000
1!
1"
1%
1&
b1011010 +
#143400000000
0!
0"
0%
0&
#143450000000
1!
1"
1%
1&
b1011011 +
#143500000000
0!
0"
0%
0&
#143550000000
1!
1"
1%
1&
b1011100 +
#143600000000
0!
0"
0%
0&
#143650000000
1!
1"
1%
1&
b1011101 +
#143700000000
0!
0"
0%
0&
#143750000000
1!
1"
1%
1&
b1011110 +
#143800000000
0!
0"
0%
0&
#143850000000
1!
1"
1%
1&
b1011111 +
#143900000000
0!
0"
0%
0&
#143950000000
1!
1"
1$
1%
1&
1(
b0 +
#144000000000
0!
0"
1#
0%
0&
1'
#144050000000
1!
1"
0#
1%
1&
0'
b110 )
1-
#144100000000
0!
0"
0%
0&
#144150000000
1!
1"
1#
1%
1&
1'
b101 )
0-
#144200000000
0!
0"
0%
0&
#144250000000
1!
1"
0#
1%
1&
0'
b100 )
1-
#144300000000
0!
0"
0%
0&
#144350000000
1!
1"
1#
1%
1&
1'
b11 )
0-
#144400000000
0!
0"
0%
0&
#144450000000
1!
1"
0#
1%
1&
0'
b10 )
1-
#144500000000
0!
0"
0%
0&
#144550000000
1!
1"
1#
1%
1&
1'
b1 )
0-
#144600000000
0!
0"
0%
0&
#144650000000
1!
1"
0#
1%
1&
0'
b0 )
1-
#144700000000
0!
0"
0%
0&
#144750000000
1!
1"
1#
1%
1&
1'
b111 )
b1 *
0-
#144800000000
0!
0"
0%
0&
#144850000000
1!
1"
0#
1%
1&
0'
b110 )
1-
#144900000000
0!
0"
0%
0&
#144950000000
1!
1"
1#
1%
1&
1'
b101 )
0-
#145000000000
0!
0"
0%
0&
#145050000000
1!
1"
0#
1%
1&
0'
b100 )
1-
#145100000000
0!
0"
0%
0&
#145150000000
1!
1"
1#
1%
1&
1'
b11 )
0-
#145200000000
0!
0"
0%
0&
#145250000000
1!
1"
0#
1%
1&
0'
b10 )
1-
#145300000000
0!
0"
0%
0&
#145350000000
1!
1"
1#
1%
1&
1'
b1 )
0-
#145400000000
0!
0"
0%
0&
#145450000000
1!
1"
0#
1%
1&
0'
b0 )
1-
#145500000000
0!
0"
0%
0&
#145550000000
1!
1"
1#
1%
1&
1'
b111 )
b10 *
0-
#145600000000
0!
0"
0%
0&
#145650000000
1!
1"
0#
1%
1&
0'
b110 )
1-
#145700000000
0!
0"
0%
0&
#145750000000
1!
1"
1#
1%
1&
1'
b101 )
0-
#145800000000
0!
0"
0%
0&
#145850000000
1!
1"
0#
1%
1&
0'
b100 )
1-
#145900000000
0!
0"
0%
0&
#145950000000
1!
1"
1#
1%
1&
1'
b11 )
0-
#146000000000
0!
0"
0%
0&
#146050000000
1!
1"
0#
1%
1&
0'
b10 )
1-
#146100000000
0!
0"
0%
0&
#146150000000
1!
1"
1#
1%
1&
1'
b1 )
0-
#146200000000
0!
0"
0%
0&
#146250000000
1!
1"
0#
1%
1&
0'
b0 )
1-
#146300000000
0!
0"
0%
0&
#146350000000
1!
1"
1#
1%
1&
1'
b111 )
b11 *
0-
#146400000000
0!
0"
0%
0&
#146450000000
1!
1"
0#
1%
1&
0'
b110 )
1-
#146500000000
0!
0"
0%
0&
#146550000000
1!
1"
1#
1%
1&
1'
b101 )
0-
#146600000000
0!
0"
0%
0&
#146650000000
1!
1"
0#
1%
1&
0'
b100 )
1-
#146700000000
0!
0"
0%
0&
#146750000000
1!
1"
1#
1%
1&
1'
b11 )
0-
#146800000000
0!
0"
0%
0&
#146850000000
1!
1"
0#
1%
1&
0'
b10 )
1-
#146900000000
0!
0"
0%
0&
#146950000000
1!
1"
1#
1%
1&
1'
b1 )
0-
#147000000000
0!
0"
0%
0&
#147050000000
1!
1"
0#
1%
1&
0'
b0 )
1-
#147100000000
0!
0"
0%
0&
#147150000000
1!
1"
1#
1%
1&
1'
b111 )
b100 *
0-
#147200000000
0!
0"
0%
0&
#147250000000
1!
1"
0#
1%
1&
0'
b110 )
1-
#147300000000
0!
0"
0%
0&
#147350000000
1!
1"
1#
1%
1&
1'
b101 )
0-
#147400000000
0!
0"
0%
0&
#147450000000
1!
1"
0#
1%
1&
0'
b100 )
1-
#147500000000
0!
0"
0%
0&
#147550000000
1!
1"
1#
1%
1&
1'
b11 )
0-
#147600000000
0!
0"
0%
0&
#147650000000
1!
1"
0#
1%
1&
0'
b10 )
1-
#147700000000
0!
0"
0%
0&
#147750000000
1!
1"
1#
1%
1&
1'
b1 )
0-
#147800000000
0!
0"
0%
0&
#147850000000
1!
1"
0#
1%
1&
0'
b0 )
1-
#147900000000
0!
0"
0%
0&
#147950000000
1!
1"
1#
1%
1&
1'
b111 )
b101 *
0-
#148000000000
0!
0"
0%
0&
#148050000000
1!
1"
0#
1%
1&
0'
b110 )
1-
#148100000000
0!
0"
0%
0&
#148150000000
1!
1"
1#
1%
1&
1'
b101 )
0-
#148200000000
0!
0"
0%
0&
#148250000000
1!
1"
0#
1%
1&
0'
b100 )
1-
#148300000000
0!
0"
0%
0&
#148350000000
1!
1"
1#
1%
1&
1'
b11 )
0-
#148400000000
0!
0"
0%
0&
#148450000000
1!
1"
0#
1%
1&
0'
b10 )
1-
#148500000000
0!
0"
0%
0&
#148550000000
1!
1"
1#
1%
1&
1'
b1 )
0-
#148600000000
0!
0"
0%
0&
#148650000000
1!
1"
0#
1%
1&
0'
b0 )
1-
#148700000000
0!
0"
0%
0&
#148750000000
1!
1"
1#
1%
1&
1'
b111 )
b110 *
0-
#148800000000
0!
0"
0%
0&
#148850000000
1!
1"
0#
1%
1&
0'
b110 )
1-
#148900000000
0!
0"
0%
0&
#148950000000
1!
1"
1#
1%
1&
1'
b101 )
0-
#149000000000
0!
0"
0%
0&
#149050000000
1!
1"
0#
1%
1&
0'
b100 )
1-
#149100000000
0!
0"
0%
0&
#149150000000
1!
1"
1#
1%
1&
1'
b11 )
0-
#149200000000
0!
0"
0%
0&
#149250000000
1!
1"
0#
1%
1&
0'
b10 )
1-
#149300000000
0!
0"
0%
0&
#149350000000
1!
1"
1#
1%
1&
1'
b1 )
0-
#149400000000
0!
0"
0%
0&
#149450000000
1!
1"
0#
1%
1&
0'
b0 )
1-
#149500000000
0!
0"
0%
0&
#149550000000
1!
1"
1#
1%
1&
1'
b111 )
b0 *
0-
#149600000000
0!
0"
0%
0&
#149650000000
1!
1"
0#
1%
1&
0'
b110 )
1-
#149700000000
0!
0"
0%
0&
#149750000000
1!
1"
1#
1%
1&
1'
b101 )
0-
#149800000000
0!
0"
0%
0&
#149850000000
1!
1"
0#
1%
1&
0'
b100 )
1-
#149900000000
0!
0"
0%
0&
#149950000000
1!
1"
1#
1%
1&
1'
b11 )
0-
#150000000000
0!
0"
0%
0&
#150050000000
1!
1"
0#
1%
1&
0'
b10 )
1-
#150100000000
0!
0"
0%
0&
#150150000000
1!
1"
1#
1%
1&
1'
b1 )
0-
#150200000000
0!
0"
0%
0&
#150250000000
1!
1"
0#
1%
1&
0'
b0 )
1-
#150300000000
0!
0"
0%
0&
#150350000000
1!
1"
1#
1%
1&
1'
b111 )
b11111111111111111111111111111111 .
#150400000000
0!
0"
0#
0%
0&
0'
#150450000000
1!
1"
1#
1%
1&
1'
b110 )
b01111111111111111111111111111111 .
#150500000000
0!
0"
0#
0%
0&
0'
#150550000000
1!
1"
1#
1%
1&
1'
b101 )
b00111111111111111111111111111111 .
#150600000000
0!
0"
0#
0%
0&
0'
#150650000000
1!
1"
1#
1%
1&
1'
b100 )
b00011111111111111111111111111111 .
#150700000000
0!
0"
0#
0%
0&
0'
#150750000000
1!
1"
1#
1%
1&
1'
b11 )
b00001111111111111111111111111111 .
#150800000000
0!
0"
0#
0%
0&
0'
#150850000000
1!
1"
1#
1%
1&
1'
b10 )
b00000111111111111111111111111111 .
#150900000000
0!
0"
0#
0%
0&
0'
#150950000000
1!
1"
1#
1%
1&
1'
b1 )
b00000011111111111111111111111111 .
#151000000000
0!
0"
0#
0%
0&
0'
#151050000000
1!
1"
1#
1%
1&
1'
b0 )
b00000001111111111111111111111111 .
#151100000000
0!
0"
0#
0%
0&
0'
#151150000000
1!
1"
1#
1%
1&
1'
b111 )
b1 *
b00000000111111111111111111111111 .
#151200000000
0!
0"
0#
0%
0&
0'
#151250000000
1!
1"
1#
1%
1&
1'
b110 )
b00000000011111111111111111111111 .
#151300000000
0!
0"
0#
0%
0&
0'
#151350000000
1!
1"
1#
1%
1&
1'
b101 )
b00000000001111111111111111111111 .
#151400000000
0!
0"
0#
0%
0&
0'
#151450000000
1!
1"
1#
1%
1&
1'
b100 )
b00000000000111111111111111111111 .
#151500000000
0!
0"
0#
0%
0&
0'
#151550000000
1!
1"
1#
1%
1&
1'
b11 )
b00000000000011111111111111111111 .
#151600000000
0!
0"
0#
0%
0&
0'
#151650000000
1!
1"
1#
1%
1&
1'
b10 )
b00000000000001111111111111111111 .
#151700000000
0!
0"
0#
0%
0&
0'
#151750000000
1!
1"
1#
1%
1&
1'
b1 )
b00000000000000111111111111111111 .
#151800000000
0!
0"
0#
0%
0&
0'
#151850000000
1!
1"
1#
1%
1&
1'
b0 )
b00000000000000011111111111111111 .
#151900000000
0!
0"
0#
0%
0&
0'
#151950000000
1!
1"
1#
1%
1&
1'
b111 )
b10 *
b00000000000000001111111111111111 .
#152000000000
0!
0"
0#
0%
0&
0'
#152050000000
1!
1"
1#
1%
1&
1'
b110 )
b00000000000000000111111111111111 .
#152100000000
0!
0"
0#
0%
0&
0'
#152150000000
1!
1"
1#
1%
1&
1'
b101 )
b00000000000000000011111111111111 .
#152200000000
0!
0"
0#
0%
0&
0'
#152250000000
1!
1"
1#
1%
1&
1'
b100 )
b00000000000000000001111111111111 .
#152300000000
0!
0"
0#
0%
0&
0'
#152350000000
1!
1"
1#
1%
1&
1'
b11 )
b00000000000000000000111111111111 .
#152400000000
0!
0"
0#
0%
0&
0'
#152450000000
1!
1"
1#
1%
1&
1'
b10 )
b00000000000000000000011111111111 .
#152500000000
0!
0"
0#
0%
0&
0'
#152550000000
1!
1"
1#
1%
1&
1'
b1 )
b00000000000000000000001111111111 .
#152600000000
0!
0"
0#
0%
0&
0'
#152650000000
1!
1"
1#
1%
1&
1'
b0 )
b00000000000000000000000111111111 .
#152700000000
0!
0"
0#
0%
0&
0'
#152750000000
1!
1"
1#
1%
1&
1'
b111 )
b11 *
b00000000000000000000000011111111 .
#152800000000
0!
0"
0#
0%
0&
0'
#152850000000
1!
1"
1#
1%
1&
1'
b110 )
b00000000000000000000000001111111 .
#152900000000
0!
0"
0#
0%
0&
0'
#152950000000
1!
1"
1#
1%
1&
1'
b101 )
b00000000000000000000000000111111 .
#153000000000
0!
0"
0#
0%
0&
0'
#153050000000
1!
1"
1#
1%
1&
1'
b100 )
b00000000000000000000000000011111 .
#153100000000
0!
0"
0#
0%
0&
0'
#153150000000
1!
1"
1#
1%
1&
1'
b11 )
b00000000000000000000000000001111 .
#153200000000
0!
0"
0#
0%
0&
0'
#153250000000
1!
1"
1#
1%
1&
1'
b10 )
b00000000000000000000000000000111 .
#153300000000
0!
0"
0#
0%
0&
0'
#153350000000
1!
1"
1#
1%
1&
1'
b1 )
b00000000000000000000000000000011 .
#153400000000
0!
0"
0#
0%
0&
0'
#153450000000
1!
1"
1#
1%
1&
1'
b0 )
b00000000000000000000000000000001 .
#153500000000
0!
0"
0#
0%
0&
0'
#153550000000
1!
1"
1#
1%
1&
1'
b111 )
b100 *
b00000000000000000000000000000000 .
#153600000000
0!
0"
0#
0%
0&
0'
#153650000000
1!
1"
1#
1%
1&
1'
b110 )
b11101101101110001000001100100000 .
#153700000000
0!
0"
0#
0%
0&
0'
#153750000000
1!
1"
1#
1%
1&
1'
b101 )
b10011011011001001100001010110000 .
#153800000000
0!
0"
0#
0%
0&
0'
#153850000000
1!
1"
1#
1%
1&
1'
b100 )
b10100000000010101110001001111000 .
#153900000000
0!
0"
0#
0%
0&
0'
#153950000000
1!
1"
1#
1%
1&
1'
b11 )
b10111101101111011111001000011100 .
#154000000000
0!
0"
0#
0%
0&
0'
#154050000000
1!
1"
1#
1%
1&
1'
b10 )
b10110011011001100111101000101110 .
#154100000000
0!
0"
0#
0%
0&
0'
#154150000000
1!
1"
1#
1%
1&
1'
b1 )
b10110100000010111011111000110111 .
#154200000000
0!
0"
0#
0%
0&
0'
#154250000000
1!
1"
1#
1%
1&
1'
b0 )
b01011010000001011101111100011011 .
#154300000000
0!
0"
0#
0%
0&
0'
#154350000000
1!
1"
1#
1%
1&
1'
b111 )
b101 *
b00101101000000101110111110001101 .
#154400000000
0!
0"
0#
0%
0&
0'
#154450000000
1!
1"
1#
1%
1&
1'
b110 )
b00010110100000010111011111000110 .
#154500000000
0!
0"
0#
0%
0&
0'
#154550000000
1!
1"
1#
1%
1&
1'
b101 )
b11100110111110000011100011000011 .
#154600000000
0!
0"
0#
0%
0&
0'
#154650000000
1!
1"
1#
1%
1&
1'
b100 )
b01110011011111000001110001100001 .
#154700000000
0!
0"
0#
0%
0&
0'
#154750000000
1!
1"
1#
1%
1&
1'
b11 )
b00111001101111100000111000110000 .
#154800000000
0!
0"
0#
0%
0&
0'
#154850000000
1!
1"
1#
1%
1&
1'
b10 )
b11110001011001111000010000111000 .
#154900000000
0!
0"
0#
0%
0&
0'
#154950000000
1!
1"
1#
1%
1&
1'
b1 )
b10010101000010110100000100111100 .
#155000000000
0!
0"
0#
0%
0&
0'
#155050000000
1!
1"
1#
1%
1&
1'
b0 )
b10100111001111010010001110111110 .
#155100000000
0!
0"
0#
0%
0&
0'
#155150000000
1!
1"
1#
1%
1&
1'
b111 )
b0 *
b10111110001001100001001011111111 .
#155200000000
0!
0"
0#
0%
0&
0'
#155250000000
1!
1"
1#
1%
1&
1'
b110 )
0-
b10110010101010111000101001011111 .
#155300000000
0!
0"
0%
0&
#155350000000
1!
1"
0#
1%
1&
0'
b101 )
b10110100111011010100011000001111 .
#155400000000
0!
0"
1#
0%
0&
1'
#155450000000
1!
1"
0#
1%
1&
0'
b100 )
b10110111110011100010000000100111 .
#155500000000
0!
0"
1#
0%
0&
1'
#155550000000
1!
1"
0#
1%
1&
0'
b11 )
b10110110010111111001001100110011 .
#155600000000
0!
0"
1#
0%
0&
1'
#155650000000
1!
1"
0#
1%
1&
0'
b10 )
1-
b01011011001011111100100110011001 .
#155700000000
0!
0"
0%
0&
#155750000000
1!
1"
1#
1%
1&
1'
b1 )
0-
b11000000001011110110011111101100 .
#155800000000
0!
0"
0%
0&
#155850000000
1!
1"
0#
1%
1&
0'
b0 )
b01100000000101111011001111110110 .
#155900000000
0!
0"
1#
0%
0&
1'
#155950000000
1!
1"
0#
1%
1&
0'
b111 )
b1 *
b00110000000010111101100111111011 .
#156000000000
0!
0"
1#
0%
0&
1'
#156050000000
1!
1"
0#
1%
1&
0'
b110 )
b11110101101111010110111111011101 .
#156100000000
0!
0"
1#
0%
0&
1'
#156150000000
1!
1"
0#
1%
1&
0'
b101 )
1-
b01111010110111101011011111101110 .
#156200000000
0!
0"
0%
0&
#156250000000
1!
1"
1#
1%
1&
1'
b100 )
0-
b00111101011011110101101111110111 .
#156300000000
0!
0"
0%
0&
#156350000000
1!
1"
0#
1%
1&
0'
b11 )
b11110011000011110010111011011011 .
#156400000000
0!
0"
1#
0%
0&
1'
#156450000000
1!
1"
0#
1%
1&
0'
b10 )
b10010100001111110001010001001101 .
#156500000000
0!
0"
1#
0%
0&
1'
#156550000000
1!
1"
0#
1%
1&
0'
b1 )
b10100111101001110000100100000110 .
#156600000000
0!
0"
1#
0%
0&
1'
#156650000000
1!
1"
0#
1%
1&
0'
b0 )
b01010011110100111000010010000011 .
#156700000000
0!
0"
1#
0%
0&
1'
#156750000000
1!
1"
0#
1%
1&
0'
b111 )
b10 *
1-
b00101001111010011100001001000001 .
#156800000000
0!
0"
0%
0&
#156850000000
1!
1"
1#
1%
1&
1'
b110 )
0-
b11111001010011000110001000000000 .
#156900000000
0!
0"
0%
0&
#156950000000
1!
1"
0#
1%
1&
0'
b101 )
1-
b10010001000111101011001000100000 .
#157000000000
0!
0"
0%
0&
#157050000000
1!
1"
1#
1%
1&
1'
b100 )
b10100101001101111101101000110000 .
#157100000000
0!
0"
0#
0%
0&
0'
#157150000000
1!
1"
1#
1%
1&
1'
b11 )
0-
b01010010100110111110110100011000 .
#157200000000
0!
0"
0%
0&
#157250000000
1!
1"
0#
1%
1&
0'
b10 )
b00101001010011011111011010001100 .
#157300000000
0!
0"
1#
0%
0&
1'
#157350000000
1!
1"
0#
1%
1&
0'
b1 )
b00010100101001101111101101000110 .
#157400000000
0!
0"
1#
0%
0&
1'
#157450000000
1!
1"
0#
1%
1&
0'
b0 )
b00001010010100110111110110100011 .
#157500000000
0!
0"
1#
0%
0&
1'
#157550000000
1!
1"
0#
1%
1&
0'
b111 )
b11 *
1-
b00000101001010011011111011010001 .
#157600000000
0!
0"
0%
0&
#157650000000
1!
1"
1#
1%
1&
1'
b110 )
0-
b11101111001011000101110001001000 .
#157700000000
0!
0"
0%
0&
#157750000000
1!
1"
0#
1%
1&
0'
b101 )
b01110111100101100010111000100100 .
#157800000000
0!
0"
1#
0%
0&
1'
#157850000000
1!
1"
0#
1%
1&
0'
b100 )
b00111011110010110001011100010010 .
#157900000000
0!
0"
1#
0%
0&
1'
#157950000000
1!
1"
0#
1%
1&
0'
b11 )
1-
b11110000010111010000100010101001 .
#158000000000
0!
0"
0%
0&
#158050000000
1!
1"
1#
1%
1&
1'
b10 )
b01111000001011101000010001010100 .
#158100000000
0!
0"
0#
0%
0&
0'
#158150000000
1!
1"
1#
1%
1&
1'
b1 )
0-
b00111100000101110100001000101010 .
#158200000000
0!
0"
0%
0&
#158250000000
1!
1"
0#
1%
1&
0'
b0 )
b00011110000010111010000100010101 .
#158300000000
0!
0"
1#
0%
0&
1'
#158350000000
1!
1"
0#
1%
1&
0'
b111 )
b100 *
b11100010101111010101001110101010 .
#158400000000
0!
0"
1#
0%
0&
1'
#158450000000
1!
1"
0#
1%
1&
0'
b110 )
b01110001010111101010100111010101 .
#158500000000
0!
0"
1#
0%
0&
1'
#158550000000
1!
1"
0#
1%
1&
0'
b101 )
1-
b00111000101011110101010011101010 .
#158600000000
0!
0"
0%
0&
#158650000000
1!
1"
1#
1%
1&
1'
b100 )
0-
b00011100010101111010101001110101 .
#158700000000
0!
0"
0%
0&
#158750000000
1!
1"
0#
1%
1&
0'
b11 )
1-
b00001110001010111101010100111010 .
#158800000000
0!
0"
0%
0&
#158850000000
1!
1"
1#
1%
1&
1'
b10 )
0-
b00000111000101011110101010011101 .
#158900000000
0!
0"
0%
0&
#158950000000
1!
1"
0#
1%
1&
0'
b1 )
1-
b00000011100010101111010101001110 .
#159000000000
0!
0"
0%
0&
#159050000000
1!
1"
1#
1%
1&
1'
b0 )
b11101100011111011111100110000111 .
#159100000000
0!
0"
0#
0%
0&
0'
#159150000000
1!
1"
1#
1%
1&
1'
b111 )
b101 *
b01110110001111101111110011000011 .
#159200000000
0!
0"
0#
0%
0&
0'
#159250000000
1!
1"
1#
1%
1&
1'
b110 )
0-
b11010110101001111111110101000001 .
#159300000000
0!
0"
0%
0&
#159350000000
1!
1"
0#
1%
1&
0'
b101 )
b10000110111010110111110110000000 .
#159400000000
0!
0"
1#
0%
0&
1'
#159450000000
1!
1"
0#
1%
1&
0'
b100 )
b01000011011101011011111011000000 .
#159500000000
0!
0"
1#
0%
0&
1'
#159550000000
1!
1"
0#
1%
1&
0'
b11 )
1-
b11001100000000100101110001000000 .
#159600000000
0!
0"
0%
0&
#159650000000
1!
1"
1#
1%
1&
1'
b10 )
0-
b01100110000000010010111000100000 .
#159700000000
0!
0"
0%
0&
#159750000000
1!
1"
0#
1%
1&
0'
b1 )
b00110011000000001001011100010000 .
#159800000000
0!
0"
1#
0%
0&
1'
#159850000000
1!
1"
0#
1%
1&
0'
b0 )
b00011001100000000100101110001000 .
#159900000000
0!
0"
1#
0%
0&
1'
#159950000000
1!
1"
0#
1%
1&
0'
b111 )
b0 *
b00001100110000000010010111000100 .
#160000000000
0!
0"
1#
0%
0&
1'
#160050000000
1!
1"
0#
1%
1&
0'
b110 )
b00000110011000000001001011100010 .
#160100000000
0!
0"
1#
0%
0&
1'
#160150000000
1!
1"
0#
1%
1&
0'
b101 )
b00000011001100000000100101110001 .
#160200000000
0!
0"
1#
0%
0&
1'
#160250000000
1!
1"
0#
1%
1&
0'
b100 )
b11101100001000001000011110011000 .
#160300000000
0!
0"
1#
0%
0&
1'
#160350000000
1!
1"
0#
1%
1&
0'
b11 )
1-
b10011011101010001100000011101100 .
#160400000000
0!
0"
0%
0&
#160450000000
1!
1"
1#
1%
1&
1'
b10 )
0-
b01001101110101000110000001110110 .
#160500000000
0!
0"
0%
0&
#160550000000
1!
1"
0#
1%
1&
0'
b1 )
b00100110111010100011000000111011 .
#160600000000
0!
0"
1#
0%
0&
1'
#160650000000
1!
1"
0#
1%
1&
0'
b0 )
b11111110110011011001101100111101 .
#160700000000
0!
0"
1#
0%
0&
1'
#160750000000
1!
1"
0#
1%
1&
0'
b111 )
b1 *
1-
b01111111011001101100110110011110 .
#160800000000
0!
0"
0%
0&
#160850000000
1!
1"
1#
1%
1&
1'
b110 )
b11010010000010111110010111101111 .
#160900000000
0!
0"
0#
0%
0&
0'
#160950000000
1!
1"
1#
1%
1&
1'
b101 )
0-
b10000100101111010111000111010111 .
#161000000000
0!
0"
0%
0&
#161050000000
1!
1"
0#
1%
1&
0'
b100 )
1-
b01000010010111101011100011101011 .
#161100000000
0!
0"
0%
0&
#161150000000
1!
1"
1#
1%
1&
1'
b11 )
0-
b11001100100101111101111101010101 .
#161200000000
0!
0"
0%
0&
#161250000000
1!
1"
0#
1%
1&
0'
b10 )
1-
b01100110010010111110111110101010 .
#161300000000
0!
0"
0%
0&
#161350000000
1!
1"
1#
1%
1&
1'
b1 )
b11011110100111010111010011110101 .
#161400000000
0!
0"
0#
0%
0&
0'
#161450000000
1!
1"
1#
1%
1&
1'
b0 )
0-
b10000010111101100011100101011010 .
#161500000000
0!
0"
0%
0&
#161550000000
1!
1"
0#
1%
1&
0'
b111 )
b0 *
1-
b10101100110000111001111110001101 .
#161600000000
0!
0"
0%
0&
#161650000000
1!
1"
1#
1%
1&
1'
b110 )
0-
b10111011110110010100110011100110 .
#161700000000
0!
0"
0%
0&
#161750000000
1!
1"
0#
1%
1&
0'
b101 )
b01011101111011001010011001110011 .
#161800000000
0!
0"
1#
0%
0&
1'
#161850000000
1!
1"
0#
1%
1&
0'
b100 )
b11000011010011101101000000011001 .
#161900000000
0!
0"
1#
0%
0&
1'
#161950000000
1!
1"
0#
1%
1&
0'
b11 )
b10001100000111111110101100101100 .
#162000000000
0!
0"
1#
0%
0&
1'
#162050000000
1!
1"
0#
1%
1&
0'
b10 )
b01000110000011111111010110010110 .
#162100000000
0!
0"
1#
0%
0&
1'
#162150000000
1!
1"
0#
1%
1&
0'
b1 )
b00100011000001111111101011001011 .
#162200000000
0!
0"
1#
0%
0&
1'
#162250000000
1!
1"
0#
1%
1&
0'
b0 )
b11111100001110110111111001000101 .
#162300000000
0!
0"
1#
0%
0&
1'
#162350000000
1!
1"
0#
1%
1&
0'
b111 )
b1 *
b10010011101001010011110000000010 .
#162400000000
0!
0"
1#
0%
0&
1'
#162450000000
1!
1"
0#
1%
1&
0'
b110 )
b01001001110100101001111000000001 .
#162500000000
0!
0"
1#
0%
0&
1'
#162550000000
1!
1"
0#
1%
1&
0'
b101 )
b11001001010100011100110000100000 .
#162600000000
0!
0"
1#
0%
0&
1'
#162650000000
1!
1"
0#
1%
1&
0'
b100 )
b01100100101010001110011000010000 .
#162700000000
0!
0"
1#
0%
0&
1'
#162750000000
1!
1"
0#
1%
1&
0'
b11 )
b00110010010101000111001100001000 .
#162800000000
0!
0"
1#
0%
0&
1'
#162850000000
1!
1"
0#
1%
1&
0'
b10 )
b00011001001010100011100110000100 .
#162900000000
0!
0"
1#
0%
0&
1'
#162950000000
1!
1"
0#
1%
1&
0'
b1 )
b00001100100101010001110011000010 .
#163000000000
0!
0"
1#
0%
0&
1'
#163050000000
1!
1"
0#
1%
1&
0'
b0 )
b00000110010010101000111001100001 .
#163100000000
0!
0"
1#
0%
0&
1'
#163150000000
1!
1"
0#
1%
1&
0'
b111 )
b10 *
b11101110100111011100010000010000 .
#163200000000
0!
0"
1#
0%
0&
1'
#163250000000
1!
1"
0#
1%
1&
0'
b110 )
b01110111010011101110001000001000 .
#163300000000
0!
0"
1#
0%
0&
1'
#163350000000
1!
1"
0#
1%
1&
0'
b101 )
b00111011101001110111000100000100 .
#163400000000
0!
0"
1#
0%
0&
1'
#163450000000
1!
1"
0#
1%
1&
0'
b100 )
b00011101110100111011100010000010 .
#163500000000
0!
0"
1#
0%
0&
1'
#163550000000
1!
1"
0#
1%
1&
0'
b11 )
b00001110111010011101110001000001 .
#163600000000
0!
0"
1#
0%
0&
1'
#163650000000
1!
1"
0#
1%
1&
0'
b10 )
b11101010110011000110110100000000 .
#163700000000
0!
0"
1#
0%
0&
1'
#163750000000
1!
1"
0#
1%
1&
0'
b1 )
b01110101011001100011011010000000 .
#163800000000
0!
0"
1#
0%
0&
1'
#163850000000
1!
1"
0#
1%
1&
0'
b0 )
b00111010101100110001101101000000 .
#163900000000
0!
0"
1#
0%
0&
1'
#163950000000
1!
1"
0#
1%
1&
0'
b111 )
b11 *
b00011101010110011000110110100000 .
#164000000000
0!
0"
1#
0%
0&
1'
#164050000000
1!
1"
0#
1%
1&
0'
b110 )
b00001110101011001100011011010000 .
#164100000000
0!
0"
1#
0%
0&
1'
#164150000000
1!
1"
0#
1%
1&
0'
b101 )
b00000111010101100110001101101000 .
#164200000000
0!
0"
1#
0%
0&
1'
#164250000000
1!
1"
0#
1%
1&
0'
b100 )
b00000011101010110011000110110100 .
#164300000000
0!
0"
1#
0%
0&
1'
#164350000000
1!
1"
0#
1%
1&
0'
b11 )
b00000001110101011001100011011010 .
#164400000000
0!
0"
1#
0%
0&
1'
#164450000000
1!
1"
0#
1%
1&
0'
b10 )
b00000000111010101100110001101101 .
#164500000000
0!
0"
1#
0%
0&
1'
#164550000000
1!
1"
0#
1%
1&
0'
b1 )
b11101101110011011110010100010110 .
#164600000000
0!
0"
1#
0%
0&
1'
#164650000000
1!
1"
0#
1%
1&
0'
b0 )
b01110110111001101111001010001011 .
#164700000000
0!
0"
1#
0%
0&
1'
#164750000000
1!
1"
0#
1%
1&
0'
b111 )
b100 *
b11010110110010111111101001100101 .
#164800000000
0!
0"
1#
0%
0&
1'
#164850000000
1!
1"
0#
1%
1&
0'
b110 )
b10000110110111010111111000010010 .
#164900000000
0!
0"
1#
0%
0&
1'
#164950000000
1!
1"
0#
1%
1&
0'
b101 )
b01000011011011101011111100001001 .
#165000000000
0!
0"
1#
0%
0&
1'
#165050000000
1!
1"
0#
1%
1&
0'
b100 )
b11001100000011111101110010100100 .
#165100000000
0!
0"
1#
0%
0&
1'
#165150000000
1!
1"
0#
1%
1&
0'
b11 )
b01100110000001111110111001010010 .
#165200000000
0!
0"
1#
0%
0&
1'
#165250000000
1!
1"
0#
1%
1&
0'
b10 )
b00110011000000111111011100101001 .
#165300000000
0!
0"
1#
0%
0&
1'
#165350000000
1!
1"
0#
1%
1&
0'
b1 )
b11110100001110010111100010110100 .
#165400000000
0!
0"
1#
0%
0&
1'
#165450000000
1!
1"
0#
1%
1&
0'
b0 )
b01111010000111001011110001011010 .
#165500000000
0!
0"
1#
0%
0&
1'
#165550000000
1!
1"
0#
1%
1&
0'
b111 )
b101 *
b00111101000011100101111000101101 .
#165600000000
0!
0"
1#
0%
0&
1'
#165650000000
1!
1"
0#
1%
1&
0'
b110 )
b11110011001111111010110000110110 .
#165700000000
0!
0"
1#
0%
0&
1'
#165750000000
1!
1"
0#
1%
1&
0'
b101 )
b01111001100111111101011000011011 .
#165800000000
0!
0"
1#
0%
0&
1'
#165850000000
1!
1"
0#
1%
1&
0'
b100 )
b11010001011101110110100000101101 .
#165900000000
0!
0"
1#
0%
0&
1'
#165950000000
1!
1"
0#
1%
1&
0'
b11 )
b10000101000000110011011100110110 .
#166000000000
0!
0"
1#
0%
0&
1'
#166050000000
1!
1"
0#
1%
1&
0'
b10 )
b01000010100000011001101110011011 .
#166100000000
0!
0"
1#
0%
0&
1'
#166150000000
1!
1"
0#
1%
1&
0'
b1 )
b11001100111110000100111011101101 .
#166200000000
0!
0"
1#
0%
0&
1'
#166250000000
1!
1"
0#
1%
1&
0'
b0 )
b10001011110001001010010001010110 .
#166300000000
0!
0"
1#
0%
0&
1'
#166350000000
1!
1"
0#
1%
1&
0'
b111 )
b110 *
b01000101111000100101001000101011 .
#166400000000
0!
0"
1#
0%
0&
1'
#166450000000
1!
1"
0#
1%
1&
0'
b110 )
b11001111010010011010101000110101 .
#166500000000
0!
0"
1#
0%
0&
1'
#166550000000
1!
1"
0#
1%
1&
0'
b101 )
b10001010000111000101011000111010 .
#166600000000
0!
0"
1#
0%
0&
1'
#166650000000
1!
1"
0#
1%
1&
0'
b100 )
b01000101000011100010101100011101 .
#166700000000
0!
0"
1#
0%
0&
1'
#166750000000
1!
1"
0#
1%
1&
0'
b11 )
b11001111001111111001011010101110 .
#166800000000
0!
0"
1#
0%
0&
1'
#166850000000
1!
1"
0#
1%
1&
0'
b10 )
b01100111100111111100101101010111 .
#166900000000
0!
0"
1#
0%
0&
1'
#166950000000
1!
1"
0#
1%
1&
0'
b1 )
b11011110011101110110011010001011 .
#167000000000
0!
0"
1#
0%
0&
1'
#167050000000
1!
1"
0#
1%
1&
0'
b0 )
b10000010100000110011000001100101 .
#167100000000
0!
0"
1#
0%
0&
1'
#167150000000
1!
1"
0#
1%
1&
0'
b111 )
b111 *
b10101100111110010001101100010010 .
#167200000000
0!
0"
1#
0%
0&
1'
#167250000000
1!
1"
0#
1%
1&
0'
b110 )
b01010110011111001000110110001001 .
#167300000000
0!
0"
1#
0%
0&
1'
#167350000000
1!
1"
0#
1%
1&
0'
b101 )
b11000110100001101100010111100100 .
#167400000000
0!
0"
1#
0%
0&
1'
#167450000000
1!
1"
0#
1%
1&
0'
b100 )
b01100011010000110110001011110010 .
#167500000000
0!
0"
1#
0%
0&
1'
#167550000000
1!
1"
0#
1%
1&
0'
b11 )
b00110001101000011011000101111001 .
#167600000000
0!
0"
1#
0%
0&
1'
#167650000000
1!
1"
0#
1%
1&
0'
b10 )
b11110101011010000101101110011100 .
#167700000000
0!
0"
1#
0%
0&
1'
#167750000000
1!
1"
0#
1%
1&
0'
b1 )
b01111010101101000010110111001110 .
#167800000000
0!
0"
1#
0%
0&
1'
#167850000000
1!
1"
0#
1%
1&
0'
b0 )
b00111101010110100001011011100111 .
#167900000000
0!
0"
1#
0%
0&
1'
#167950000000
1!
1"
0#
1%
1&
0'
b111 )
b1000 *
b11110011000101011000100001010011 .
#168000000000
0!
0"
1#
0%
0&
1'
#168050000000
1!
1"
0#
1%
1&
0'
b110 )
b10010100001100100100011100001001 .
#168100000000
0!
0"
1#
0%
0&
1'
#168150000000
1!
1"
0#
1%
1&
0'
b101 )
b10100111101000011010000010100100 .
#168200000000
0!
0"
1#
0%
0&
1'
#168250000000
1!
1"
0#
1%
1&
0'
b100 )
b01010011110100001101000001010010 .
#168300000000
0!
0"
1#
0%
0&
1'
#168350000000
1!
1"
0#
1%
1&
0'
b11 )
b00101001111010000110100000101001 .
#168400000000
0!
0"
1#
0%
0&
1'
#168450000000
1!
1"
0#
1%
1&
0'
b10 )
b11111001010011001011011100110100 .
#168500000000
0!
0"
1#
0%
0&
1'
#168550000000
1!
1"
0#
1%
1&
0'
b1 )
b01111100101001100101101110011010 .
#168600000000
0!
0"
1#
0%
0&
1'
#168650000000
1!
1"
0#
1%
1&
0'
b0 )
b00111110010100110010110111001101 .
#168700000000
0!
0"
1#
0%
0&
1'
#168750000000
1!
1"
0#
1%
1&
0'
b111 )
b1001 *
b11110010100100010001010111000110 .
#168800000000
0!
0"
1#
0%
0&
1'
#168850000000
1!
1"
0#
1%
1&
0'
b110 )
b01111001010010001000101011100011 .
#168900000000
0!
0"
1#
0%
0&
1'
#168950000000
1!
1"
0#
1%
1&
0'
b101 )
b11010001000111001100011001010001 .
#169000000000
0!
0"
1#
0%
0&
1'
#169050000000
1!
1"
0#
1%
1&
0'
b100 )
b10000101001101101110000000001000 .
#169100000000
0!
0"
1#
0%
0&
1'
#169150000000
1!
1"
0#
1%
1&
0'
b11 )
b01000010100110110111000000000100 .
#169200000000
0!
0"
1#
0%
0&
1'
#169250000000
1!
1"
0#
1%
1&
0'
b10 )
b00100001010011011011100000000010 .
#169300000000
0!
0"
1#
0%
0&
1'
#169350000000
1!
1"
0#
1%
1&
0'
b1 )
b00010000101001101101110000000001 .
#169400000000
0!
0"
1#
0%
0&
1'
#169450000000
1!
1"
0#
1%
1&
0'
b0 )
b11100101111010111110110100100000 .
#169500000000
0!
0"
1#
0%
0&
1'
#169550000000
1!
1"
0#
1%
1&
0'
b111 )
b1010 *
b01110010111101011111011010010000 .
#169600000000
0!
0"
1#
0%
0&
1'
#169650000000
1!
1"
0#
1%
1&
0'
b110 )
b00111001011110101111101101001000 .
#169700000000
0!
0"
1#
0%
0&
1'
#169750000000
1!
1"
0#
1%
1&
0'
b101 )
b00011100101111010111110110100100 .
#169800000000
0!
0"
1#
0%
0&
1'
#169850000000
1!
1"
0#
1%
1&
0'
b100 )
b00001110010111101011111011010010 .
#169900000000
0!
0"
1#
0%
0&
1'
#169950000000
1!
1"
0#
1%
1&
0'
b11 )
b00000111001011110101111101101001 .
#170000000000
0!
0"
1#
0%
0&
1'
#170050000000
1!
1"
0#
1%
1&
0'
b10 )
b11101110001011110010110010010100 .
#170100000000
0!
0"
1#
0%
0&
1'
#170150000000
1!
1"
0#
1%
1&
0'
b1 )
b01110111000101111001011001001010 .
#170200000000
0!
0"
1#
0%
0&
1'
#170250000000
1!
1"
0#
1%
1&
0'
b0 )
b00111011100010111100101100100101 .
#170300000000
0!
0"
1#
0%
0&
1'
#170350000000
1!
1"
0#
1%
1&
0'
b111 )
b1011 *
b11110000011111010110011010110010 .
#170400000000
0!
0"
1#
0%
0&
1'
#170450000000
1!
1"
0#
1%
1&
0'
b110 )
b01111000001111101011001101011001 .
#170500000000
0!
0"
1#
0%
0&
1'
#170550000000
1!
1"
0#
1%
1&
0'
b101 )
b11010001101001111101101010001100 .
#170600000000
0!
0"
1#
0%
0&
1'
#170650000000
1!
1"
0#
1%
1&
0'
b100 )
b01101000110100111110110101000110 .
#170700000000
0!
0"
1#
0%
0&
1'
#170750000000
1!
1"
0#
1%
1&
0'
b11 )
b00110100011010011111011010100011 .
#170800000000
0!
0"
1#
0%
0&
1'
#170850000000
1!
1"
0#
1%
1&
0'
b10 )
b11110111100011000111100001110001 .
#170900000000
0!
0"
1#
0%
0&
1'
#170950000000
1!
1"
0#
1%
1&
0'
b1 )
b10010110011111101011111100011000 .
#171000000000
0!
0"
1#
0%
0&
1'
#171050000000
1!
1"
0#
1%
1&
0'
b0 )
b01001011001111110101111110001100 .
#171100000000
0!
0"
1#
0%
0&
1'
#171150000000
1!
1"
0#
1%
1&
0'
b111 )
b1100 *
b00100101100111111010111111000110 .
#171200000000
0!
0"
1#
0%
0&
1'
#171250000000
1!
1"
0#
1%
1&
0'
b110 )
b00010010110011111101011111100011 .
#171300000000
0!
0"
1#
0%
0&
1'
#171350000000
1!
1"
0#
1%
1&
0'
b101 )
b11100100110111110110100011010001 .
#171400000000
0!
0"
1#
0%
0&
1'
#171450000000
1!
1"
0#
1%
1&
0'
b100 )
b10011111110101110011011101001000 .
#171500000000
0!
0"
1#
0%
0&
1'
#171550000000
1!
1"
0#
1%
1&
0'
b11 )
b01001111111010111001101110100100 .
#171600000000
0!
0"
1#
0%
0&
1'
#171650000000
1!
1"
0#
1%
1&
0'
b10 )
b00100111111101011100110111010010 .
#171700000000
0!
0"
1#
0%
0&
1'
#171750000000
1!
1"
0#
1%
1&
0'
b1 )
b00010011111110101110011011101001 .
#171800000000
0!
0"
1#
0%
0&
1'
#171850000000
1!
1"
0#
1%
1&
0'
b0 )
b11100100010001011111000001010100 .
#171900000000
0!
0"
1#
0%
0&
1'
#171950000000
1!
1"
0#
1%
1&
0'
b111 )
b1101 *
b01110010001000101111100000101010 .
#172000000000
0!
0"
1#
0%
0&
1'
#172050000000
1!
1"
0#
1%
1&
0'
b110 )
b00111001000100010111110000010101 .
#172100000000
0!
0"
1#
0%
0&
1'
#172150000000
1!
1"
0#
1%
1&
0'
b101 )
b11110001001100000011110100101010 .
#172200000000
0!
0"
1#
0%
0&
1'
#172250000000
1!
1"
0#
1%
1&
0'
b100 )
b01111000100110000001111010010101 .
#172300000000
0!
0"
1#
0%
0&
1'
#172350000000
1!
1"
0#
1%
1&
0'
b11 )
b11010001111101001000110001101010 .
#172400000000
0!
0"
1#
0%
0&
1'
#172450000000
1!
1"
0#
1%
1&
0'
b10 )
b01101000111110100100011000110101 .
#172500000000
0!
0"
1#
0%
0&
1'
#172550000000
1!
1"
0#
1%
1&
0'
b1 )
b11011001110001011010000000111010 .
#172600000000
0!
0"
1#
0%
0&
1'
#172650000000
1!
1"
0#
1%
1&
0'
b0 )
b01101100111000101101000000011101 .
#172700000000
0!
0"
1#
0%
0&
1'
#172750000000
1!
1"
0#
1%
1&
0'
b111 )
b1110 *
b11011011110010011110101100101110 .
#172800000000
0!
0"
1#
0%
0&
1'
#172850000000
1!
1"
0#
1%
1&
0'
b110 )
b01101101111001001111010110010111 .
#172900000000
0!
0"
1#
0%
0&
1'
#172950000000
1!
1"
0#
1%
1&
0'
b101 )
b11011011010010101111100111101011 .
#173000000000
0!
0"
1#
0%
0&
1'
#173050000000
1!
1"
0#
1%
1&
0'
b100 )
b10000000000111011111111111010101 .
#173100000000
0!
0"
1#
0%
0&
1'
#173150000000
1!
1"
0#
1%
1&
0'
b11 )
b10101101101101100111110011001010 .
#173200000000
0!
0"
1#
0%
0&
1'
#173250000000
1!
1"
0#
1%
1&
0'
b10 )
b01010110110110110011111001100101 .
#173300000000
0!
0"
1#
0%
0&
1'
#173350000000
1!
1"
0#
1%
1&
0'
b1 )
b11000110110101010001110000010010 .
#173400000000
0!
0"
1#
0%
0&
1'
#173450000000
1!
1"
0#
1%
1&
0'
b0 )
b01100011011010101000111000001001 .
#173500000000
0!
0"
1#
0%
0&
1'
#173550000000
1!
1"
0#
1%
1&
0'
b111 )
b1111 *
b11011100000011011100010000100100 .
#173600000000
0!
0"
1#
0%
0&
1'
#173650000000
1!
1"
0#
1%
1&
0'
b110 )
b01101110000001101110001000010010 .
#173700000000
0!
0"
1#
0%
0&
1'
#173750000000
1!
1"
0#
1%
1&
0'
b101 )
b00110111000000110111000100001001 .
#173800000000
0!
0"
1#
0%
0&
1'
#173850000000
1!
1"
0#
1%
1&
0'
b100 )
b11110110001110010011101110100100 .
#173900000000
0!
0"
1#
0%
0&
1'
#173950000000
1!
1"
0#
1%
1&
0'
b11 )
b01111011000111001001110111010010 .
#174000000000
0!
0"
1#
0%
0&
1'
#174050000000
1!
1"
0#
1%
1&
0'
b10 )
b00111101100011100100111011101001 .
#174100000000
0!
0"
1#
0%
0&
1'
#174150000000
1!
1"
0#
1%
1&
0'
b1 )
b11110011011111111010010001010100 .
#174200000000
0!
0"
1#
0%
0&
1'
#174250000000
1!
1"
0#
1%
1&
0'
b0 )
b01111001101111111101001000101010 .
#174300000000
0!
0"
1#
0%
0&
1'
#174350000000
1!
1"
0#
1%
1&
0'
b111 )
b10000 *
b00111100110111111110100100010101 .
#174400000000
0!
0"
1#
0%
0&
1'
#174450000000
1!
1"
0#
1%
1&
0'
b110 )
b11110011110101110111011110101010 .
#174500000000
0!
0"
1#
0%
0&
1'
#174550000000
1!
1"
0#
1%
1&
0'
b101 )
b01111001111010111011101111010101 .
#174600000000
0!
0"
1#
0%
0&
1'
#174650000000
1!
1"
0#
1%
1&
0'
b100 )
b11010001010011010101111011001010 .
#174700000000
0!
0"
1#
0%
0&
1'
#174750000000
1!
1"
0#
1%
1&
0'
b11 )
b01101000101001101010111101100101 .
#174800000000
0!
0"
1#
0%
0&
1'
#174850000000
1!
1"
0#
1%
1&
0'
b10 )
b11011001111010111101010010010010 .
#174900000000
0!
0"
1#
0%
0&
1'
#174950000000
1!
1"
0#
1%
1&
0'
b1 )
b01101100111101011110101001001001 .
#175000000000
0!
0"
1#
0%
0&
1'
#175050000000
1!
1"
0#
1%
1&
0'
b0 )
b11011011110000100111011000000100 .
#175100000000
0!
0"
1#
0%
0&
1'
#175150000000
1!
1"
0#
1%
1&
0'
b111 )
b10001 *
b01101101111000010011101100000010 .
#175200000000
0!
0"
1#
0%
0&
1'
#175250000000
1!
1"
0#
1%
1&
0'
b110 )
b00110110111100001001110110000001 .
#175300000000
0!
0"
1#
0%
0&
1'
#175350000000
1!
1"
0#
1%
1&
0'
b101 )
b11110110110000001100110111100000 .
#175400000000
0!
0"
1#
0%
0&
1'
#175450000000
1!
1"
0#
1%
1&
0'
b100 )
b01111011011000000110011011110000 .
#175500000000
0!
0"
1#
0%
0&
1'
#175550000000
1!
1"
0#
1%
1&
0'
b11 )
b00111101101100000011001101111000 .
#175600000000
0!
0"
1#
0%
0&
1'
#175650000000
1!
1"
0#
1%
1&
0'
b10 )
b00011110110110000001100110111100 .
#175700000000
0!
0"
1#
0%
0&
1'
#175750000000
1!
1"
0#
1%
1&
0'
b1 )
b00001111011011000000110011011110 .
#175800000000
0!
0"
1#
0%
0&
1'
#175850000000
1!
1"
0#
1%
1&
0'
b0 )
b00000111101101100000011001101111 .
#175900000000
0!
0"
1#
0%
0&
1'
#175950000000
1!
1"
0#
1%
1&
0'
b111 )
b10010 *
b11101110011000111000000000010111 .
#176000000000
0!
0"
1#
0%
0&
1'
#176050000000
1!
1"
0#
1%
1&
0'
b110 )
b10011010100010010100001100101011 .
#176100000000
0!
0"
1#
0%
0&
1'
#176150000000
1!
1"
0#
1%
1&
0'
b101 )
b10100000111111000010001010110101 .
#176200000000
0!
0"
1#
0%
0&
1'
#176250000000
1!
1"
0#
1%
1&
0'
b100 )
b10111101110001101001001001111010 .
#176300000000
0!
0"
1#
0%
0&
1'
#176350000000
1!
1"
0#
1%
1&
0'
b11 )
b01011110111000110100100100111101 .
#176400000000
0!
0"
1#
0%
0&
1'
#176450000000
1!
1"
0#
1%
1&
0'
b10 )
b11000010110010010010011110111110 .
#176500000000
0!
0"
1#
0%
0&
1'
#176550000000
1!
1"
0#
1%
1&
0'
b1 )
b01100001011001001001001111011111 .
#176600000000
0!
0"
1#
0%
0&
1'
#176650000000
1!
1"
0#
1%
1&
0'
b0 )
b11011101000010101100101011001111 .
#176700000000
0!
0"
1#
0%
0&
1'
#176750000000
1!
1"
0#
1%
1&
0'
b111 )
b10011 *
b10000011001111011110011001000111 .
#176800000000
0!
0"
1#
0%
0&
1'
#176850000000
1!
1"
0#
1%
1&
0'
b110 )
b10101100001001100111000000000011 .
#176900000000
0!
0"
1#
0%
0&
1'
#176950000000
1!
1"
0#
1%
1&
0'
b101 )
b10111011101010111011101100100001 .
#177000000000
0!
0"
1#
0%
0&
1'
#177050000000
1!
1"
0#
1%
1&
0'
b100 )
b10110000011011010101111010110000 .
#177100000000
0!
0"
1#
0%
0&
1'
#177150000000
1!
1"
0#
1%
1&
0'
b11 )
b01011000001101101010111101011000 .
#177200000000
0!
0"
1#
0%
0&
1'
#177250000000
1!
1"
0#
1%
1&
0'
b10 )
b00101100000110110101011110101100 .
#177300000000
0!
0"
1#
0%
0&
1'
#177350000000
1!
1"
0#
1%
1&
0'
b1 )
b00010110000011011010101111010110 .
#177400000000
0!
0"
1#
0%
0&
1'
#177450000000
1!
1"
0#
1%
1&
0'
b0 )
b00001011000001101101010111101011 .
#177500000000
0!
0"
1#
0%
0&
1'
#177550000000
1!
1"
0#
1%
1&
0'
b111 )
b10100 *
b11101000001110111110100111010101 .
#177600000000
0!
0"
1#
0%
0&
1'
#177650000000
1!
1"
0#
1%
1&
0'
b110 )
b10011001101001010111011111001010 .
#177700000000
0!
0"
1#
0%
0&
1'
#177750000000
1!
1"
0#
1%
1&
0'
b101 )
b01001100110100101011101111100101 .
#177800000000
0!
0"
1#
0%
0&
1'
#177850000000
1!
1"
0#
1%
1&
0'
b100 )
b11001011110100011101111011010010 .
#177900000000
0!
0"
1#
0%
0&
1'
#177950000000
1!
1"
0#
1%
1&
0'
b11 )
b01100101111010001110111101101001 .
#178000000000
0!
0"
1#
0%
0&
1'
#178050000000
1!
1"
0#
1%
1&
0'
b10 )
b11011111010011001111010010010100 .
#178100000000
0!
0"
1#
0%
0&
1'
#178150000000
1!
1"
0#
1%
1&
0'
b1 )
b01101111101001100111101001001010 .
#178200000000
0!
0"
1#
0%
0&
1'
#178250000000
1!
1"
0#
1%
1&
0'
b0 )
b00110111110100110011110100100101 .
#178300000000
0!
0"
1#
0%
0&
1'
#178350000000
1!
1"
0#
1%
1&
0'
b111 )
b10101 *
b11110110010100010001110110110010 .
#178400000000
0!
0"
1#
0%
0&
1'
#178450000000
1!
1"
0#
1%
1&
0'
b110 )
b01111011001010001000111011011001 .
#178500000000
0!
0"
1#
0%
0&
1'
#178550000000
1!
1"
0#
1%
1&
0'
b101 )
b11010000001011001100010001001100 .
#178600000000
0!
0"
1#
0%
0&
1'
#178650000000
1!
1"
0#
1%
1&
0'
b100 )
b01101000000101100110001000100110 .
#178700000000
0!
0"
1#
0%
0&
1'
#178750000000
1!
1"
0#
1%
1&
0'
b11 )
b00110100000010110011000100010011 .
#178800000000
0!
0"
1#
0%
0&
1'
#178850000000
1!
1"
0#
1%
1&
0'
b10 )
b11110111101111010001101110101001 .
#178900000000
0!
0"
1#
0%
0&
1'
#178950000000
1!
1"
0#
1%
1&
0'
b1 )
b10010110011001100000111011110100 .
#179000000000
0!
0"
1#
0%
0&
1'
#179050000000
1!
1"
0#
1%
1&
0'
b0 )
b01001011001100110000011101111010 .
#179100000000
0!
0"
1#
0%
0&
1'
#179150000000
1!
1"
0#
1%
1&
0'
b111 )
b10110 *
b00100101100110011000001110111101 .
#179200000000
0!
0"
1#
0%
0&
1'
#179250000000
1!
1"
0#
1%
1&
0'
b110 )
b11111111011101000100001011111110 .
#179300000000
0!
0"
1#
0%
0&
1'
#179350000000
1!
1"
0#
1%
1&
0'
b101 )
b01111111101110100010000101111111 .
#179400000000
0!
0"
1#
0%
0&
1'
#179450000000
1!
1"
0#
1%
1&
0'
b100 )
b11010010011001011001001110011111 .
#179500000000
0!
0"
1#
0%
0&
1'
#179550000000
1!
1"
0#
1%
1&
0'
b11 )
b10000100100010100100101011101111 .
#179600000000
0!
0"
1#
0%
0&
1'
#179650000000
1!
1"
0#
1%
1&
0'
b10 )
b10101111111111011010011001010111 .
#179700000000
0!
0"
1#
0%
0&
1'
#179750000000
1!
1"
0#
1%
1&
0'
b1 )
b10111010010001100101000000001011 .
#179800000000
0!
0"
1#
0%
0&
1'
#179850000000
1!
1"
0#
1%
1&
0'
b0 )
b10110000100110111010101100100101 .
#179900000000
0!
0"
1#
0%
0&
1'
#179950000000
1!
1"
0#
1%
1&
0'
b111 )
b10111 *
b10110101111101010101011010110010 .
#180000000000
0!
0"
1#
0%
0&
1'
#180050000000
1!
1"
0#
1%
1&
0'
b110 )
b01011010111110101010101101011001 .
#180100000000
0!
0"
1#
0%
0&
1'
#180150000000
1!
1"
0#
1%
1&
0'
b101 )
b11000000110001011101011010001100 .
#180200000000
0!
0"
1#
0%
0&
1'
#180250000000
1!
1"
0#
1%
1&
0'
b100 )
b01100000011000101110101101000110 .
#180300000000
0!
0"
1#
0%
0&
1'
#180350000000
1!
1"
0#
1%
1&
0'
b11 )
b00110000001100010111010110100011 .
#180400000000
0!
0"
1#
0%
0&
1'
#180450000000
1!
1"
0#
1%
1&
0'
b10 )
b11110101101000000011100111110001 .
#180500000000
0!
0"
1#
0%
0&
1'
#180550000000
1!
1"
0#
1%
1&
0'
b1 )
b10010111011010001001111111011000 .
#180600000000
0!
0"
1#
0%
0&
1'
#180650000000
1!
1"
0#
1%
1&
0'
b0 )
b01001011101101000100111111101100 .
#180700000000
0!
0"
1#
0%
0&
1'
#180750000000
1!
1"
0#
1%
1&
0'
b111 )
b11000 *
b00100101110110100010011111110110 .
#180800000000
0!
0"
1#
0%
0&
1'
#180850000000
1!
1"
0#
1%
1&
0'
b110 )
b00010010111011010001001111111011 .
#180900000000
0!
0"
1#
0%
0&
1'
#180950000000
1!
1"
0#
1%
1&
0'
b101 )
b11100100110011100000101011011101 .
#181000000000
0!
0"
1#
0%
0&
1'
#181050000000
1!
1"
0#
1%
1&
0'
b100 )
b10011111110111111000011001001110 .
#181100000000
0!
0"
1#
0%
0&
1'
#181150000000
1!
1"
0#
1%
1&
0'
b11 )
b01001111111011111100001100100111 .
#181200000000
0!
0"
1#
0%
0&
1'
#181250000000
1!
1"
0#
1%
1&
0'
b10 )
b11001010010011110110001010110011 .
#181300000000
0!
0"
1#
0%
0&
1'
#181350000000
1!
1"
0#
1%
1&
0'
b1 )
b10001000100111110011001001111001 .
#181400000000
0!
0"
1#
0%
0&
1'
#181450000000
1!
1"
0#
1%
1&
0'
b0 )
b10101001111101110001101000011100 .
#181500000000
0!
0"
1#
0%
0&
1'
#181550000000
1!
1"
0#
1%
1&
0'
b111 )
b11001 *
b01010100111110111000110100001110 .
#181600000000
0!
0"
1#
0%
0&
1'
#181650000000
1!
1"
0#
1%
1&
0'
b110 )
b00101010011111011100011010000111 .
#181700000000
0!
0"
1#
0%
0&
1'
#181750000000
1!
1"
0#
1%
1&
0'
b101 )
b11111000100001100110000001100011 .
#181800000000
0!
0"
1#
0%
0&
1'
#181850000000
1!
1"
0#
1%
1&
0'
b100 )
b10010001111110111011001100010001 .
#181900000000
0!
0"
1#
0%
0&
1'
#181950000000
1!
1"
0#
1%
1&
0'
b11 )
b10100101010001010101101010101000 .
#182000000000
0!
0"
1#
0%
0&
1'
#182050000000
1!
1"
0#
1%
1&
0'
b10 )
b01010010101000101010110101010100 .
#182100000000
0!
0"
1#
0%
0&
1'
#182150000000
1!
1"
0#
1%
1&
0'
b1 )
b00101001010100010101011010101010 .
#182200000000
0!
0"
1#
0%
0&
1'
#182250000000
1!
1"
0#
1%
1&
0'
b0 )
b00010100101010001010101101010101 .
#182300000000
0!
0"
1#
0%
0&
1'
#182350000000
1!
1"
0#
1%
1&
0'
b111 )
b11010 *
b11100111111011001101011010001010 .
#182400000000
0!
0"
1#
0%
0&
1'
#182450000000
1!
1"
0#
1%
1&
0'
b110 )
b01110011111101100110101101000101 .
#182500000000
0!
0"
1#
0%
0&
1'
#182550000000
1!
1"
0#
1%
1&
0'
b101 )
b11010100010000111011011010000010 .
#182600000000
0!
0"
1#
0%
0&
1'
#182650000000
1!
1"
0#
1%
1&
0'
b100 )
b01101010001000011101101101000001 .
#182700000000
0!
0"
1#
0%
0&
1'
#182750000000
1!
1"
0#
1%
1&
0'
b11 )
b11011000101010000110111010000000 .
#182800000000
0!
0"
1#
0%
0&
1'
#182850000000
1!
1"
0#
1%
1&
0'
b10 )
b01101100010101000011011101000000 .
#182900000000
0!
0"
1#
0%
0&
1'
#182950000000
1!
1"
0#
1%
1&
0'
b1 )
b00110110001010100001101110100000 .
#183000000000
0!
0"
1#
0%
0&
1'
#183050000000
1!
1"
0#
1%
1&
0'
b0 )
b00011011000101010000110111010000 .
#183100000000
0!
0"
1#
0%
0&
1'
#183150000000
1!
1"
0#
1%
1&
0'
b111 )
b11011 *
b00001101100010101000011011101000 .
#183200000000
0!
0"
1#
0%
0&
1'
#183250000000
1!
1"
0#
1%
1&
0'
b110 )
b00000110110001010100001101110100 .
#183300000000
0!
0"
1#
0%
0&
1'
#183350000000
1!
1"
0#
1%
1&
0'
b101 )
b00000011011000101010000110111010 .
#183400000000
0!
0"
1#
0%
0&
1'
#183450000000
1!
1"
0#
1%
1&
0'
b100 )
b00000001101100010101000011011101 .
#183500000000
0!
0"
1#
0%
0&
1'
#183550000000
1!
1"
0#
1%
1&
0'
b11 )
b11101101011000000010101101001110 .
#183600000000
0!
0"
1#
0%
0&
1'
#183650000000
1!
1"
0#
1%
1&
0'
b10 )
b01110110101100000001010110100111 .
#183700000000
0!
0"
1#
0%
0&
1'
#183750000000
1!
1"
0#
1%
1&
0'
b1 )
b11010110111000001000100111110011 .
#183800000000
0!
0"
1#
0%
0&
1'
#183850000000
1!
1"
0#
1%
1&
0'
b0 )
b10000110110010001100011111011001 .
#183900000000
0!
0"
1#
0%
0&
1'
#183950000000
1!
1"
0#
1%
1&
0'
b111 )
b11100 *
b10101110110111001110000011001100 .
#184000000000
0!
0"
1#
0%
0&
1'
#184050000000
1!
1"
0#
1%
1&
0'
b110 )
b01010111011011100111000001100110 .
#184100000000
0!
0"
1#
0%
0&
1'
#184150000000
1!
1"
0#
1%
1&
0'
b101 )
b00101011101101110011100000110011 .
#184200000000
0!
0"
1#
0%
0&
1'
#184250000000
1!
1"
0#
1%
1&
0'
b100 )
b11111000011000110001111100111001 .
#184300000000
0!
0"
1#
0%
0&
1'
#184350000000
1!
1"
0#
1%
1&
0'
b11 )
b10010001100010010000110010111100 .
#184400000000
0!
0"
1#
0%
0&
1'
#184450000000
1!
1"
0#
1%
1&
0'
b10 )
b01001000110001001000011001011110 .
#184500000000
0!
0"
1#
0%
0&
1'
#184550000000
1!
1"
0#
1%
1&
0'
b1 )
b00100100011000100100001100101111 .
#184600000000
0!
0"
1#
0%
0&
1'
#184650000000
1!
1"
0#
1%
1&
0'
b0 )
b11111111100010011010001010110111 .
#184700000000
0!
0"
1#
0%
0&
1'
#184750000000
1!
1"
0#
1%
1&
0'
b111 )
b11101 *
b10010010011111000101001001111011 .
#184800000000
0!
0"
1#
0%
0&
1'
#184850000000
1!
1"
0#
1%
1&
0'
b110 )
b10100100100001101010101000011101 .
#184900000000
0!
0"
1#
0%
0&
1'
#184950000000
1!
1"
0#
1%
1&
0'
b101 )
b10111111111110111101011000101110 .
#185000000000
0!
0"
1#
0%
0&
1'
#185050000000
1!
1"
0#
1%
1&
0'
b100 )
b01011111111111011110101100010111 .
#185100000000
0!
0"
1#
0%
0&
1'
#185150000000
1!
1"
0#
1%
1&
0'
b11 )
b11000010010001100111011010101011 .
#185200000000
0!
0"
1#
0%
0&
1'
#185250000000
1!
1"
0#
1%
1&
0'
b10 )
b10001100100110111011100001110101 .
#185300000000
0!
0"
1#
0%
0&
1'
#185350000000
1!
1"
0#
1%
1&
0'
b1 )
b10101011111101010101111100011010 .
#185400000000
0!
0"
1#
0%
0&
1'
#185450000000
1!
1"
0#
1%
1&
0'
b0 )
b01010101111110101010111110001101 .
#185500000000
0!
0"
1#
0%
0&
1'
#185550000000
1!
1"
0#
1%
1&
0'
b111 )
b11110 *
b11000111010001011101010011100110 .
#185600000000
0!
0"
1#
0%
0&
1'
#185650000000
1!
1"
0#
1%
1&
0'
b110 )
b01100011101000101110101001110011 .
#185700000000
0!
0"
1#
0%
0&
1'
#185750000000
1!
1"
0#
1%
1&
0'
b101 )
b11011100011010011111011000011001 .
#185800000000
0!
0"
1#
0%
0&
1'
#185850000000
1!
1"
0#
1%
1&
0'
b100 )
b10000011100011000111100000101100 .
#185900000000
0!
0"
1#
0%
0&
1'
#185950000000
1!
1"
0#
1%
1&
0'
b11 )
b01000001110001100011110000010110 .
#186000000000
0!
0"
1#
0%
0&
1'
#186050000000
1!
1"
0#
1%
1&
0'
b10 )
b00100000111000110001111000001011 .
#186100000000
0!
0"
1#
0%
0&
1'
#186150000000
1!
1"
0#
1%
1&
0'
b1 )
b11111101110010010000110000100101 .
#186200000000
0!
0"
1#
0%
0&
1'
#186250000000
1!
1"
0#
1%
1&
0'
b0 )
b10010011010111000000010100110010 .
#186300000000
0!
0"
1#
0%
0&
1'
#186350000000
1!
1"
0#
1%
1&
0'
b111 )
b11111 *
b01001001101011100000001010011001 .
#186400000000
0!
0"
1#
0%
0&
1'
#186450000000
1!
1"
0#
1%
1&
0'
b110 )
b11001001011011111000001001101100 .
#186500000000
0!
0"
1#
0%
0&
1'
#186550000000
1!
1"
0#
1%
1&
0'
b101 )
b01100100101101111100000100110110 .
#186600000000
0!
0"
1#
0%
0&
1'
#186650000000
1!
1"
0#
1%
1&
0'
b100 )
b00110010010110111110000010011011 .
#186700000000
0!
0"
1#
0%
0&
1'
#186750000000
1!
1"
0#
1%
1&
0'
b11 )
b11110100100101010111001101101101 .
#186800000000
0!
0"
1#
0%
0&
1'
#186850000000
1!
1"
0#
1%
1&
0'
b10 )
b10010111111100100011101010010110 .
#186900000000
0!
0"
1#
0%
0&
1'
#186950000000
1!
1"
0#
1%
1&
0'
b1 )
b01001011111110010001110101001011 .
#187000000000
0!
0"
1#
0%
0&
1'
#187050000000
1!
1"
0#
1%
1&
0'
b0 )
b11001000010001000000110110000101 .
#187100000000
0!
0"
1#
0%
0&
1'
#187150000000
1!
1"
0#
1%
1&
0'
b111 )
b100000 *
b10001001100110101000010111100010 .
#187200000000
0!
0"
1#
0%
0&
1'
#187250000000
1!
1"
0#
1%
1&
0'
b110 )
b01000100110011010100001011110001 .
#187300000000
0!
0"
1#
0%
0&
1'
#187350000000
1!
1"
0#
1%
1&
0'
b101 )
b11001111110111100010001001011000 .
#187400000000
0!
0"
1#
0%
0&
1'
#187450000000
1!
1"
0#
1%
1&
0'
b100 )
b01100111111011110001000100101100 .
#187500000000
0!
0"
1#
0%
0&
1'
#187550000000
1!
1"
0#
1%
1&
0'
b11 )
b00110011111101111000100010010110 .
#187600000000
0!
0"
1#
0%
0&
1'
#187650000000
1!
1"
0#
1%
1&
0'
b10 )
b00011001111110111100010001001011 .
#187700000000
0!
0"
1#
0%
0&
1'
#187750000000
1!
1"
0#
1%
1&
0'
b1 )
b11100001010001010110000100000101 .
#187800000000
0!
0"
1#
0%
0&
1'
#187850000000
1!
1"
0#
1%
1&
0'
b0 )
b10011101000110100011001110100010 .
#187900000000
0!
0"
1#
0%
0&
1'
#187950000000
1!
1"
0#
1%
1&
0'
b111 )
b100001 *
b01001110100011010001100111010001 .
#188000000000
0!
0"
1#
0%
0&
1'
#188050000000
1!
1"
0#
1%
1&
0'
b110 )
b11001010111111100000111111001000 .
#188100000000
0!
0"
1#
0%
0&
1'
#188150000000
1!
1"
0#
1%
1&
0'
b101 )
b01100101011111110000011111100100 .
#188200000000
0!
0"
1#
0%
0&
1'
#188250000000
1!
1"
0#
1%
1&
0'
b100 )
b00110010101111111000001111110010 .
#188300000000
0!
0"
1#
0%
0&
1'
#188350000000
1!
1"
0#
1%
1&
0'
b11 )
b00011001010111111100000111111001 .
#188400000000
0!
0"
1#
0%
0&
1'
#188450000000
1!
1"
0#
1%
1&
0'
b10 )
b11100001000101110110001111011100 .
#188500000000
0!
0"
1#
0%
0&
1'
#188550000000
1!
1"
0#
1%
1&
0'
b1 )
b01110000100010111011000111101110 .
#188600000000
0!
0"
1#
0%
0&
1'
#188650000000
1!
1"
0#
1%
1&
0'
b0 )
b00111000010001011101100011110111 .
#188700000000
0!
0"
1#
0%
0&
1'
#188750000000
1!
1"
0#
1%
1&
0'
b111 )
b100010 *
b11110001100110100110111101011011 .
#188800000000
0!
0"
1#
0%
0&
1'
#188850000000
1!
1"
0#
1%
1&
0'
b110 )
b10010101011101011011010010001101 .
#188900000000
0!
0"
1#
0%
0&
1'
#188950000000
1!
1"
0#
1%
1&
0'
b101 )
b10100111000000100101100101100110 .
#189000000000
0!
0"
1#
0%
0&
1'
#189050000000
1!
1"
0#
1%
1&
0'
b100 )
b01010011100000010010110010110011 .
#189100000000
0!
0"
1#
0%
0&
1'
#189150000000
1!
1"
0#
1%
1&
0'
b11 )
b11000100011110000001010101111001 .
#189200000000
0!
0"
1#
0%
0&
1'
#189250000000
1!
1"
0#
1%
1&
0'
b10 )
b10001111100001001000100110011100 .
#189300000000
0!
0"
1#
0%
0&
1'
#189350000000
1!
1"
0#
1%
1&
0'
b1 )
b01000111110000100100010011001110 .
#189400000000
0!
0"
1#
0%
0&
1'
#189450000000
1!
1"
0#
1%
1&
0'
b0 )
b00100011111000010010001001100111 .
#189500000000
0!
0"
1#
0%
0&
1'
#189550000000
1!
1"
0#
1%
1&
0'
b111 )
b100011 *
b11111100010010000001001000010011 .
#189600000000
0!
0"
1#
0%
0&
1'
#189650000000
1!
1"
0#
1%
1&
0'
b110 )
b10010011100111001000101000101001 .
#189700000000
0!
0"
1#
0%
0&
1'
#189750000000
1!
1"
0#
1%
1&
0'
b101 )
b10100100011101101100011000110100 .
#189800000000
0!
0"
1#
0%
0&
1'
#189850000000
1!
1"
0#
1%
1&
0'
b100 )
b01010010001110110110001100011010 .
#189900000000
0!
0"
1#
0%
0&
1'
#189950000000
1!
1"
0#
1%
1&
0'
b11 )
b00101001000111011011000110001101 .
#190000000000
0!
0"
1#
0%
0&
1'
#190050000000
1!
1"
0#
1%
1&
0'
b10 )
b11111001001101100101101111100110 .
#190100000000
0!
0"
1#
0%
0&
1'
#190150000000
1!
1"
0#
1%
1&
0'
b1 )
b01111100100110110010110111110011 .
#190200000000
0!
0"
1#
0%
0&
1'
#190250000000
1!
1"
0#
1%
1&
0'
b0 )
b11010011111101010001010111011001 .
#190300000000
0!
0"
1#
0%
0&
1'
#190350000000
1!
1"
0#
1%
1&
0'
b111 )
b100100 *
b10000100010000100000100111001100 .
#190400000000
0!
0"
1#
0%
0&
1'
#190450000000
1!
1"
0#
1%
1&
0'
b110 )
b01000010001000010000010011100110 .
#190500000000
0!
0"
1#
0%
0&
1'
#190550000000
1!
1"
0#
1%
1&
0'
b101 )
b00100001000100001000001001110011 .
#190600000000
0!
0"
1#
0%
0&
1'
#190650000000
1!
1"
0#
1%
1&
0'
b100 )
b11111101001100001100001000011001 .
#190700000000
0!
0"
1#
0%
0&
1'
#190750000000
1!
1"
0#
1%
1&
0'
b11 )
b10010011001000001110001000101100 .
#190800000000
0!
0"
1#
0%
0&
1'
#190850000000
1!
1"
0#
1%
1&
0'
b10 )
b01001001100100000111000100010110 .
#190900000000
0!
0"
1#
0%
0&
1'
#190950000000
1!
1"
0#
1%
1&
0'
b1 )
b00100100110010000011100010001011 .
#191000000000
0!
0"
1#
0%
0&
1'
#191050000000
1!
1"
0#
1%
1&
0'
b0 )
b11111111110111001001111101100101 .
#191100000000
0!
0"
1#
0%
0&
1'
#191150000000
1!
1"
0#
1%
1&
0'
b111 )
b100101 *
b10010010010101101100110010010010 .
#191200000000
0!
0"
1#
0%
0&
1'
#191250000000
1!
1"
0#
1%
1&
0'
b110 )
b01001001001010110110011001001001 .
#191300000000
0!
0"
1#
0%
0&
1'
#191350000000
1!
1"
0#
1%
1&
0'
b101 )
b11001001001011010011000000000100 .
#191400000000
0!
0"
1#
0%
0&
1'
#191450000000
1!
1"
0#
1%
1&
0'
b100 )
b01100100100101101001100000000010 .
#191500000000
0!
0"
1#
0%
0&
1'
#191550000000
1!
1"
0#
1%
1&
0'
b11 )
b00110010010010110100110000000001 .
#191600000000
0!
0"
1#
0%
0&
1'
#191650000000
1!
1"
0#
1%
1&
0'
b10 )
b11110100100111010010010100100000 .
#191700000000
0!
0"
1#
0%
0&
1'
#191750000000
1!
1"
0#
1%
1&
0'
b1 )
b01111010010011101001001010010000 .
#191800000000
0!
0"
1#
0%
0&
1'
#191850000000
1!
1"
0#
1%
1&
0'
b0 )
b00111101001001110100100101001000 .
#191900000000
0!
0"
1#
0%
0&
1'
#191950000000
1!
1"
0#
1%
1&
0'
b111 )
b100110 *
b00011110100100111010010010100100 .
#192000000000
0!
0"
1#
0%
0&
1'
#192050000000
1!
1"
0#
1%
1&
0'
b110 )
b00001111010010011101001001010010 .
#192100000000
0!
0"
1#
0%
0&
1'
#192150000000
1!
1"
0#
1%
1&
0'
b101 )
b00000111101001001110100100101001 .
#192200000000
0!
0"
1#
0%
0&
1'
#192250000000
1!
1"
0#
1%
1&
0'
b100 )
b11101110011010101111011110110100 .
#192300000000
0!
0"
1#
0%
0&
1'
#192350000000
1!
1"
0#
1%
1&
0'
b11 )
b01110111001101010111101111011010 .
#192400000000
0!
0"
1#
0%
0&
1'
#192450000000
1!
1"
0#
1%
1&
0'
b10 )
b00111011100110101011110111101101 .
#192500000000
0!
0"
1#
0%
0&
1'
#192550000000
1!
1"
0#
1%
1&
0'
b1 )
b11110000011101011101110111010110 .
#192600000000
0!
0"
1#
0%
0&
1'
#192650000000
1!
1"
0#
1%
1&
0'
b0 )
b01111000001110101110111011101011 .
#192700000000
0!
0"
1#
0%
0&
1'
#192750000000
1!
1"
0#
1%
1&
0'
b111 )
b100111 *
b11010001101001011111010001010101 .
#192800000000
0!
0"
1#
0%
0&
1'
#192850000000
1!
1"
0#
1%
1&
0'
b110 )
b10000101011010100111100100001010 .
#192900000000
0!
0"
1#
0%
0&
1'
#192950000000
1!
1"
0#
1%
1&
0'
b101 )
b01000010101101010011110010000101 .
#193000000000
0!
0"
1#
0%
0&
1'
#193050000000
1!
1"
0#
1%
1&
0'
b100 )
b11001100111000100001110101100010 .
#193100000000
0!
0"
1#
0%
0&
1'
#193150000000
1!
1"
0#
1%
1&
0'
b11 )
b01100110011100010000111010110001 .
#193200000000
0!
0"
1#
0%
0&
1'
#193250000000
1!
1"
0#
1%
1&
0'
b10 )
b11011110100000000000010001111000 .
#193300000000
0!
0"
1#
0%
0&
1'
#193350000000
1!
1"
0#
1%
1&
0'
b1 )
b01101111010000000000001000111100 .
#193400000000
0!
0"
1#
0%
0&
1'
#193450000000
1!
1"
0#
1%
1&
0'
b0 )
b00110111101000000000000100011110 .
#193500000000
0!
0"
1#
0%
0&
1'
#193550000000
1!
1"
0#
1%
1&
0'
b111 )
b101000 *
b00011011110100000000000010001111 .
#193600000000
0!
0"
1#
0%
0&
1'
#193650000000
1!
1"
0#
1%
1&
0'
b110 )
b11100000010100001000001101100111 .
#193700000000
0!
0"
1#
0%
0&
1'
#193750000000
1!
1"
0#
1%
1&
0'
b101 )
b10011101100100001100001010010011 .
#193800000000
0!
0"
1#
0%
0&
1'
#193850000000
1!
1"
0#
1%
1&
0'
b100 )
b10100011011100001110001001101001 .
#193900000000
0!
0"
1#
0%
0&
1'
#193950000000
1!
1"
0#
1%
1&
0'
b11 )
b10111100000000001111001000010100 .
#194000000000
0!
0"
1#
0%
0&
1'
#194050000000
1!
1"
0#
1%
1&
0'
b10 )
b01011110000000000111100100001010 .
#194100000000
0!
0"
1#
0%
0&
1'
#194150000000
1!
1"
0#
1%
1&
0'
b1 )
b00101111000000000011110010000101 .
#194200000000
0!
0"
1#
0%
0&
1'
#194250000000
1!
1"
0#
1%
1&
0'
b0 )
b11111010001110001001110101100010 .
#194300000000
0!
0"
1#
0%
0&
1'
#194350000000
1!
1"
0#
1%
1&
0'
b111 )
b101001 *
b01111101000111000100111010110001 .
#194400000000
0!
0"
1#
0%
0&
1'
#194450000000
1!
1"
0#
1%
1&
0'
b110 )
b11010011001101101010010001111000 .
#194500000000
0!
0"
1#
0%
0&
1'
#194550000000
1!
1"
0#
1%
1&
0'
b101 )
b01101001100110110101001000111100 .
#194600000000
0!
0"
1#
0%
0&
1'
#194650000000
1!
1"
0#
1%
1&
0'
b100 )
b00110100110011011010100100011110 .
#194700000000
0!
0"
1#
0%
0&
1'
#194750000000
1!
1"
0#
1%
1&
0'
b11 )
b00011010011001101101010010001111 .
#194800000000
0!
0"
1#
0%
0&
1'
#194850000000
1!
1"
0#
1%
1&
0'
b10 )
b11100000100010111110100101100111 .
#194900000000
0!
0"
1#
0%
0&
1'
#194950000000
1!
1"
0#
1%
1&
0'
b1 )
b10011101111111010111011110010011 .
#195000000000
0!
0"
1#
0%
0&
1'
#195050000000
1!
1"
0#
1%
1&
0'
b0 )
b10100011010001100011100011101001 .
#195100000000
0!
0"
1#
0%
0&
1'
#195150000000
1!
1"
0#
1%
1&
0'
b111 )
b101010 *
b10111100000110111001111101010100 .
#195200000000
0!
0"
1#
0%
0&
1'
#195250000000
1!
1"
0#
1%
1&
0'
b110 )
b01011110000011011100111110101010 .
#195300000000
0!
0"
1#
0%
0&
1'
#195350000000
1!
1"
0#
1%
1&
0'
b101 )
b00101111000001101110011111010101 .
#195400000000
0!
0"
1#
0%
0&
1'
#195450000000
1!
1"
0#
1%
1&
0'
b100 )
b11111010001110111111000011001010 .
#195500000000
0!
0"
1#
0%
0&
1'
#195550000000
1!
1"
0#
1%
1&
0'
b11 )
b01111101000111011111100001100101 .
#195600000000
0!
0"
1#
0%
0&
1'
#195650000000
1!
1"
0#
1%
1&
0'
b10 )
b11010011001101100111111100010010 .
#195700000000
0!
0"
1#
0%
0&
1'
#195750000000
1!
1"
0#
1%
1&
0'
b1 )
b01101001100110110011111110001001 .
#195800000000
0!
0"
1#
0%
0&
1'
#195850000000
1!
1"
0#
1%
1&
0'
b0 )
b11011001011101010001110011100100 .
#195900000000
0!
0"
1#
0%
0&
1'
#195950000000
1!
1"
0#
1%
1&
0'
b111 )
b101011 *
b01101100101110101000111001110010 .
#196000000000
0!
0"
1#
0%
0&
1'
#196050000000
1!
1"
0#
1%
1&
0'
b110 )
b00110110010111010100011100111001 .
#196100000000
0!
0"
1#
0%
0&
1'
#196150000000
1!
1"
0#
1%
1&
0'
b101 )
b11110110100101100010000010111100 .
#196200000000
0!
0"
1#
0%
0&
1'
#196250000000
1!
1"
0#
1%
1&
0'
b100 )
b01111011010010110001000001011110 .
#196300000000
0!
0"
1#
0%
0&
1'
#196350000000
1!
1"
0#
1%
1&
0'
b11 )
b00111101101001011000100000101111 .
#196400000000
0!
0"
1#
0%
0&
1'
#196450000000
1!
1"
0#
1%
1&
0'
b10 )
b11110011011010100100011100110111 .
#196500000000
0!
0"
1#
0%
0&
1'
#196550000000
1!
1"
0#
1%
1&
0'
b1 )
b10010100000011011010000010111011 .
#196600000000
0!
0"
1#
0%
0&
1'
#196650000000
1!
1"
0#
1%
1&
0'
b0 )
b10100111101111100101001101111101 .
#196700000000
0!
0"
1#
0%
0&
1'
#196750000000
1!
1"
0#
1%
1&
0'
b111 )
b101100 *
b10111110011001111010101010011110 .
#196800000000
0!
0"
1#
0%
0&
1'
#196850000000
1!
1"
0#
1%
1&
0'
b110 )
b01011111001100111101010101001111 .
#196900000000
0!
0"
1#
0%
0&
1'
#196950000000
1!
1"
0#
1%
1&
0'
b101 )
b11000010001000010110100110000111 .
#197000000000
0!
0"
1#
0%
0&
1'
#197050000000
1!
1"
0#
1%
1&
0'
b100 )
b10001100101010000011011111100011 .
#197100000000
0!
0"
1#
0%
0&
1'
#197150000000
1!
1"
0#
1%
1&
0'
b11 )
b10101011111011001001100011010001 .
#197200000000
0!
0"
1#
0%
0&
1'
#197250000000
1!
1"
0#
1%
1&
0'
b10 )
b10111000010011101100111101001000 .
#197300000000
0!
0"
1#
0%
0&
1'
#197350000000
1!
1"
0#
1%
1&
0'
b1 )
b01011100001001110110011110100100 .
#197400000000
0!
0"
1#
0%
0&
1'
#197450000000
1!
1"
0#
1%
1&
0'
b0 )
b00101110000100111011001111010010 .
#197500000000
0!
0"
1#
0%
0&
1'
#197550000000
1!
1"
0#
1%
1&
0'
b111 )
b101101 *
b00010111000010011101100111101001 .
#197600000000
0!
0"
1#
0%
0&
1'
#197650000000
1!
1"
0#
1%
1&
0'
b110 )
b11100110001111000110111111010100 .
#197700000000
0!
0"
1#
0%
0&
1'
#197750000000
1!
1"
0#
1%
1&
0'
b101 )
b01110011000111100011011111101010 .
#197800000000
0!
0"
1#
0%
0&
1'
#197850000000
1!
1"
0#
1%
1&
0'
b100 )
b00111001100011110001101111110101 .
#197900000000
0!
0"
1#
0%
0&
1'
#197950000000
1!
1"
0#
1%
1&
0'
b11 )
b11110001011111110000111011011010 .
#198000000000
0!
0"
1#
0%
0&
1'
#198050000000
1!
1"
0#
1%
1&
0'
b10 )
b01111000101111111000011101101101 .
#198100000000
0!
0"
1#
0%
0&
1'
#198150000000
1!
1"
0#
1%
1&
0'
b1 )
b11010001111001110100000010010110 .
#198200000000
0!
0"
1#
0%
0&
1'
#198250000000
1!
1"
0#
1%
1&
0'
b0 )
b01101000111100111010000001001011 .
#198300000000
0!
0"
1#
0%
0&
1'
#198350000000
1!
1"
0#
1%
1&
0'
b111 )
b0 *
b11011001110000010101001100000101 .
#198400000000
0!
0"
1#
0%
0&
1'
#198450000000
1!
1"
0#
1%
1&
0'
b1 ,
#198500000000
0!
0"
1#
0%
0&
1'
#198550000000
1!
1"
0#
1%
1&
0'
b10 ,
1-
#198600000000
0!
0"
0%
0&
#198650000000
1!
1"
1#
1%
1&
1'
b11 ,
0-
#198700000000
0!
0"
0%
0&
#198750000000
1!
1"
0#
1%
1&
0'
b100 ,
1-
#198800000000
0!
0"
0%
0&
#198850000000
1!
1"
1#
1%
1&
1'
b101 ,
#198900000000
0!
0"
0#
0%
0&
0'
#198950000000
1!
1"
1#
1%
1&
1'
b110 ,
#199000000000
0!
0"
0#
0%
0&
0'
#199050000000
1!
1"
1#
1%
1&
1'
b111 ,
#199100000000
0!
0"
0#
0%
0&
0'
#199150000000
1!
1"
1#
1%
1&
1'
b1000 ,
#199200000000
0!
0"
0#
0%
0&
0'
#199250000000
1!
1"
1#
1%
1&
1'
b1001 ,
0-
#199300000000
0!
0"
0%
0&
#199350000000
1!
1"
0#
1%
1&
0'
b1010 ,
#199400000000
0!
0"
1#
0%
0&
1'
#199450000000
1!
1"
0#
1%
1&
0'
b1011 ,
1-
#199500000000
0!
0"
0%
0&
#199550000000
1!
1"
1#
1%
1&
1'
b1100 ,
#199600000000
0!
0"
0#
0%
0&
0'
#199650000000
1!
1"
1#
1%
1&
1'
b1101 ,
0-
#199700000000
0!
0"
0%
0&
#199750000000
1!
1"
0#
1%
1&
0'
b1110 ,
1-
#199800000000
0!
0"
0%
0&
#199850000000
1!
1"
1#
1%
1&
1'
b1111 ,
0-
#199900000000
0!
0"
0%
0&
#199950000000
1!
1"
0#
1%
1&
0'
b10000 ,
1-
#200000000000
0!
0"
0%
0&
#200050000000
1!
1"
1#
1%
1&
1'
b10001 ,
0-
#200100000000
0!
0"
0%
0&
#200150000000
1!
1"
0#
1%
1&
0'
b10010 ,
1-
#200200000000
0!
0"
0%
0&
#200250000000
1!
1"
1#
1%
1&
1'
b10011 ,
#200300000000
0!
0"
0#
0%
0&
0'
#200350000000
1!
1"
1#
1%
1&
1'
b10100 ,
#200400000000
0!
0"
0#
0%
0&
0'
#200450000000
1!
1"
1#
1%
1&
1'
b10101 ,
#200500000000
0!
0"
0#
0%
0&
0'
#200550000000
1!
1"
1#
1%
1&
1'
b10110 ,
#200600000000
0!
0"
0#
0%
0&
0'
#200650000000
1!
1"
1#
1%
1&
1'
b10111 ,
0-
#200700000000
0!
0"
0%
0&
#200750000000
1!
1"
0#
1%
1&
0'
b11000 ,
#200800000000
0!
0"
1#
0%
0&
1'
#200850000000
1!
1"
0#
1%
1&
0'
b11001 ,
#200900000000
0!
0"
1#
0%
0&
1'
#200950000000
1!
1"
0#
1%
1&
0'
b11010 ,
1-
#201000000000
0!
0"
0%
0&
#201050000000
1!
1"
1#
1%
1&
1'
b11011 ,
#201100000000
0!
0"
0#
0%
0&
0'
#201150000000
1!
1"
1#
1%
1&
1'
b11100 ,
0-
#201200000000
0!
0"
0%
0&
#201250000000
1!
1"
0#
1%
1&
0'
b11101 ,
#201300000000
0!
0"
1#
0%
0&
1'
#201350000000
1!
1"
0#
1%
1&
0'
b11110 ,
1-
#201400000000
0!
0"
0%
0&
#201450000000
1!
1"
1#
1%
1&
1'
b11111 ,
0-
#201500000000
0!
0"
0%
0&
#201550000000
1!
1"
0#
0$
1%
1&
0'
0(
b0 ,
#201600000000
0!
0"
0%
0&
#201650000000
1!
1"
1%
1&
b1 +
#201700000000
0!
0"
0%
0&
#201750000000
1!
1"
1%
1&
b10 +
#201800000000
0!
0"
0%
0&
#201850000000
1!
1"
1%
1&
b11 +
#201900000000
0!
0"
0%
0&
#201950000000
1!
1"
1%
1&
b100 +
#202000000000
0!
0"
0%
0&
#202050000000
1!
1"
1%
1&
b101 +
#202100000000
0!
0"
0%
0&
#202150000000
1!
1"
1%
1&
b110 +
#202200000000
0!
0"
0%
0&
#202250000000
1!
1"
1%
1&
b111 +
#202300000000
0!
0"
0%
0&
#202350000000
1!
1"
1%
1&
b1000 +
#202400000000
0!
0"
0%
0&
#202450000000
1!
1"
1%
1&
b1001 +
#202500000000
0!
0"
0%
0&
#202550000000
1!
1"
1%
1&
b1010 +
#202600000000
0!
0"
0%
0&
#202650000000
1!
1"
1%
1&
b1011 +
#202700000000
0!
0"
0%
0&
#202750000000
1!
1"
1%
1&
b1100 +
#202800000000
0!
0"
0%
0&
#202850000000
1!
1"
1%
1&
b1101 +
#202900000000
0!
0"
0%
0&
#202950000000
1!
1"
1%
1&
b1110 +
#203000000000
0!
0"
0%
0&
#203050000000
1!
1"
1%
1&
b1111 +
#203100000000
0!
0"
0%
0&
#203150000000
1!
1"
1%
1&
b10000 +
#203200000000
0!
0"
0%
0&
#203250000000
1!
1"
1%
1&
b10001 +
#203300000000
0!
0"
0%
0&
#203350000000
1!
1"
1%
1&
b10010 +
#203400000000
0!
0"
0%
0&
#203450000000
1!
1"
1%
1&
b10011 +
#203500000000
0!
0"
0%
0&
#203550000000
1!
1"
1%
1&
b10100 +
#203600000000
0!
0"
0%
0&
#203650000000
1!
1"
1%
1&
b10101 +
#203700000000
0!
0"
0%
0&
#203750000000
1!
1"
1%
1&
b10110 +
#203800000000
0!
0"
0%
0&
#203850000000
1!
1"
1%
1&
b10111 +
#203900000000
0!
0"
0%
0&
#203950000000
1!
1"
1%
1&
b11000 +
#204000000000
0!
0"
0%
0&
#204050000000
1!
1"
1%
1&
b11001 +
#204100000000
0!
0"
0%
0&
#204150000000
1!
1"
1%
1&
b11010 +
#204200000000
0!
0"
0%
0&
#204250000000
1!
1"
1%
1&
b11011 +
#204300000000
0!
0"
0%
0&
#204350000000
1!
1"
1%
1&
b11100 +
#204400000000
0!
0"
0%
0&
#204450000000
1!
1"
1%
1&
b11101 +
#204500000000
0!
0"
0%
0&
#204550000000
1!
1"
1%
1&
b11110 +
#204600000000
0!
0"
0%
0&
#204650000000
1!
1"
1%
1&
b11111 +
#204700000000
0!
0"
0%
0&
#204750000000
1!
1"
1%
1&
b100000 +
#204800000000
0!
0"
0%
0&
#204850000000
1!
1"
1%
1&
b100001 +
#204900000000
0!
0"
0%
0&
#204950000000
1!
1"
1%
1&
b100010 +
#205000000000
0!
0"
0%
0&
#205050000000
1!
1"
1%
1&
b100011 +
#205100000000
0!
0"
0%
0&
#205150000000
1!
1"
1%
1&
b100100 +
#205200000000
0!
0"
0%
0&
#205250000000
1!
1"
1%
1&
b100101 +
#205300000000
0!
0"
0%
0&
#205350000000
1!
1"
1%
1&
b100110 +
#205400000000
0!
0"
0%
0&
#205450000000
1!
1"
1%
1&
b100111 +
#205500000000
0!
0"
0%
0&
#205550000000
1!
1"
1%
1&
b101000 +
#205600000000
0!
0"
0%
0&
#205650000000
1!
1"
1%
1&
b101001 +
#205700000000
0!
0"
0%
0&
#205750000000
1!
1"
1%
1&
b101010 +
#205800000000
0!
0"
0%
0&
#205850000000
1!
1"
1%
1&
b101011 +
#205900000000
0!
0"
0%
0&
#205950000000
1!
1"
1%
1&
b101100 +
#206000000000
0!
0"
0%
0&
#206050000000
1!
1"
1%
1&
b101101 +
#206100000000
0!
0"
0%
0&
#206150000000
1!
1"
1%
1&
b101110 +
#206200000000
0!
0"
0%
0&
#206250000000
1!
1"
1%
1&
b101111 +
#206300000000
0!
0"
0%
0&
#206350000000
1!
1"
1%
1&
b110000 +
#206400000000
0!
0"
0%
0&
#206450000000
1!
1"
1%
1&
b110001 +
#206500000000
0!
0"
0%
0&
#206550000000
1!
1"
1%
1&
b110010 +
#206600000000
0!
0"
0%
0&
#206650000000
1!
1"
1%
1&
b110011 +
#206700000000
0!
0"
0%
0&
#206750000000
1!
1"
1%
1&
b110100 +
#206800000000
0!
0"
0%
0&
#206850000000
1!
1"
1%
1&
b110101 +
#206900000000
0!
0"
0%
0&
#206950000000
1!
1"
1%
1&
b110110 +
#207000000000
0!
0"
0%
0&
#207050000000
1!
1"
1%
1&
b110111 +
#207100000000
0!
0"
0%
0&
#207150000000
1!
1"
1%
1&
b111000 +
#207200000000
0!
0"
0%
0&
#207250000000
1!
1"
1%
1&
b111001 +
#207300000000
0!
0"
0%
0&
#207350000000
1!
1"
1%
1&
b111010 +
#207400000000
0!
0"
0%
0&
#207450000000
1!
1"
1%
1&
b111011 +
#207500000000
0!
0"
0%
0&
#207550000000
1!
1"
1%
1&
b111100 +
#207600000000
0!
0"
0%
0&
#207650000000
1!
1"
1%
1&
b111101 +
#207700000000
0!
0"
0%
0&
#207750000000
1!
1"
1%
1&
b111110 +
#207800000000
0!
0"
0%
0&
#207850000000
1!
1"
1%
1&
b111111 +
#207900000000
0!
0"
0%
0&
#207950000000
1!
1"
1%
1&
b1000000 +
#208000000000
0!
0"
0%
0&
#208050000000
1!
1"
1%
1&
b1000001 +
#208100000000
0!
0"
0%
0&
#208150000000
1!
1"
1%
1&
b1000010 +
#208200000000
0!
0"
0%
0&
#208250000000
1!
1"
1%
1&
b1000011 +
#208300000000
0!
0"
0%
0&
#208350000000
1!
1"
1%
1&
b1000100 +
#208400000000
0!
0"
0%
0&
#208450000000
1!
1"
1%
1&
b1000101 +
#208500000000
0!
0"
0%
0&
#208550000000
1!
1"
1%
1&
b1000110 +
#208600000000
0!
0"
0%
0&
#208650000000
1!
1"
1%
1&
b1000111 +
#208700000000
0!
0"
0%
0&
#208750000000
1!
1"
1%
1&
b1001000 +
#208800000000
0!
0"
0%
0&
#208850000000
1!
1"
1%
1&
b1001001 +
#208900000000
0!
0"
0%
0&
#208950000000
1!
1"
1%
1&
b1001010 +
#209000000000
0!
0"
0%
0&
#209050000000
1!
1"
1%
1&
b1001011 +
#209100000000
0!
0"
0%
0&
#209150000000
1!
1"
1%
1&
b1001100 +
#209200000000
0!
0"
0%
0&
#209250000000
1!
1"
1%
1&
b1001101 +
#209300000000
0!
0"
0%
0&
#209350000000
1!
1"
1%
1&
b1001110 +
#209400000000
0!
0"
0%
0&
#209450000000
1!
1"
1%
1&
b1001111 +
#209500000000
0!
0"
0%
0&
#209550000000
1!
1"
1%
1&
b1010000 +
#209600000000
0!
0"
0%
0&
#209650000000
1!
1"
1%
1&
b1010001 +
#209700000000
0!
0"
0%
0&
#209750000000
1!
1"
1%
1&
b1010010 +
#209800000000
0!
0"
0%
0&
#209850000000
1!
1"
1%
1&
b1010011 +
#209900000000
0!
0"
0%
0&
#209950000000
1!
1"
1%
1&
b1010100 +
#210000000000
0!
0"
0%
0&
#210050000000
1!
1"
1%
1&
b1010101 +
#210100000000
0!
0"
0%
0&
#210150000000
1!
1"
1%
1&
b1010110 +
#210200000000
0!
0"
0%
0&
#210250000000
1!
1"
1%
1&
b1010111 +
#210300000000
0!
0"
0%
0&
#210350000000
1!
1"
1%
1&
b1011000 +
#210400000000
0!
0"
0%
0&
#210450000000
1!
1"
1%
1&
b1011001 +
#210500000000
0!
0"
0%
0&
#210550000000
1!
1"
1%
1&
b1011010 +
#210600000000
0!
0"
0%
0&
#210650000000
1!
1"
1%
1&
b1011011 +
#210700000000
0!
0"
0%
0&
#210750000000
1!
1"
1%
1&
b1011100 +
#210800000000
0!
0"
0%
0&
#210850000000
1!
1"
1%
1&
b1011101 +
#210900000000
0!
0"
0%
0&
#210950000000
1!
1"
1%
1&
b1011110 +
#211000000000
0!
0"
0%
0&
#211050000000
1!
1"
1%
1&
b1011111 +
#211100000000
0!
0"
0%
0&
#211150000000
1!
1"
1$
1%
1&
1(
b0 +
#211200000000
0!
0"
1#
0%
0&
1'
#211250000000
1!
1"
0#
1%
1&
0'
b110 )
1-
#211300000000
0!
0"
0%
0&
#211350000000
1!
1"
1#
1%
1&
1'
b101 )
0-
#211400000000
0!
0"
0%
0&
#211450000000
1!
1"
0#
1%
1&
0'
b100 )
1-
#211500000000
0!
0"
0%
0&
#211550000000
1!
1"
1#
1%
1&
1'
b11 )
0-
#211600000000
0!
0"
0%
0&
#211650000000
1!
1"
0#
1%
1&
0'
b10 )
1-
#211700000000
0!
0"
0%
0&
#211750000000
1!
1"
1#
1%
1&
1'
b1 )
0-
#211800000000
0!
0"
0%
0&
#211850000000
1!
1"
0#
1%
1&
0'
b0 )
1-
#211900000000
0!
0"
0%
0&
#211950000000
1!
1"
1#
1%
1&
1'
b111 )
b1 *
0-
#212000000000
0!
0"
0%
0&
#212050000000
1!
1"
0#
1%
1&
0'
b110 )
1-
#212100000000
0!
0"
0%
0&
#212150000000
1!
1"
1#
1%
1&
1'
b101 )
0-
#212200000000
0!
0"
0%
0&
#212250000000
1!
1"
0#
1%
1&
0'
b100 )
1-
#212300000000
0!
0"
0%
0&
#212350000000
1!
1"
1#
1%
1&
1'
b11 )
0-
#212400000000
0!
0"
0%
0&
#212450000000
1!
1"
0#
1%
1&
0'
b10 )
1-
#212500000000
0!
0"
0%
0&
#212550000000
1!
1"
1#
1%
1&
1'
b1 )
0-
#212600000000
0!
0"
0%
0&
#212650000000
1!
1"
0#
1%
1&
0'
b0 )
1-
#212700000000
0!
0"
0%
0&
#212750000000
1!
1"
1#
1%
1&
1'
b111 )
b10 *
0-
#212800000000
0!
0"
0%
0&
#212850000000
1!
1"
0#
1%
1&
0'
b110 )
1-
#212900000000
0!
0"
0%
0&
#212950000000
1!
1"
1#
1%
1&
1'
b101 )
0-
#213000000000
0!
0"
0%
0&
#213050000000
1!
1"
0#
1%
1&
0'
b100 )
1-
#213100000000
0!
0"
0%
0&
#213150000000
1!
1"
1#
1%
1&
1'
b11 )
0-
#213200000000
0!
0"
0%
0&
#213250000000
1!
1"
0#
1%
1&
0'
b10 )
1-
#213300000000
0!
0"
0%
0&
#213350000000
1!
1"
1#
1%
1&
1'
b1 )
0-
#213400000000
0!
0"
0%
0&
#213450000000
1!
1"
0#
1%
1&
0'
b0 )
1-
#213500000000
0!
0"
0%
0&
#213550000000
1!
1"
1#
1%
1&
1'
b111 )
b11 *
0-
#213600000000
0!
0"
0%
0&
#213650000000
1!
1"
0#
1%
1&
0'
b110 )
1-
#213700000000
0!
0"
0%
0&
#213750000000
1!
1"
1#
1%
1&
1'
b101 )
0-
#213800000000
0!
0"
0%
0&
#213850000000
1!
1"
0#
1%
1&
0'
b100 )
1-
#213900000000
0!
0"
0%
0&
#213950000000
1!
1"
1#
1%
1&
1'
b11 )
0-
#214000000000
0!
0"
0%
0&
#214050000000
1!
1"
0#
1%
1&
0'
b10 )
1-
#214100000000
0!
0"
0%
0&
#214150000000
1!
1"
1#
1%
1&
1'
b1 )
0-
#214200000000
0!
0"
0%
0&
#214250000000
1!
1"
0#
1%
1&
0'
b0 )
1-
#214300000000
0!
0"
0%
0&
#214350000000
1!
1"
1#
1%
1&
1'
b111 )
b100 *
0-
#214400000000
0!
0"
0%
0&
#214450000000
1!
1"
0#
1%
1&
0'
b110 )
1-
#214500000000
0!
0"
0%
0&
#214550000000
1!
1"
1#
1%
1&
1'
b101 )
0-
#214600000000
0!
0"
0%
0&
#214650000000
1!
1"
0#
1%
1&
0'
b100 )
1-
#214700000000
0!
0"
0%
0&
#214750000000
1!
1"
1#
1%
1&
1'
b11 )
0-
#214800000000
0!
0"
0%
0&
#214850000000
1!
1"
0#
1%
1&
0'
b10 )
1-
#214900000000
0!
0"
0%
0&
#214950000000
1!
1"
1#
1%
1&
1'
b1 )
0-
#215000000000
0!
0"
0%
0&
#215050000000
1!
1"
0#
1%
1&
0'
b0 )
1-
#215100000000
0!
0"
0%
0&
#215150000000
1!
1"
1#
1%
1&
1'
b111 )
b101 *
0-
#215200000000
0!
0"
0%
0&
#215250000000
1!
1"
0#
1%
1&
0'
b110 )
1-
#215300000000
0!
0"
0%
0&
#215350000000
1!
1"
1#
1%
1&
1'
b101 )
0-
#215400000000
0!
0"
0%
0&
#215450000000
1!
1"
0#
1%
1&
0'
b100 )
1-
#215500000000
0!
0"
0%
0&
#215550000000
1!
1"
1#
1%
1&
1'
b11 )
0-
#215600000000
0!
0"
0%
0&
#215650000000
1!
1"
0#
1%
1&
0'
b10 )
1-
#215700000000
0!
0"
0%
0&
#215750000000
1!
1"
1#
1%
1&
1'
b1 )
0-
#215800000000
0!
0"
0%
0&
#215850000000
1!
1"
0#
1%
1&
0'
b0 )
1-
#215900000000
0!
0"
0%
0&
#215950000000
1!
1"
1#
1%
1&
1'
b111 )
b110 *
0-
#216000000000
0!
0"
0%
0&
#216050000000
1!
1"
0#
1%
1&
0'
b110 )
1-
#216100000000
0!
0"
0%
0&
#216150000000
1!
1"
1#
1%
1&
1'
b101 )
0-
#216200000000
0!
0"
0%
0&
#216250000000
1!
1"
0#
1%
1&
0'
b100 )
1-
#216300000000
0!
0"
0%
0&
#216350000000
1!
1"
1#
1%
1&
1'
b11 )
0-
#216400000000
0!
0"
0%
0&
#216450000000
1!
1"
0#
1%
1&
0'
b10 )
1-
#216500000000
0!
0"
0%
0&
#216550000000
1!
1"
1#
1%
1&
1'
b1 )
0-
#216600000000
0!
0"
0%
0&
#216650000000
1!
1"
0#
1%
1&
0'
b0 )
1-
#216700000000
0!
0"
0%
0&
#216750000000
1!
1"
1#
1%
1&
1'
b111 )
b0 *
0-
#216800000000
0!
0"
0%
0&
#216850000000
1!
1"
0#
1%
1&
0'
b110 )
1-
#216900000000
0!
0"
0%
0&
#216950000000
1!
1"
1#
1%
1&
1'
b101 )
0-
#217000000000
0!
0"
0%
0&
#217050000000
1!
1"
0#
1%
1&
0'
b100 )
1-
#217100000000
0!
0"
0%
0&
#217150000000
1!
1"
1#
1%
1&
1'
b11 )
0-
#217200000000
0!
0"
0%
0&
#217250000000
1!
1"
0#
1%
1&
0'
b10 )
1-
#217300000000
0!
0"
0%
0&
#217350000000
1!
1"
1#
1%
1&
1'
b1 )
0-
#217400000000
0!
0"
0%
0&
#217450000000
1!
1"
0#
1%
1&
0'
b0 )
1-
#217500000000
0!
0"
0%
0&
#217550000000
1!
1"
1#
1%
1&
1'
b111 )
b11111111111111111111111111111111 .
#217600000000
0!
0"
0#
0%
0&
0'
#217650000000
1!
1"
1#
1%
1&
1'
b110 )
b01111111111111111111111111111111 .
#217700000000
0!
0"
0#
0%
0&
0'
#217750000000
1!
1"
1#
1%
1&
1'
b101 )
b00111111111111111111111111111111 .
#217800000000
0!
0"
0#
0%
0&
0'
#217850000000
1!
1"
1#
1%
1&
1'
b100 )
b00011111111111111111111111111111 .
#217900000000
0!
0"
0#
0%
0&
0'
#217950000000
1!
1"
1#
1%
1&
1'
b11 )
b00001111111111111111111111111111 .
#218000000000
0!
0"
0#
0%
0&
0'
#218050000000
1!
1"
1#
1%
1&
1'
b10 )
b00000111111111111111111111111111 .
#218100000000
0!
0"
0#
0%
0&
0'
#218150000000
1!
1"
1#
1%
1&
1'
b1 )
b00000011111111111111111111111111 .
#218200000000
0!
0"
0#
0%
0&
0'
#218250000000
1!
1"
1#
1%
1&
1'
b0 )
b00000001111111111111111111111111 .
#218300000000
0!
0"
0#
0%
0&
0'
#218350000000
1!
1"
1#
1%
1&
1'
b111 )
b1 *
b00000000111111111111111111111111 .
#218400000000
0!
0"
0#
0%
0&
0'
#218450000000
1!
1"
1#
1%
1&
1'
b110 )
b00000000011111111111111111111111 .
#218500000000
0!
0"
0#
0%
0&
0'
#218550000000
1!
1"
1#
1%
1&
1'
b101 )
b00000000001111111111111111111111 .
#218600000000
0!
0"
0#
0%
0&
0'
#218650000000
1!
1"
1#
1%
1&
1'
b100 )
b00000000000111111111111111111111 .
#218700000000
0!
0"
0#
0%
0&
0'
#218750000000
1!
1"
1#
1%
1&
1'
b11 )
b00000000000011111111111111111111 .
#218800000000
0!
0"
0#
0%
0&
0'
#218850000000
1!
1"
1#
1%
1&
1'
b10 )
b00000000000001111111111111111111 .
#218900000000
0!
0"
0#
0%
0&
0'
#218950000000
1!
1"
1#
1%
1&
1'
b1 )
b00000000000000111111111111111111 .
#219000000000
0!
0"
0#
0%
0&
0'
#219050000000
1!
1"
1#
1%
1&
1'
b0 )
b00000000000000011111111111111111 .
#219100000000
0!
0"
0#
0%
0&
0'
#219150000000
1!
1"
1#
1%
1&
1'
b111 )
b10 *
b00000000000000001111111111111111 .
#219200000000
0!
0"
0#
0%
0&
0'
#219250000000
1!
1"
1#
1%
1&
1'
b110 )
b00000000000000000111111111111111 .
#219300000000
0!
0"
0#
0%
0&
0'
#219350000000
1!
1"
1#
1%
1&
1'
b101 )
b00000000000000000011111111111111 .
#219400000000
0!
0"
0#
0%
0&
0'
#219450000000
1!
1"
1#
1%
1&
1'
b100 )
b00000000000000000001111111111111 .
#219500000000
0!
0"
0#
0%
0&
0'
#219550000000
1!
1"
1#
1%
1&
1'
b11 )
b00000000000000000000111111111111 .
#219600000000
0!
0"
0#
0%
0&
0'
#219650000000
1!
1"
1#
1%
1&
1'
b10 )
b00000000000000000000011111111111 .
#219700000000
0!
0"
0#
0%
0&
0'
#219750000000
1!
1"
1#
1%
1&
1'
b1 )
b00000000000000000000001111111111 .
#219800000000
0!
0"
0#
0%
0&
0'
#219850000000
1!
1"
1#
1%
1&
1'
b0 )
b00000000000000000000000111111111 .
#219900000000
0!
0"
0#
0%
0&
0'
#219950000000
1!
1"
1#
1%
1&
1'
b111 )
b11 *
b00000000000000000000000011111111 .
#220000000000
0!
0"
0#
0%
0&
0'
#220050000000
1!
1"
1#
1%
1&
1'
b110 )
b00000000000000000000000001111111 .
#220100000000
0!
0"
0#
0%
0&
0'
#220150000000
1!
1"
1#
1%
1&
1'
b101 )
b00000000000000000000000000111111 .
#220200000000
0!
0"
0#
0%
0&
0'
#220250000000
1!
1"
1#
1%
1&
1'
b100 )
b00000000000000000000000000011111 .
#220300000000
0!
0"
0#
0%
0&
0'
#220350000000
1!
1"
1#
1%
1&
1'
b11 )
b00000000000000000000000000001111 .
#220400000000
0!
0"
0#
0%
0&
0'
#220450000000
1!
1"
1#
1%
1&
1'
b10 )
b00000000000000000000000000000111 .
#220500000000
0!
0"
0#
0%
0&
0'
#220550000000
1!
1"
1#
1%
1&
1'
b1 )
b00000000000000000000000000000011 .
#220600000000
0!
0"
0#
0%
0&
0'
#220650000000
1!
1"
1#
1%
1&
1'
b0 )
b00000000000000000000000000000001 .
#220700000000
0!
0"
0#
0%
0&
0'
#220750000000
1!
1"
1#
1%
1&
1'
b111 )
b100 *
b00000000000000000000000000000000 .
#220800000000
0!
0"
0#
0%
0&
0'
#220850000000
1!
1"
1#
1%
1&
1'
b110 )
b11101101101110001000001100100000 .
#220900000000
0!
0"
0#
0%
0&
0'
#220950000000
1!
1"
1#
1%
1&
1'
b101 )
b10011011011001001100001010110000 .
#221000000000
0!
0"
0#
0%
0&
0'
#221050000000
1!
1"
1#
1%
1&
1'
b100 )
b10100000000010101110001001111000 .
#221100000000
0!
0"
0#
0%
0&
0'
#221150000000
1!
1"
1#
1%
1&
1'
b11 )
b10111101101111011111001000011100 .
#221200000000
0!
0"
0#
0%
0&
0'
#221250000000
1!
1"
1#
1%
1&
1'
b10 )
b10110011011001100111101000101110 .
#221300000000
0!
0"
0#
0%
0&
0'
#221350000000
1!
1"
1#
1%
1&
1'
b1 )
b10110100000010111011111000110111 .
#221400000000
0!
0"
0#
0%
0&
0'
#221450000000
1!
1"
1#
1%
1&
1'
b0 )
b01011010000001011101111100011011 .
#221500000000
0!
0"
0#
0%
0&
0'
#221550000000
1!
1"
1#
1%
1&
1'
b111 )
b101 *
b00101101000000101110111110001101 .
#221600000000
0!
0"
0#
0%
0&
0'
#221650000000
1!
1"
1#
1%
1&
1'
b110 )
b00010110100000010111011111000110 .
#221700000000
0!
0"
0#
0%
0&
0'
#221750000000
1!
1"
1#
1%
1&
1'
b101 )
b11100110111110000011100011000011 .
#221800000000
0!
0"
0#
0%
0&
0'
#221850000000
1!
1"
1#
1%
1&
1'
b100 )
b01110011011111000001110001100001 .
#221900000000
0!
0"
0#
0%
0&
0'
#221950000000
1!
1"
1#
1%
1&
1'
b11 )
b00111001101111100000111000110000 .
#222000000000
0!
0"
0#
0%
0&
0'
#222050000000
1!
1"
1#
1%
1&
1'
b10 )
b11110001011001111000010000111000 .
#222100000000
0!
0"
0#
0%
0&
0'
#222150000000
1!
1"
1#
1%
1&
1'
b1 )
b10010101000010110100000100111100 .
#222200000000
0!
0"
0#
0%
0&
0'
#222250000000
1!
1"
1#
1%
1&
1'
b0 )
b10100111001111010010001110111110 .
#222300000000
0!
0"
0#
0%
0&
0'
#222350000000
1!
1"
1#
1%
1&
1'
b111 )
b0 *
b10111110001001100001001011111111 .
#222400000000
0!
0"
0#
0%
0&
0'
#222450000000
1!
1"
1#
1%
1&
1'
b110 )
0-
b10110010101010111000101001011111 .
#222500000000
0!
0"
0%
0&
#222550000000
1!
1"
0#
1%
1&
0'
b101 )
b10110100111011010100011000001111 .
#222600000000
0!
0"
1#
0%
0&
1'
#222650000000
1!
1"
0#
1%
1&
0'
b100 )
b10110111110011100010000000100111 .
#222700000000
0!
0"
1#
0%
0&
1'
#222750000000
1!
1"
0#
1%
1&
0'
b11 )
b10110110010111111001001100110011 .
#222800000000
0!
0"
1#
0%
0&
1'
#222850000000
1!
1"
0#
1%
1&
0'
b10 )
1-
b01011011001011111100100110011001 .
#222900000000
0!
0"
0%
0&
#222950000000
1!
1"
1#
1%
1&
1'
b1 )
0-
b11000000001011110110011111101100 .
#223000000000
0!
0"
0%
0&
#223050000000
1!
1"
0#
1%
1&
0'
b0 )
b01100000000101111011001111110110 .
#223100000000
0!
0"
1#
0%
0&
1'
#223150000000
1!
1"
0#
1%
1&
0'
b111 )
b1 *
b00110000000010111101100111111011 .
#223200000000
0!
0"
1#
0%
0&
1'
#223250000000
1!
1"
0#
1%
1&
0'
b110 )
b11110101101111010110111111011101 .
#223300000000
0!
0"
1#
0%
0&
1'
#223350000000
1!
1"
0#
1%
1&
0'
b101 )
1-
b01111010110111101011011111101110 .
#223400000000
0!
0"
0%
0&
#223450000000
1!
1"
1#
1%
1&
1'
b100 )
0-
b00111101011011110101101111110111 .
#223500000000
0!
0"
0%
0&
#223550000000
1!
1"
0#
1%
1&
0'
b11 )
b11110011000011110010111011011011 .
#223600000000
0!
0"
1#
0%
0&
1'
#223650000000
1!
1"
0#
1%
1&
0'
b10 )
b10010100001111110001010001001101 .
#223700000000
0!
0"
1#
0%
0&
1'
#223750000000
1!
1"
0#
1%
1&
0'
b1 )
b10100111101001110000100100000110 .
#223800000000
0!
0"
1#
0%
0&
1'
#223850000000
1!
1"
0#
1%
1&
0'
b0 )
b01010011110100111000010010000011 .
#223900000000
0!
0"
1#
0%
0&
1'
#223950000000
1!
1"
0#
1%
1&
0'
b111 )
b10 *
1-
b00101001111010011100001001000001 .
#224000000000
0!
0"
0%
0&
#224050000000
1!
1"
1#
1%
1&
1'
b110 )
0-
b11111001010011000110001000000000 .
#224100000000
0!
0"
0%
0&
#224150000000
1!
1"
0#
1%
1&
0'
b101 )
1-
b10010001000111101011001000100000 .
#224200000000
0!
0"
0%
0&
#224250000000
1!
1"
1#
1%
1&
1'
b100 )
b10100101001101111101101000110000 .
#224300000000
0!
0"
0#
0%
0&
0'
#224350000000
1!
1"
1#
1%
1&
1'
b11 )
0-
b01010010100110111110110100011000 .
#224400000000
0!
0"
0%
0&
#224450000000
1!
1"
0#
1%
1&
0'
b10 )
b00101001010011011111011010001100 .
#224500000000
0!
0"
1#
0%
0&
1'
#224550000000
1!
1"
0#
1%
1&
0'
b1 )
b00010100101001101111101101000110 .
#224600000000
0!
0"
1#
0%
0&
1'
#224650000000
1!
1"
0#
1%
1&
0'
b0 )
b00001010010100110111110110100011 .
#224700000000
0!
0"
1#
0%
0&
1'
#224750000000
1!
1"
0#
1%
1&
0'
b111 )
b11 *
1-
b00000101001010011011111011010001 .
#224800000000
0!
0"
0%
0&
#224850000000
1!
1"
1#
1%
1&
1'
b110 )
0-
b11101111001011000101110001001000 .
#224900000000
0!
0"
0%
0&
#224950000000
1!
1"
0#
1%
1&
0'
b101 )
b01110111100101100010111000100100 .
#225000000000
0!
0"
1#
0%
0&
1'
#225050000000
1!
1"
0#
1%
1&
0'
b100 )
b00111011110010110001011100010010 .
#225100000000
0!
0"
1#
0%
0&
1'
#225150000000
1!
1"
0#
1%
1&
0'
b11 )
1-
b11110000010111010000100010101001 .
#225200000000
0!
0"
0%
0&
#225250000000
1!
1"
1#
1%
1&
1'
b10 )
b01111000001011101000010001010100 .
#225300000000
0!
0"
0#
0%
0&
0'
#225350000000
1!
1"
1#
1%
1&
1'
b1 )
0-
b00111100000101110100001000101010 .
#225400000000
0!
0"
0%
0&
#225450000000
1!
1"
0#
1%
1&
0'
b0 )
b00011110000010111010000100010101 .
#225500000000
0!
0"
1#
0%
0&
1'
#225550000000
1!
1"
0#
1%
1&
0'
b111 )
b100 *
b11100010101111010101001110101010 .
#225600000000
0!
0"
1#
0%
0&
1'
#225650000000
1!
1"
0#
1%
1&
0'
b110 )
b01110001010111101010100111010101 .
#225700000000
0!
0"
1#
0%
0&
1'
#225750000000
1!
1"
0#
1%
1&
0'
b101 )
1-
b00111000101011110101010011101010 .
#225800000000
0!
0"
0%
0&
#225850000000
1!
1"
1#
1%
1&
1'
b100 )
0-
b00011100010101111010101001110101 .
#225900000000
0!
0"
0%
0&
#225950000000
1!
1"
0#
1%
1&
0'
b11 )
1-
b00001110001010111101010100111010 .
#226000000000
0!
0"
0%
0&
#226050000000
1!
1"
1#
1%
1&
1'
b10 )
0-
b00000111000101011110101010011101 .
#226100000000
0!
0"
0%
0&
#226150000000
1!
1"
0#
1%
1&
0'
b1 )
1-
b00000011100010101111010101001110 .
#226200000000
0!
0"
0%
0&
#226250000000
1!
1"
1#
1%
1&
1'
b0 )
b11101100011111011111100110000111 .
#226300000000
0!
0"
0#
0%
0&
0'
#226350000000
1!
1"
1#
1%
1&
1'
b111 )
b101 *
b01110110001111101111110011000011 .
#226400000000
0!
0"
0#
0%
0&
0'
#226450000000
1!
1"
1#
1%
1&
1'
b110 )
0-
b11010110101001111111110101000001 .
#226500000000
0!
0"
0%
0&
#226550000000
1!
1"
0#
1%
1&
0'
b101 )
b10000110111010110111110110000000 .
#226600000000
0!
0"
1#
0%
0&
1'
#226650000000
1!
1"
0#
1%
1&
0'
b100 )
b01000011011101011011111011000000 .
#226700000000
0!
0"
1#
0%
0&
1'
#226750000000
1!
1"
0#
1%
1&
0'
b11 )
1-
b11001100000000100101110001000000 .
#226800000000
0!
0"
0%
0&
#226850000000
1!
1"
1#
1%
1&
1'
b10 )
0-
b01100110000000010010111000100000 .
#226900000000
0!
0"
0%
0&
#226950000000
1!
1"
0#
1%
1&
0'
b1 )
b00110011000000001001011100010000 .
#227000000000
0!
0"
1#
0%
0&
1'
#227050000000
1!
1"
0#
1%
1&
0'
b0 )
b00011001100000000100101110001000 .
#227100000000
0!
0"
1#
0%
0&
1'
#227150000000
1!
1"
0#
1%
1&
0'
b111 )
b0 *
b00001100110000000010010111000100 .
#227200000000
0!
0"
1#
0%
0&
1'
#227250000000
1!
1"
0#
1%
1&
0'
b110 )
b00000110011000000001001011100010 .
#227300000000
0!
0"
1#
0%
0&
1'
#227350000000
1!
1"
0#
1%
1&
0'
b101 )
b00000011001100000000100101110001 .
#227400000000
0!
0"
1#
0%
0&
1'
#227450000000
1!
1"
0#
1%
1&
0'
b100 )
b11101100001000001000011110011000 .
#227500000000
0!
0"
1#
0%
0&
1'
#227550000000
1!
1"
0#
1%
1&
0'
b11 )
1-
b10011011101010001100000011101100 .
#227600000000
0!
0"
0%
0&
#227650000000
1!
1"
1#
1%
1&
1'
b10 )
0-
b01001101110101000110000001110110 .
#227700000000
0!
0"
0%
0&
#227750000000
1!
1"
0#
1%
1&
0'
b1 )
b00100110111010100011000000111011 .
#227800000000
0!
0"
1#
0%
0&
1'
#227850000000
1!
1"
0#
1%
1&
0'
b0 )
b11111110110011011001101100111101 .
#227900000000
0!
0"
1#
0%
0&
1'
#227950000000
1!
1"
0#
1%
1&
0'
b111 )
b1 *
1-
b01111111011001101100110110011110 .
#228000000000
0!
0"
0%
0&
#228050000000
1!
1"
1#
1%
1&
1'
b110 )
b11010010000010111110010111101111 .
#228100000000
0!
0"
0#
0%
0&
0'
#228150000000
1!
1"
1#
1%
1&
1'
b101 )
0-
b10000100101111010111000111010111 .
#228200000000
0!
0"
0%
0&
#228250000000
1!
1"
0#
1%
1&
0'
b100 )
1-
b01000010010111101011100011101011 .
#228300000000
0!
0"
0%
0&
#228350000000
1!
1"
1#
1%
1&
1'
b11 )
0-
b11001100100101111101111101010101 .
#228400000000
0!
0"
0%
0&
#228450000000
1!
1"
0#
1%
1&
0'
b10 )
1-
b01100110010010111110111110101010 .
#228500000000
0!
0"
0%
0&
#228550000000
1!
1"
1#
1%
1&
1'
b1 )
b11011110100111010111010011110101 .
#228600000000
0!
0"
0#
0%
0&
0'
#228650000000
1!
1"
1#
1%
1&
1'
b0 )
0-
b10000010111101100011100101011010 .
#228700000000
0!
0"
0%
0&
#228750000000
1!
1"
0#
1%
1&
0'
b111 )
b0 *
1-
b10101100110000111001111110001101 .
#228800000000
0!
0"
0%
0&
#228850000000
1!
1"
1#
1%
1&
1'
b110 )
0-
b10111011110110010100110011100110 .
#228900000000
0!
0"
0%
0&
#228950000000
1!
1"
0#
1%
1&
0'
b101 )
b01011101111011001010011001110011 .
#229000000000
0!
0"
1#
0%
0&
1'
#229050000000
1!
1"
0#
1%
1&
0'
b100 )
b11000011010011101101000000011001 .
#229100000000
0!
0"
1#
0%
0&
1'
#229150000000
1!
1"
0#
1%
1&
0'
b11 )
b10001100000111111110101100101100 .
#229200000000
0!
0"
1#
0%
0&
1'
#229250000000
1!
1"
0#
1%
1&
0'
b10 )
b01000110000011111111010110010110 .
#229300000000
0!
0"
1#
0%
0&
1'
#229350000000
1!
1"
0#
1%
1&
0'
b1 )
b00100011000001111111101011001011 .
#229400000000
0!
0"
1#
0%
0&
1'
#229450000000
1!
1"
0#
1%
1&
0'
b0 )
b11111100001110110111111001000101 .
#229500000000
0!
0"
1#
0%
0&
1'
#229550000000
1!
1"
0#
1%
1&
0'
b111 )
b1 *
b10010011101001010011110000000010 .
#229600000000
0!
0"
1#
0%
0&
1'
#229650000000
1!
1"
0#
1%
1&
0'
b110 )
b01001001110100101001111000000001 .
#229700000000
0!
0"
1#
0%
0&
1'
#229750000000
1!
1"
0#
1%
1&
0'
b101 )
b11001001010100011100110000100000 .
#229800000000
0!
0"
1#
0%
0&
1'
#229850000000
1!
1"
0#
1%
1&
0'
b100 )
b01100100101010001110011000010000 .
#229900000000
0!
0"
1#
0%
0&
1'
#229950000000
1!
1"
0#
1%
1&
0'
b11 )
b00110010010101000111001100001000 .
#230000000000
0!
0"
1#
0%
0&
1'
#230050000000
1!
1"
0#
1%
1&
0'
b10 )
b00011001001010100011100110000100 .
#230100000000
0!
0"
1#
0%
0&
1'
#230150000000
1!
1"
0#
1%
1&
0'
b1 )
b00001100100101010001110011000010 .
#230200000000
0!
0"
1#
0%
0&
1'
#230250000000
1!
1"
0#
1%
1&
0'
b0 )
b00000110010010101000111001100001 .
#230300000000
0!
0"
1#
0%
0&
1'
#230350000000
1!
1"
0#
1%
1&
0'
b111 )
b10 *
b11101110100111011100010000010000 .
#230400000000
0!
0"
1#
0%
0&
1'
#230450000000
1!
1"
0#
1%
1&
0'
b110 )
b01110111010011101110001000001000 .
#230500000000
0!
0"
1#
0%
0&
1'
#230550000000
1!
1"
0#
1%
1&
0'
b101 )
b00111011101001110111000100000100 .
#230600000000
0!
0"
1#
0%
0&
1'
#230650000000
1!
1"
0#
1%
1&
0'
b100 )
b00011101110100111011100010000010 .
#230700000000
0!
0"
1#
0%
0&
1'
#230750000000
1!
1"
0#
1%
1&
0'
b11 )
b00001110111010011101110001000001 .
#230800000000
0!
0"
1#
0%
0&
1'
#230850000000
1!
1"
0#
1%
1&
0'
b10 )
b11101010110011000110110100000000 .
#230900000000
0!
0"
1#
0%
0&
1'
#230950000000
1!
1"
0#
1%
1&
0'
b1 )
b01110101011001100011011010000000 .
#231000000000
0!
0"
1#
0%
0&
1'
#231050000000
1!
1"
0#
1%
1&
0'
b0 )
b00111010101100110001101101000000 .
#231100000000
0!
0"
1#
0%
0&
1'
#231150000000
1!
1"
0#
1%
1&
0'
b111 )
b11 *
b00011101010110011000110110100000 .
#231200000000
0!
0"
1#
0%
0&
1'
#231250000000
1!
1"
0#
1%
1&
0'
b110 )
b00001110101011001100011011010000 .
#231300000000
0!
0"
1#
0%
0&
1'
#231350000000
1!
1"
0#
1%
1&
0'
b101 )
b00000111010101100110001101101000 .
#231400000000
0!
0"
1#
0%
0&
1'
#231450000000
1!
1"
0#
1%
1&
0'
b100 )
b00000011101010110011000110110100 .
#231500000000
0!
0"
1#
0%
0&
1'
#231550000000
1!
1"
0#
1%
1&
0'
b11 )
b00000001110101011001100011011010 .
#231600000000
0!
0"
1#
0%
0&
1'
#231650000000
1!
1"
0#
1%
1&
0'
b10 )
b00000000111010101100110001101101 .
#231700000000
0!
0"
1#
0%
0&
1'
#231750000000
1!
1"
0#
1%
1&
0'
b1 )
b11101101110011011110010100010110 .
#231800000000
0!
0"
1#
0%
0&
1'
#231850000000
1!
1"
0#
1%
1&
0'
b0 )
b01110110111001101111001010001011 .
#231900000000
0!
0"
1#
0%
0&
1'
#231950000000
1!
1"
0#
1%
1&
0'
b111 )
b100 *
b11010110110010111111101001100101 .
#232000000000
0!
0"
1#
0%
0&
1'
#232050000000
1!
1"
0#
1%
1&
0'
b110 )
b10000110110111010111111000010010 .
#232100000000
0!
0"
1#
0%
0&
1'
#232150000000
1!
1"
0#
1%
1&
0'
b101 )
b01000011011011101011111100001001 .
#232200000000
0!
0"
1#
0%
0&
1'
#232250000000
1!
1"
0#
1%
1&
0'
b100 )
b11001100000011111101110010100100 .
#232300000000
0!
0"
1#
0%
0&
1'
#232350000000
1!
1"
0#
1%
1&
0'
b11 )
b01100110000001111110111001010010 .
#232400000000
0!
0"
1#
0%
0&
1'
#232450000000
1!
1"
0#
1%
1&
0'
b10 )
b00110011000000111111011100101001 .
#232500000000
0!
0"
1#
0%
0&
1'
#232550000000
1!
1"
0#
1%
1&
0'
b1 )
b11110100001110010111100010110100 .
#232600000000
0!
0"
1#
0%
0&
1'
#232650000000
1!
1"
0#
1%
1&
0'
b0 )
b01111010000111001011110001011010 .
#232700000000
0!
0"
1#
0%
0&
1'
#232750000000
1!
1"
0#
1%
1&
0'
b111 )
b101 *
b00111101000011100101111000101101 .
#232800000000
0!
0"
1#
0%
0&
1'
#232850000000
1!
1"
0#
1%
1&
0'
b110 )
b11110011001111111010110000110110 .
#232900000000
0!
0"
1#
0%
0&
1'
#232950000000
1!
1"
0#
1%
1&
0'
b101 )
b01111001100111111101011000011011 .
#233000000000
0!
0"
1#
0%
0&
1'
#233050000000
1!
1"
0#
1%
1&
0'
b100 )
b11010001011101110110100000101101 .
#233100000000
0!
0"
1#
0%
0&
1'
#233150000000
1!
1"
0#
1%
1&
0'
b11 )
b10000101000000110011011100110110 .
#233200000000
0!
0"
1#
0%
0&
1'
#233250000000
1!
1"
0#
1%
1&
0'
b10 )
b01000010100000011001101110011011 .
#233300000000
0!
0"
1#
0%
0&
1'
#233350000000
1!
1"
0#
1%
1&
0'
b1 )
b11001100111110000100111011101101 .
#233400000000
0!
0"
1#
0%
0&
1'
#233450000000
1!
1"
0#
1%
1&
0'
b0 )
b10001011110001001010010001010110 .
#233500000000
0!
0"
1#
0%
0&
1'
#233550000000
1!
1"
0#
1%
1&
0'
b111 )
b110 *
b01000101111000100101001000101011 .
#233600000000
0!
0"
1#
0%
0&
1'
#233650000000
1!
1"
0#
1%
1&
0'
b110 )
b11001111010010011010101000110101 .
#233700000000
0!
0"
1#
0%
0&
1'
#233750000000
1!
1"
0#
1%
1&
0'
b101 )
b10001010000111000101011000111010 .
#233800000000
0!
0"
1#
0%
0&
1'
#233850000000
1!
1"
0#
1%
1&
0'
b100 )
b01000101000011100010101100011101 .
#233900000000
0!
0"
1#
0%
0&
1'
#233950000000
1!
1"
0#
1%
1&
0'
b11 )
b11001111001111111001011010101110 .
#234000000000
0!
0"
1#
0%
0&
1'
#234050000000
1!
1"
0#
1%
1&
0'
b10 )
b01100111100111111100101101010111 .
#234100000000
0!
0"
1#
0%
0&
1'
#234150000000
1!
1"
0#
1%
1&
0'
b1 )
b11011110011101110110011010001011 .
#234200000000
0!
0"
1#
0%
0&
1'
#234250000000
1!
1"
0#
1%
1&
0'
b0 )
b10000010100000110011000001100101 .
#234300000000
0!
0"
1#
0%
0&
1'
#234350000000
1!
1"
0#
1%
1&
0'
b111 )
b111 *
b10101100111110010001101100010010 .
#234400000000
0!
0"
1#
0%
0&
1'
#234450000000
1!
1"
0#
1%
1&
0'
b110 )
b01010110011111001000110110001001 .
#234500000000
0!
0"
1#
0%
0&
1'
#234550000000
1!
1"
0#
1%
1&
0'
b101 )
b11000110100001101100010111100100 .
#234600000000
0!
0"
1#
0%
0&
1'
#234650000000
1!
1"
0#
1%
1&
0'
b100 )
b01100011010000110110001011110010 .
#234700000000
0!
0"
1#
0%
0&
1'
#234750000000
1!
1"
0#
1%
1&
0'
b11 )
b00110001101000011011000101111001 .
#234800000000
0!
0"
1#
0%
0&
1'
#234850000000
1!
1"
0#
1%
1&
0'
b10 )
b11110101011010000101101110011100 .
#234900000000
0!
0"
1#
0%
0&
1'
#234950000000
1!
1"
0#
1%
1&
0'
b1 )
b01111010101101000010110111001110 .
#235000000000
0!
0"
1#
0%
0&
1'
#235050000000
1!
1"
0#
1%
1&
0'
b0 )
b00111101010110100001011011100111 .
#235100000000
0!
0"
1#
0%
0&
1'
#235150000000
1!
1"
0#
1%
1&
0'
b111 )
b1000 *
b11110011000101011000100001010011 .
#235200000000
0!
0"
1#
0%
0&
1'
#235250000000
1!
1"
0#
1%
1&
0'
b110 )
b10010100001100100100011100001001 .
#235300000000
0!
0"
1#
0%
0&
1'
#235350000000
1!
1"
0#
1%
1&
0'
b101 )
b10100111101000011010000010100100 .
#235400000000
0!
0"
1#
0%
0&
1'
#235450000000
1!
1"
0#
1%
1&
0'
b100 )
b01010011110100001101000001010010 .
#235500000000
0!
0"
1#
0%
0&
1'
#235550000000
1!
1"
0#
1%
1&
0'
b11 )
b00101001111010000110100000101001 .
#235600000000
0!
0"
1#
0%
0&
1'
#235650000000
1!
1"
0#
1%
1&
0'
b10 )
b11111001010011001011011100110100 .
#235700000000
0!
0"
1#
0%
0&
1'
#235750000000
1!
1"
0#
1%
1&
0'
b1 )
b01111100101001100101101110011010 .
#235800000000
0!
0"
1#
0%
0&
1'
#235850000000
1!
1"
0#
1%
1&
0'
b0 )
b00111110010100110010110111001101 .
#235900000000
0!
0"
1#
0%
0&
1'
#235950000000
1!
1"
0#
1%
1&
0'
b111 )
b1001 *
b11110010100100010001010111000110 .
#236000000000
0!
0"
1#
0%
0&
1'
#236050000000
1!
1"
0#
1%
1&
0'
b110 )
b01111001010010001000101011100011 .
#236100000000
0!
0"
1#
0%
0&
1'
#236150000000
1!
1"
0#
1%
1&
0'
b101 )
b11010001000111001100011001010001 .
#236200000000
0!
0"
1#
0%
0&
1'
#236250000000
1!
1"
0#
1%
1&
0'
b100 )
b10000101001101101110000000001000 .
#236300000000
0!
0"
1#
0%
0&
1'
#236350000000
1!
1"
0#
1%
1&
0'
b11 )
b01000010100110110111000000000100 .
#236400000000
0!
0"
1#
0%
0&
1'
#236450000000
1!
1"
0#
1%
1&
0'
b10 )
b00100001010011011011100000000010 .
#236500000000
0!
0"
1#
0%
0&
1'
#236550000000
1!
1"
0#
1%
1&
0'
b1 )
b00010000101001101101110000000001 .
#236600000000
0!
0"
1#
0%
0&
1'
#236650000000
1!
1"
0#
1%
1&
0'
b0 )
b11100101111010111110110100100000 .
#236700000000
0!
0"
1#
0%
0&
1'
#236750000000
1!
1"
0#
1%
1&
0'
b111 )
b1010 *
b01110010111101011111011010010000 .
#236800000000
0!
0"
1#
0%
0&
1'
#236850000000
1!
1"
0#
1%
1&
0'
b110 )
b00111001011110101111101101001000 .
#236900000000
0!
0"
1#
0%
0&
1'
#236950000000
1!
1"
0#
1%
1&
0'
b101 )
b00011100101111010111110110100100 .
#237000000000
0!
0"
1#
0%
0&
1'
#237050000000
1!
1"
0#
1%
1&
0'
b100 )
b00001110010111101011111011010010 .
#237100000000
0!
0"
1#
0%
0&
1'
#237150000000
1!
1"
0#
1%
1&
0'
b11 )
b00000111001011110101111101101001 .
#237200000000
0!
0"
1#
0%
0&
1'
#237250000000
1!
1"
0#
1%
1&
0'
b10 )
b11101110001011110010110010010100 .
#237300000000
0!
0"
1#
0%
0&
1'
#237350000000
1!
1"
0#
1%
1&
0'
b1 )
b01110111000101111001011001001010 .
#237400000000
0!
0"
1#
0%
0&
1'
#237450000000
1!
1"
0#
1%
1&
0'
b0 )
b00111011100010111100101100100101 .
#237500000000
0!
0"
1#
0%
0&
1'
#237550000000
1!
1"
0#
1%
1&
0'
b111 )
b1011 *
b11110000011111010110011010110010 .
#237600000000
0!
0"
1#
0%
0&
1'
#237650000000
1!
1"
0#
1%
1&
0'
b110 )
b01111000001111101011001101011001 .
#237700000000
0!
0"
1#
0%
0&
1'
#237750000000
1!
1"
0#
1%
1&
0'
b101 )
b11010001101001111101101010001100 .
#237800000000
0!
0"
1#
0%
0&
1'
#237850000000
1!
1"
0#
1%
1&
0'
b100 )
b01101000110100111110110101000110 .
#237900000000
0!
0"
1#
0%
0&
1'
#237950000000
1!
1"
0#
1%
1&
0'
b11 )
b00110100011010011111011010100011 .
#238000000000
0!
0"
1#
0%
0&
1'
#238050000000
1!
1"
0#
1%
1&
0'
b10 )
b11110111100011000111100001110001 .
#238100000000
0!
0"
1#
0%
0&
1'
#238150000000
1!
1"
0#
1%
1&
0'
b1 )
b10010110011111101011111100011000 .
#238200000000
0!
0"
1#
0%
0&
1'
#238250000000
1!
1"
0#
1%
1&
0'
b0 )
b01001011001111110101111110001100 .
#238300000000
0!
0"
1#
0%
0&
1'
#238350000000
1!
1"
0#
1%
1&
0'
b111 )
b1100 *
b00100101100111111010111111000110 .
#238400000000
0!
0"
1#
0%
0&
1'
#238450000000
1!
1"
0#
1%
1&
0'
b110 )
b00010010110011111101011111100011 .
#238500000000
0!
0"
1#
0%
0&
1'
#238550000000
1!
1"
0#
1%
1&
0'
b101 )
b11100100110111110110100011010001 .
#238600000000
0!
0"
1#
0%
0&
1'
#238650000000
1!
1"
0#
1%
1&
0'
b100 )
b10011111110101110011011101001000 .
#238700000000
0!
0"
1#
0%
0&
1'
#238750000000
1!
1"
0#
1%
1&
0'
b11 )
b01001111111010111001101110100100 .
#238800000000
0!
0"
1#
0%
0&
1'
#238850000000
1!
1"
0#
1%
1&
0'
b10 )
b00100111111101011100110111010010 .
#238900000000
0!
0"
1#
0%
0&
1'
#238950000000
1!
1"
0#
1%
1&
0'
b1 )
b00010011111110101110011011101001 .
#239000000000
0!
0"
1#
0%
0&
1'
#239050000000
1!
1"
0#
1%
1&
0'
b0 )
b11100100010001011111000001010100 .
#239100000000
0!
0"
1#
0%
0&
1'
#239150000000
1!
1"
0#
1%
1&
0'
b111 )
b1101 *
b01110010001000101111100000101010 .
#239200000000
0!
0"
1#
0%
0&
1'
#239250000000
1!
1"
0#
1%
1&
0'
b110 )
b00111001000100010111110000010101 .
#239300000000
0!
0"
1#
0%
0&
1'
#239350000000
1!
1"
0#
1%
1&
0'
b101 )
b11110001001100000011110100101010 .
#239400000000
0!
0"
1#
0%
0&
1'
#239450000000
1!
1"
0#
1%
1&
0'
b100 )
b01111000100110000001111010010101 .
#239500000000
0!
0"
1#
0%
0&
1'
#239550000000
1!
1"
0#
1%
1&
0'
b11 )
b11010001111101001000110001101010 .
#239600000000
0!
0"
1#
0%
0&
1'
#239650000000
1!
1"
0#
1%
1&
0'
b10 )
b01101000111110100100011000110101 .
#239700000000
0!
0"
1#
0%
0&
1'
#239750000000
1!
1"
0#
1%
1&
0'
b1 )
b11011001110001011010000000111010 .
#239800000000
0!
0"
1#
0%
0&
1'
#239850000000
1!
1"
0#
1%
1&
0'
b0 )
b01101100111000101101000000011101 .
#239900000000
0!
0"
1#
0%
0&
1'
#239950000000
1!
1"
0#
1%
1&
0'
b111 )
b1110 *
b11011011110010011110101100101110 .
#240000000000
0!
0"
1#
0%
0&
1'
#240050000000
1!
1"
0#
1%
1&
0'
b110 )
b01101101111001001111010110010111 .
#240100000000
0!
0"
1#
0%
0&
1'
#240150000000
1!
1"
0#
1%
1&
0'
b101 )
b11011011010010101111100111101011 .
#240200000000
0!
0"
1#
0%
0&
1'
#240250000000
1!
1"
0#
1%
1&
0'
b100 )
b10000000000111011111111111010101 .
#240300000000
0!
0"
1#
0%
0&
1'
#240350000000
1!
1"
0#
1%
1&
0'
b11 )
b10101101101101100111110011001010 .
#240400000000
0!
0"
1#
0%
0&
1'
#240450000000
1!
1"
0#
1%
1&
0'
b10 )
b01010110110110110011111001100101 .
#240500000000
0!
0"
1#
0%
0&
1'
#240550000000
1!
1"
0#
1%
1&
0'
b1 )
b11000110110101010001110000010010 .
#240600000000
0!
0"
1#
0%
0&
1'
#240650000000
1!
1"
0#
1%
1&
0'
b0 )
b01100011011010101000111000001001 .
#240700000000
0!
0"
1#
0%
0&
1'
#240750000000
1!
1"
0#
1%
1&
0'
b111 )
b1111 *
b11011100000011011100010000100100 .
#240800000000
0!
0"
1#
0%
0&
1'
#240850000000
1!
1"
0#
1%
1&
0'
b110 )
b01101110000001101110001000010010 .
#240900000000
0!
0"
1#
0%
0&
1'
#240950000000
1!
1"
0#
1%
1&
0'
b101 )
b00110111000000110111000100001001 .
#241000000000
0!
0"
1#
0%
0&
1'
#241050000000
1!
1"
0#
1%
1&
0'
b100 )
b11110110001110010011101110100100 .
#241100000000
0!
0"
1#
0%
0&
1'
#241150000000
1!
1"
0#
1%
1&
0'
b11 )
b01111011000111001001110111010010 .
#241200000000
0!
0"
1#
0%
0&
1'
#241250000000
1!
1"
0#
1%
1&
0'
b10 )
b00111101100011100100111011101001 .
#241300000000
0!
0"
1#
0%
0&
1'
#241350000000
1!
1"
0#
1%
1&
0'
b1 )
b11110011011111111010010001010100 .
#241400000000
0!
0"
1#
0%
0&
1'
#241450000000
1!
1"
0#
1%
1&
0'
b0 )
b01111001101111111101001000101010 .
#241500000000
0!
0"
1#
0%
0&
1'
#241550000000
1!
1"
0#
1%
1&
0'
b111 )
b10000 *
b00111100110111111110100100010101 .
#241600000000
0!
0"
1#
0%
0&
1'
#241650000000
1!
1"
0#
1%
1&
0'
b110 )
b11110011110101110111011110101010 .
#241700000000
0!
0"
1#
0%
0&
1'
#241750000000
1!
1"
0#
1%
1&
0'
b101 )
b01111001111010111011101111010101 .
#241800000000
0!
0"
1#
0%
0&
1'
#241850000000
1!
1"
0#
1%
1&
0'
b100 )
b11010001010011010101111011001010 .
#241900000000
0!
0"
1#
0%
0&
1'
#241950000000
1!
1"
0#
1%
1&
0'
b11 )
b01101000101001101010111101100101 .
#242000000000
0!
0"
1#
0%
0&
1'
#242050000000
1!
1"
0#
1%
1&
0'
b10 )
b11011001111010111101010010010010 .
#242100000000
0!
0"
1#
0%
0&
1'
#242150000000
1!
1"
0#
1%
1&
0'
b1 )
b01101100111101011110101001001001 .
#242200000000
0!
0"
1#
0%
0&
1'
#242250000000
1!
1"
0#
1%
1&
0'
b0 )
b11011011110000100111011000000100 .
#242300000000
0!
0"
1#
0%
0&
1'
#242350000000
1!
1"
0#
1%
1&
0'
b111 )
b10001 *
b01101101111000010011101100000010 .
#242400000000
0!
0"
1#
0%
0&
1'
#242450000000
1!
1"
0#
1%
1&
0'
b110 )
b00110110111100001001110110000001 .
#242500000000
0!
0"
1#
0%
0&
1'
#242550000000
1!
1"
0#
1%
1&
0'
b101 )
b11110110110000001100110111100000 .
#242600000000
0!
0"
1#
0%
0&
1'
#242650000000
1!
1"
0#
1%
1&
0'
b100 )
b01111011011000000110011011110000 .
#242700000000
0!
0"
1#
0%
0&
1'
#242750000000
1!
1"
0#
1%
1&
0'
b11 )
b00111101101100000011001101111000 .
#242800000000
0!
0"
1#
0%
0&
1'
#242850000000
1!
1"
0#
1%
1&
0'
b10 )
b00011110110110000001100110111100 .
#242900000000
0!
0"
1#
0%
0&
1'
#242950000000
1!
1"
0#
1%
1&
0'
b1 )
b00001111011011000000110011011110 .
#243000000000
0!
0"
1#
0%
0&
1'
#243050000000
1!
1"
0#
1%
1&
0'
b0 )
b00000111101101100000011001101111 .
#243100000000
0!
0"
1#
0%
0&
1'
#243150000000
1!
1"
0#
1%
1&
0'
b111 )
b10010 *
b11101110011000111000000000010111 .
#243200000000
0!
0"
1#
0%
0&
1'
#243250000000
1!
1"
0#
1%
1&
0'
b110 )
b10011010100010010100001100101011 .
#243300000000
0!
0"
1#
0%
0&
1'
#243350000000
1!
1"
0#
1%
1&
0'
b101 )
b10100000111111000010001010110101 .
#243400000000
0!
0"
1#
0%
0&
1'
#243450000000
1!
1"
0#
1%
1&
0'
b100 )
b10111101110001101001001001111010 .
#243500000000
0!
0"
1#
0%
0&
1'
#243550000000
1!
1"
0#
1%
1&
0'
b11 )
b01011110111000110100100100111101 .
#243600000000
0!
0"
1#
0%
0&
1'
#243650000000
1!
1"
0#
1%
1&
0'
b10 )
b11000010110010010010011110111110 .
#243700000000
0!
0"
1#
0%
0&
1'
#243750000000
1!
1"
0#
1%
1&
0'
b1 )
b01100001011001001001001111011111 .
#243800000000
0!
0"
1#
0%
0&
1'
#243850000000
1!
1"
0#
1%
1&
0'
b0 )
b11011101000010101100101011001111 .
#243900000000
0!
0"
1#
0%
0&
1'
#243950000000
1!
1"
0#
1%
1&
0'
b111 )
b10011 *
b10000011001111011110011001000111 .
#244000000000
0!
0"
1#
0%
0&
1'
#244050000000
1!
1"
0#
1%
1&
0'
b110 )
b10101100001001100111000000000011 .
#244100000000
0!
0"
1#
0%
0&
1'
#244150000000
1!
1"
0#
1%
1&
0'
b101 )
b10111011101010111011101100100001 .
#244200000000
0!
0"
1#
0%
0&
1'
#244250000000
1!
1"
0#
1%
1&
0'
b100 )
b10110000011011010101111010110000 .
#244300000000
0!
0"
1#
0%
0&
1'
#244350000000
1!
1"
0#
1%
1&
0'
b11 )
b01011000001101101010111101011000 .
#244400000000
0!
0"
1#
0%
0&
1'
#244450000000
1!
1"
0#
1%
1&
0'
b10 )
b00101100000110110101011110101100 .
#244500000000
0!
0"
1#
0%
0&
1'
#244550000000
1!
1"
0#
1%
1&
0'
b1 )
b00010110000011011010101111010110 .
#244600000000
0!
0"
1#
0%
0&
1'
#244650000000
1!
1"
0#
1%
1&
0'
b0 )
b00001011000001101101010111101011 .
#244700000000
0!
0"
1#
0%
0&
1'
#244750000000
1!
1"
0#
1%
1&
0'
b111 )
b10100 *
b11101000001110111110100111010101 .
#244800000000
0!
0"
1#
0%
0&
1'
#244850000000
1!
1"
0#
1%
1&
0'
b110 )
b10011001101001010111011111001010 .
#244900000000
0!
0"
1#
0%
0&
1'
#244950000000
1!
1"
0#
1%
1&
0'
b101 )
b01001100110100101011101111100101 .
#245000000000
0!
0"
1#
0%
0&
1'
#245050000000
1!
1"
0#
1%
1&
0'
b100 )
b11001011110100011101111011010010 .
#245100000000
0!
0"
1#
0%
0&
1'
#245150000000
1!
1"
0#
1%
1&
0'
b11 )
b01100101111010001110111101101001 .
#245200000000
0!
0"
1#
0%
0&
1'
#245250000000
1!
1"
0#
1%
1&
0'
b10 )
b11011111010011001111010010010100 .
#245300000000
0!
0"
1#
0%
0&
1'
#245350000000
1!
1"
0#
1%
1&
0'
b1 )
b01101111101001100111101001001010 .
#245400000000
0!
0"
1#
0%
0&
1'
#245450000000
1!
1"
0#
1%
1&
0'
b0 )
b00110111110100110011110100100101 .
#245500000000
0!
0"
1#
0%
0&
1'
#245550000000
1!
1"
0#
1%
1&
0'
b111 )
b10101 *
b11110110010100010001110110110010 .
#245600000000
0!
0"
1#
0%
0&
1'
#245650000000
1!
1"
0#
1%
1&
0'
b110 )
b01111011001010001000111011011001 .
#245700000000
0!
0"
1#
0%
0&
1'
#245750000000
1!
1"
0#
1%
1&
0'
b101 )
b11010000001011001100010001001100 .
#245800000000
0!
0"
1#
0%
0&
1'
#245850000000
1!
1"
0#
1%
1&
0'
b100 )
b01101000000101100110001000100110 .
#245900000000
0!
0"
1#
0%
0&
1'
#245950000000
1!
1"
0#
1%
1&
0'
b11 )
b00110100000010110011000100010011 .
#246000000000
0!
0"
1#
0%
0&
1'
#246050000000
1!
1"
0#
1%
1&
0'
b10 )
b11110111101111010001101110101001 .
#246100000000
0!
0"
1#
0%
0&
1'
#246150000000
1!
1"
0#
1%
1&
0'
b1 )
b10010110011001100000111011110100 .
#246200000000
0!
0"
1#
0%
0&
1'
#246250000000
1!
1"
0#
1%
1&
0'
b0 )
b01001011001100110000011101111010 .
#246300000000
0!
0"
1#
0%
0&
1'
#246350000000
1!
1"
0#
1%
1&
0'
b111 )
b10110 *
b00100101100110011000001110111101 .
#246400000000
0!
0"
1#
0%
0&
1'
#246450000000
1!
1"
0#
1%
1&
0'
b110 )
b11111111011101000100001011111110 .
#246500000000
0!
0"
1#
0%
0&
1'
#246550000000
1!
1"
0#
1%
1&
0'
b101 )
b01111111101110100010000101111111 .
#246600000000
0!
0"
1#
0%
0&
1'
#246650000000
1!
1"
0#
1%
1&
0'
b100 )
b11010010011001011001001110011111 .
#246700000000
0!
0"
1#
0%
0&
1'
#246750000000
1!
1"
0#
1%
1&
0'
b11 )
b10000100100010100100101011101111 .
#246800000000
0!
0"
1#
0%
0&
1'
#246850000000
1!
1"
0#
1%
1&
0'
b10 )
b10101111111111011010011001010111 .
#246900000000
0!
0"
1#
0%
0&
1'
#246950000000
1!
1"
0#
1%
1&
0'
b1 )
b10111010010001100101000000001011 .
#247000000000
0!
0"
1#
0%
0&
1'
#247050000000
1!
1"
0#
1%
1&
0'
b0 )
b10110000100110111010101100100101 .
#247100000000
0!
0"
1#
0%
0&
1'
#247150000000
1!
1"
0#
1%
1&
0'
b111 )
b10111 *
b10110101111101010101011010110010 .
#247200000000
0!
0"
1#
0%
0&
1'
#247250000000
1!
1"
0#
1%
1&
0'
b110 )
b01011010111110101010101101011001 .
#247300000000
0!
0"
1#
0%
0&
1'
#247350000000
1!
1"
0#
1%
1&
0'
b101 )
b11000000110001011101011010001100 .
#247400000000
0!
0"
1#
0%
0&
1'
#247450000000
1!
1"
0#
1%
1&
0'
b100 )
b01100000011000101110101101000110 .
#247500000000
0!
0"
1#
0%
0&
1'
#247550000000
1!
1"
0#
1%
1&
0'
b11 )
b00110000001100010111010110100011 .
#247600000000
0!
0"
1#
0%
0&
1'
#247650000000
1!
1"
0#
1%
1&
0'
b10 )
b11110101101000000011100111110001 .
#247700000000
0!
0"
1#
0%
0&
1'
#247750000000
1!
1"
0#
1%
1&
0'
b1 )
b10010111011010001001111111011000 .
#247800000000
0!
0"
1#
0%
0&
1'
#247850000000
1!
1"
0#
1%
1&
0'
b0 )
b01001011101101000100111111101100 .
#247900000000
0!
0"
1#
0%
0&
1'
#247950000000
1!
1"
0#
1%
1&
0'
b111 )
b11000 *
b00100101110110100010011111110110 .
#248000000000
0!
0"
1#
0%
0&
1'
#248050000000
1!
1"
0#
1%
1&
0'
b110 )
b00010010111011010001001111111011 .
#248100000000
0!
0"
1#
0%
0&
1'
#248150000000
1!
1"
0#
1%
1&
0'
b101 )
b11100100110011100000101011011101 .
#248200000000
0!
0"
1#
0%
0&
1'
#248250000000
1!
1"
0#
1%
1&
0'
b100 )
b10011111110111111000011001001110 .
#248300000000
0!
0"
1#
0%
0&
1'
#248350000000
1!
1"
0#
1%
1&
0'
b11 )
b01001111111011111100001100100111 .
#248400000000
0!
0"
1#
0%
0&
1'
#248450000000
1!
1"
0#
1%
1&
0'
b10 )
b11001010010011110110001010110011 .
#248500000000
0!
0"
1#
0%
0&
1'
#248550000000
1!
1"
0#
1%
1&
0'
b1 )
b10001000100111110011001001111001 .
#248600000000
0!
0"
1#
0%
0&
1'
#248650000000
1!
1"
0#
1%
1&
0'
b0 )
b10101001111101110001101000011100 .
#248700000000
0!
0"
1#
0%
0&
1'
#248750000000
1!
1"
0#
1%
1&
0'
b111 )
b11001 *
b01010100111110111000110100001110 .
#248800000000
0!
0"
1#
0%
0&
1'
#248850000000
1!
1"
0#
1%
1&
0'
b110 )
b00101010011111011100011010000111 .
#248900000000
0!
0"
1#
0%
0&
1'
#248950000000
1!
1"
0#
1%
1&
0'
b101 )
b11111000100001100110000001100011 .
#249000000000
0!
0"
1#
0%
0&
1'
#249050000000
1!
1"
0#
1%
1&
0'
b100 )
b10010001111110111011001100010001 .
#249100000000
0!
0"
1#
0%
0&
1'
#249150000000
1!
1"
0#
1%
1&
0'
b11 )
b10100101010001010101101010101000 .
#249200000000
0!
0"
1#
0%
0&
1'
#249250000000
1!
1"
0#
1%
1&
0'
b10 )
b01010010101000101010110101010100 .
#249300000000
0!
0"
1#
0%
0&
1'
#249350000000
1!
1"
0#
1%
1&
0'
b1 )
b00101001010100010101011010101010 .
#249400000000
0!
0"
1#
0%
0&
1'
#249450000000
1!
1"
0#
1%
1&
0'
b0 )
b00010100101010001010101101010101 .
#249500000000
0!
0"
1#
0%
0&
1'
#249550000000
1!
1"
0#
1%
1&
0'
b111 )
b11010 *
b11100111111011001101011010001010 .
#249600000000
0!
0"
1#
0%
0&
1'
#249650000000
1!
1"
0#
1%
1&
0'
b110 )
b01110011111101100110101101000101 .
#249700000000
0!
0"
1#
0%
0&
1'
#249750000000
1!
1"
0#
1%
1&
0'
b101 )
b11010100010000111011011010000010 .
#249800000000
0!
0"
1#
0%
0&
1'
#249850000000
1!
1"
0#
1%
1&
0'
b100 )
b01101010001000011101101101000001 .
#249900000000
0!
0"
1#
0%
0&
1'
#249950000000
1!
1"
0#
1%
1&
0'
b11 )
b11011000101010000110111010000000 .
#250000000000
0!
0"
1#
0%
0&
1'
#250050000000
1!
1"
0#
1%
1&
0'
b10 )
b01101100010101000011011101000000 .
#250100000000
0!
0"
1#
0%
0&
1'
#250150000000
1!
1"
0#
1%
1&
0'
b1 )
b00110110001010100001101110100000 .
#250200000000
0!
0"
1#
0%
0&
1'
#250250000000
1!
1"
0#
1%
1&
0'
b0 )
b00011011000101010000110111010000 .
#250300000000
0!
0"
1#
0%
0&
1'
#250350000000
1!
1"
0#
1%
1&
0'
b111 )
b11011 *
b00001101100010101000011011101000 .
#250400000000
0!
0"
1#
0%
0&
1'
#250450000000
1!
1"
0#
1%
1&
0'
b110 )
b00000110110001010100001101110100 .
#250500000000
0!
0"
1#
0%
0&
1'
#250550000000
1!
1"
0#
1%
1&
0'
b101 )
b00000011011000101010000110111010 .
#250600000000
0!
0"
1#
0%
0&
1'
#250650000000
1!
1"
0#
1%
1&
0'
b100 )
b00000001101100010101000011011101 .
#250700000000
0!
0"
1#
0%
0&
1'
#250750000000
1!
1"
0#
1%
1&
0'
b11 )
b11101101011000000010101101001110 .
#250800000000
0!
0"
1#
0%
0&
1'
#250850000000
1!
1"
0#
1%
1&
0'
b10 )
b01110110101100000001010110100111 .
#250900000000
0!
0"
1#
0%
0&
1'
#250950000000
1!
1"
0#
1%
1&
0'
b1 )
b11010110111000001000100111110011 .
#251000000000
0!
0"
1#
0%
0&
1'
#251050000000
1!
1"
0#
1%
1&
0'
b0 )
b10000110110010001100011111011001 .
#251100000000
0!
0"
1#
0%
0&
1'
#251150000000
1!
1"
0#
1%
1&
0'
b111 )
b11100 *
b10101110110111001110000011001100 .
#251200000000
0!
0"
1#
0%
0&
1'
#251250000000
1!
1"
0#
1%
1&
0'
b110 )
b01010111011011100111000001100110 .
#251300000000
0!
0"
1#
0%
0&
1'
#251350000000
1!
1"
0#
1%
1&
0'
b101 )
b00101011101101110011100000110011 .
#251400000000
0!
0"
1#
0%
0&
1'
#251450000000
1!
1"
0#
1%
1&
0'
b100 )
b11111000011000110001111100111001 .
#251500000000
0!
0"
1#
0%
0&
1'
#251550000000
1!
1"
0#
1%
1&
0'
b11 )
b10010001100010010000110010111100 .
#251600000000
0!
0"
1#
0%
0&
1'
#251650000000
1!
1"
0#
1%
1&
0'
b10 )
b01001000110001001000011001011110 .
#251700000000
0!
0"
1#
0%
0&
1'
#251750000000
1!
1"
0#
1%
1&
0'
b1 )
b00100100011000100100001100101111 .
#251800000000
0!
0"
1#
0%
0&
1'
#251850000000
1!
1"
0#
1%
1&
0'
b0 )
b11111111100010011010001010110111 .
#251900000000
0!
0"
1#
0%
0&
1'
#251950000000
1!
1"
0#
1%
1&
0'
b111 )
b11101 *
b10010010011111000101001001111011 .
#252000000000
0!
0"
1#
0%
0&
1'
#252050000000
1!
1"
0#
1%
1&
0'
b110 )
b10100100100001101010101000011101 .
#252100000000
0!
0"
1#
0%
0&
1'
#252150000000
1!
1"
0#
1%
1&
0'
b101 )
b10111111111110111101011000101110 .
#252200000000
0!
0"
1#
0%
0&
1'
#252250000000
1!
1"
0#
1%
1&
0'
b100 )
b01011111111111011110101100010111 .
#252300000000
0!
0"
1#
0%
0&
1'
#252350000000
1!
1"
0#
1%
1&
0'
b11 )
b11000010010001100111011010101011 .
#252400000000
0!
0"
1#
0%
0&
1'
#252450000000
1!
1"
0#
1%
1&
0'
b10 )
b10001100100110111011100001110101 .
#252500000000
0!
0"
1#
0%
0&
1'
#252550000000
1!
1"
0#
1%
1&
0'
b1 )
b10101011111101010101111100011010 .
#252600000000
0!
0"
1#
0%
0&
1'
#252650000000
1!
1"
0#
1%
1&
0'
b0 )
b01010101111110101010111110001101 .
#252700000000
0!
0"
1#
0%
0&
1'
#252750000000
1!
1"
0#
1%
1&
0'
b111 )
b11110 *
b11000111010001011101010011100110 .
#252800000000
0!
0"
1#
0%
0&
1'
#252850000000
1!
1"
0#
1%
1&
0'
b110 )
b01100011101000101110101001110011 .
#252900000000
0!
0"
1#
0%
0&
1'
#252950000000
1!
1"
0#
1%
1&
0'
b101 )
b11011100011010011111011000011001 .
#253000000000
0!
0"
1#
0%
0&
1'
#253050000000
1!
1"
0#
1%
1&
0'
b100 )
b10000011100011000111100000101100 .
#253100000000
0!
0"
1#
0%
0&
1'
#253150000000
1!
1"
0#
1%
1&
0'
b11 )
b01000001110001100011110000010110 .
#253200000000
0!
0"
1#
0%
0&
1'
#253250000000
1!
1"
0#
1%
1&
0'
b10 )
b00100000111000110001111000001011 .
#253300000000
0!
0"
1#
0%
0&
1'
#253350000000
1!
1"
0#
1%
1&
0'
b1 )
b11111101110010010000110000100101 .
#253400000000
0!
0"
1#
0%
0&
1'
#253450000000
1!
1"
0#
1%
1&
0'
b0 )
b10010011010111000000010100110010 .
#253500000000
0!
0"
1#
0%
0&
1'
#253550000000
1!
1"
0#
1%
1&
0'
b111 )
b11111 *
b01001001101011100000001010011001 .
#253600000000
0!
0"
1#
0%
0&
1'
#253650000000
1!
1"
0#
1%
1&
0'
b110 )
b11001001011011111000001001101100 .
#253700000000
0!
0"
1#
0%
0&
1'
#253750000000
1!
1"
0#
1%
1&
0'
b101 )
b01100100101101111100000100110110 .
#253800000000
0!
0"
1#
0%
0&
1'
#253850000000
1!
1"
0#
1%
1&
0'
b100 )
b00110010010110111110000010011011 .
#253900000000
0!
0"
1#
0%
0&
1'
#253950000000
1!
1"
0#
1%
1&
0'
b11 )
b11110100100101010111001101101101 .
#254000000000
0!
0"
1#
0%
0&
1'
#254050000000
1!
1"
0#
1%
1&
0'
b10 )
b10010111111100100011101010010110 .
#254100000000
0!
0"
1#
0%
0&
1'
#254150000000
1!
1"
0#
1%
1&
0'
b1 )
b01001011111110010001110101001011 .
#254200000000
0!
0"
1#
0%
0&
1'
#254250000000
1!
1"
0#
1%
1&
0'
b0 )
b11001000010001000000110110000101 .
#254300000000
0!
0"
1#
0%
0&
1'
#254350000000
1!
1"
0#
1%
1&
0'
b111 )
b100000 *
b10001001100110101000010111100010 .
#254400000000
0!
0"
1#
0%
0&
1'
#254450000000
1!
1"
0#
1%
1&
0'
b110 )
b01000100110011010100001011110001 .
#254500000000
0!
0"
1#
0%
0&
1'
#254550000000
1!
1"
0#
1%
1&
0'
b101 )
b11001111110111100010001001011000 .
#254600000000
0!
0"
1#
0%
0&
1'
#254650000000
1!
1"
0#
1%
1&
0'
b100 )
b01100111111011110001000100101100 .
#254700000000
0!
0"
1#
0%
0&
1'
#254750000000
1!
1"
0#
1%
1&
0'
b11 )
b00110011111101111000100010010110 .
#254800000000
0!
0"
1#
0%
0&
1'
#254850000000
1!
1"
0#
1%
1&
0'
b10 )
b00011001111110111100010001001011 .
#254900000000
0!
0"
1#
0%
0&
1'
#254950000000
1!
1"
0#
1%
1&
0'
b1 )
b11100001010001010110000100000101 .
#255000000000
0!
0"
1#
0%
0&
1'
#255050000000
1!
1"
0#
1%
1&
0'
b0 )
b10011101000110100011001110100010 .
#255100000000
0!
0"
1#
0%
0&
1'
#255150000000
1!
1"
0#
1%
1&
0'
b111 )
b100001 *
b01001110100011010001100111010001 .
#255200000000
0!
0"
1#
0%
0&
1'
#255250000000
1!
1"
0#
1%
1&
0'
b110 )
b11001010111111100000111111001000 .
#255300000000
0!
0"
1#
0%
0&
1'
#255350000000
1!
1"
0#
1%
1&
0'
b101 )
b01100101011111110000011111100100 .
#255400000000
0!
0"
1#
0%
0&
1'
#255450000000
1!
1"
0#
1%
1&
0'
b100 )
b00110010101111111000001111110010 .
#255500000000
0!
0"
1#
0%
0&
1'
#255550000000
1!
1"
0#
1%
1&
0'
b11 )
b00011001010111111100000111111001 .
#255600000000
0!
0"
1#
0%
0&
1'
#255650000000
1!
1"
0#
1%
1&
0'
b10 )
b11100001000101110110001111011100 .
#255700000000
0!
0"
1#
0%
0&
1'
#255750000000
1!
1"
0#
1%
1&
0'
b1 )
b01110000100010111011000111101110 .
#255800000000
0!
0"
1#
0%
0&
1'
#255850000000
1!
1"
0#
1%
1&
0'
b0 )
b00111000010001011101100011110111 .
#255900000000
0!
0"
1#
0%
0&
1'
#255950000000
1!
1"
0#
1%
1&
0'
b111 )
b100010 *
b11110001100110100110111101011011 .
#256000000000
0!
0"
1#
0%
0&
1'
#256050000000
1!
1"
0#
1%
1&
0'
b110 )
b10010101011101011011010010001101 .
#256100000000
0!
0"
1#
0%
0&
1'
#256150000000
1!
1"
0#
1%
1&
0'
b101 )
b10100111000000100101100101100110 .
#256200000000
0!
0"
1#
0%
0&
1'
#256250000000
1!
1"
0#
1%
1&
0'
b100 )
b01010011100000010010110010110011 .
#256300000000
0!
0"
1#
0%
0&
1'
#256350000000
1!
1"
0#
1%
1&
0'
b11 )
b11000100011110000001010101111001 .
#256400000000
0!
0"
1#
0%
0&
1'
#256450000000
1!
1"
0#
1%
1&
0'
b10 )
b10001111100001001000100110011100 .
#256500000000
0!
0"
1#
0%
0&
1'
#256550000000
1!
1"
0#
1%
1&
0'
b1 )
b01000111110000100100010011001110 .
#256600000000
0!
0"
1#
0%
0&
1'
#256650000000
1!
1"
0#
1%
1&
0'
b0 )
b00100011111000010010001001100111 .
#256700000000
0!
0"
1#
0%
0&
1'
#256750000000
1!
1"
0#
1%
1&
0'
b111 )
b100011 *
b11111100010010000001001000010011 .
#256800000000
0!
0"
1#
0%
0&
1'
#256850000000
1!
1"
0#
1%
1&
0'
b110 )
b10010011100111001000101000101001 .
#256900000000
0!
0"
1#
0%
0&
1'
#256950000000
1!
1"
0#
1%
1&
0'
b101 )
b10100100011101101100011000110100 .
#257000000000
0!
0"
1#
0%
0&
1'
#257050000000
1!
1"
0#
1%
1&
0'
b100 )
b01010010001110110110001100011010 .
#257100000000
0!
0"
1#
0%
0&
1'
#257150000000
1!
1"
0#
1%
1&
0'
b11 )
b00101001000111011011000110001101 .
#257200000000
0!
0"
1#
0%
0&
1'
#257250000000
1!
1"
0#
1%
1&
0'
b10 )
b11111001001101100101101111100110 .
#257300000000
0!
0"
1#
0%
0&
1'
#257350000000
1!
1"
0#
1%
1&
0'
b1 )
b01111100100110110010110111110011 .
#257400000000
0!
0"
1#
0%
0&
1'
#257450000000
1!
1"
0#
1%
1&
0'
b0 )
b11010011111101010001010111011001 .
#257500000000
0!
0"
1#
0%
0&
1'
#257550000000
1!
1"
0#
1%
1&
0'
b111 )
b100100 *
b10000100010000100000100111001100 .
#257600000000
0!
0"
1#
0%
0&
1'
#257650000000
1!
1"
0#
1%
1&
0'
b110 )
b01000010001000010000010011100110 .
#257700000000
0!
0"
1#
0%
0&
1'
#257750000000
1!
1"
0#
1%
1&
0'
b101 )
b00100001000100001000001001110011 .
#257800000000
0!
0"
1#
0%
0&
1'
#257850000000
1!
1"
0#
1%
1&
0'
b100 )
b11111101001100001100001000011001 .
#257900000000
0!
0"
1#
0%
0&
1'
#257950000000
1!
1"
0#
1%
1&
0'
b11 )
b10010011001000001110001000101100 .
#258000000000
0!
0"
1#
0%
0&
1'
#258050000000
1!
1"
0#
1%
1&
0'
b10 )
b01001001100100000111000100010110 .
#258100000000
0!
0"
1#
0%
0&
1'
#258150000000
1!
1"
0#
1%
1&
0'
b1 )
b00100100110010000011100010001011 .
#258200000000
0!
0"
1#
0%
0&
1'
#258250000000
1!
1"
0#
1%
1&
0'
b0 )
b11111111110111001001111101100101 .
#258300000000
0!
0"
1#
0%
0&
1'
#258350000000
1!
1"
0#
1%
1&
0'
b111 )
b100101 *
b10010010010101101100110010010010 .
#258400000000
0!
0"
1#
0%
0&
1'
#258450000000
1!
1"
0#
1%
1&
0'
b110 )
b01001001001010110110011001001001 .
#258500000000
0!
0"
1#
0%
0&
1'
#258550000000
1!
1"
0#
1%
1&
0'
b101 )
b11001001001011010011000000000100 .
#258600000000
0!
0"
1#
0%
0&
1'
#258650000000
1!
1"
0#
1%
1&
0'
b100 )
b01100100100101101001100000000010 .
#258700000000
0!
0"
1#
0%
0&
1'
#258750000000
1!
1"
0#
1%
1&
0'
b11 )
b00110010010010110100110000000001 .
#258800000000
0!
0"
1#
0%
0&
1'
#258850000000
1!
1"
0#
1%
1&
0'
b10 )
b11110100100111010010010100100000 .
#258900000000
0!
0"
1#
0%
0&
1'
#258950000000
1!
1"
0#
1%
1&
0'
b1 )
b01111010010011101001001010010000 .
#259000000000
0!
0"
1#
0%
0&
1'
#259050000000
1!
1"
0#
1%
1&
0'
b0 )
b00111101001001110100100101001000 .
#259100000000
0!
0"
1#
0%
0&
1'
#259150000000
1!
1"
0#
1%
1&
0'
b111 )
b100110 *
b00011110100100111010010010100100 .
#259200000000
0!
0"
1#
0%
0&
1'
#259250000000
1!
1"
0#
1%
1&
0'
b110 )
b00001111010010011101001001010010 .
#259300000000
0!
0"
1#
0%
0&
1'
#259350000000
1!
1"
0#
1%
1&
0'
b101 )
b00000111101001001110100100101001 .
#259400000000
0!
0"
1#
0%
0&
1'
#259450000000
1!
1"
0#
1%
1&
0'
b100 )
b11101110011010101111011110110100 .
#259500000000
0!
0"
1#
0%
0&
1'
#259550000000
1!
1"
0#
1%
1&
0'
b11 )
b01110111001101010111101111011010 .
#259600000000
0!
0"
1#
0%
0&
1'
#259650000000
1!
1"
0#
1%
1&
0'
b10 )
b00111011100110101011110111101101 .
#259700000000
0!
0"
1#
0%
0&
1'
#259750000000
1!
1"
0#
1%
1&
0'
b1 )
b11110000011101011101110111010110 .
#259800000000
0!
0"
1#
0%
0&
1'
#259850000000
1!
1"
0#
1%
1&
0'
b0 )
b01111000001110101110111011101011 .
#259900000000
0!
0"
1#
0%
0&
1'
#259950000000
1!
1"
0#
1%
1&
0'
b111 )
b100111 *
b11010001101001011111010001010101 .
#260000000000
0!
0"
1#
0%
0&
1'
#260050000000
1!
1"
0#
1%
1&
0'
b110 )
b10000101011010100111100100001010 .
#260100000000
0!
0"
1#
0%
0&
1'
#260150000000
1!
1"
0#
1%
1&
0'
b101 )
b01000010101101010011110010000101 .
#260200000000
0!
0"
1#
0%
0&
1'
#260250000000
1!
1"
0#
1%
1&
0'
b100 )
b11001100111000100001110101100010 .
#260300000000
0!
0"
1#
0%
0&
1'
#260350000000
1!
1"
0#
1%
1&
0'
b11 )
b01100110011100010000111010110001 .
#260400000000
0!
0"
1#
0%
0&
1'
#260450000000
1!
1"
0#
1%
1&
0'
b10 )
b11011110100000000000010001111000 .
#260500000000
0!
0"
1#
0%
0&
1'
#260550000000
1!
1"
0#
1%
1&
0'
b1 )
b01101111010000000000001000111100 .
#260600000000
0!
0"
1#
0%
0&
1'
#260650000000
1!
1"
0#
1%
1&
0'
b0 )
b00110111101000000000000100011110 .
#260700000000
0!
0"
1#
0%
0&
1'
#260750000000
1!
1"
0#
1%
1&
0'
b111 )
b101000 *
b00011011110100000000000010001111 .
#260800000000
0!
0"
1#
0%
0&
1'
#260850000000
1!
1"
0#
1%
1&
0'
b110 )
b11100000010100001000001101100111 .
#260900000000
0!
0"
1#
0%
0&
1'
#260950000000
1!
1"
0#
1%
1&
0'
b101 )
b10011101100100001100001010010011 .
#261000000000
0!
0"
1#
0%
0&
1'
#261050000000
1!
1"
0#
1%
1&
0'
b100 )
b10100011011100001110001001101001 .
#261100000000
0!
0"
1#
0%
0&
1'
#261150000000
1!
1"
0#
1%
1&
0'
b11 )
b10111100000000001111001000010100 .
#261200000000
0!
0"
1#
0%
0&
1'
#261250000000
1!
1"
0#
1%
1&
0'
b10 )
b01011110000000000111100100001010 .
#261300000000
0!
0"
1#
0%
0&
1'
#261350000000
1!
1"
0#
1%
1&
0'
b1 )
b00101111000000000011110010000101 .
#261400000000
0!
0"
1#
0%
0&
1'
#261450000000
1!
1"
0#
1%
1&
0'
b0 )
b11111010001110001001110101100010 .
#261500000000
0!
0"
1#
0%
0&
1'
#261550000000
1!
1"
0#
1%
1&
0'
b111 )
b101001 *
b01111101000111000100111010110001 .
#261600000000
0!
0"
1#
0%
0&
1'
#261650000000
1!
1"
0#
1%
1&
0'
b110 )
b11010011001101101010010001111000 .
#261700000000
0!
0"
1#
0%
0&
1'
#261750000000
1!
1"
0#
1%
1&
0'
b101 )
b01101001100110110101001000111100 .
#261800000000
0!
0"
1#
0%
0&
1'
#261850000000
1!
1"
0#
1%
1&
0'
b100 )
b00110100110011011010100100011110 .
#261900000000
0!
0"
1#
0%
0&
1'
#261950000000
1!
1"
0#
1%
1&
0'
b11 )
b00011010011001101101010010001111 .
#262000000000
0!
0"
1#
0%
0&
1'
#262050000000
1!
1"
0#
1%
1&
0'
b10 )
b11100000100010111110100101100111 .
#262100000000
0!
0"
1#
0%
0&
1'
#262150000000
1!
1"
0#
1%
1&
0'
b1 )
b10011101111111010111011110010011 .
#262200000000
0!
0"
1#
0%
0&
1'
#262250000000
1!
1"
0#
1%
1&
0'
b0 )
b10100011010001100011100011101001 .
#262300000000
0!
0"
1#
0%
0&
1'
#262350000000
1!
1"
0#
1%
1&
0'
b111 )
b101010 *
b10111100000110111001111101010100 .
#262400000000
0!
0"
1#
0%
0&
1'
#262450000000
1!
1"
0#
1%
1&
0'
b110 )
b01011110000011011100111110101010 .
#262500000000
0!
0"
1#
0%
0&
1'
#262550000000
1!
1"
0#
1%
1&
0'
b101 )
b00101111000001101110011111010101 .
#262600000000
0!
0"
1#
0%
0&
1'
#262650000000
1!
1"
0#
1%
1&
0'
b100 )
b11111010001110111111000011001010 .
#262700000000
0!
0"
1#
0%
0&
1'
#262750000000
1!
1"
0#
1%
1&
0'
b11 )
b01111101000111011111100001100101 .
#262800000000
0!
0"
1#
0%
0&
1'
#262850000000
1!
1"
0#
1%
1&
0'
b10 )
b11010011001101100111111100010010 .
#262900000000
0!
0"
1#
0%
0&
1'
#262950000000
1!
1"
0#
1%
1&
0'
b1 )
b01101001100110110011111110001001 .
#263000000000
0!
0"
1#
0%
0&
1'
#263050000000
1!
1"
0#
1%
1&
0'
b0 )
b11011001011101010001110011100100 .
#263100000000
0!
0"
1#
0%
0&
1'
#263150000000
1!
1"
0#
1%
1&
0'
b111 )
b101011 *
b01101100101110101000111001110010 .
#263200000000
0!
0"
1#
0%
0&
1'
#263250000000
1!
1"
0#
1%
1&
0'
b110 )
b00110110010111010100011100111001 .
#263300000000
0!
0"
1#
0%
0&
1'
#263350000000
1!
1"
0#
1%
1&
0'
b101 )
b11110110100101100010000010111100 .
#263400000000
0!
0"
1#
0%
0&
1'
#263450000000
1!
1"
0#
1%
1&
0'
b100 )
b01111011010010110001000001011110 .
#263500000000
0!
0"
1#
0%
0&
1'
#263550000000
1!
1"
0#
1%
1&
0'
b11 )
b00111101101001011000100000101111 .
#263600000000
0!
0"
1#
0%
0&
1'
#263650000000
1!
1"
0#
1%
1&
0'
b10 )
b11110011011010100100011100110111 .
#263700000000
0!
0"
1#
0%
0&
1'
#263750000000
1!
1"
0#
1%
1&
0'
b1 )
b10010100000011011010000010111011 .
#263800000000
0!
0"
1#
0%
0&
1'
#263850000000
1!
1"
0#
1%
1&
0'
b0 )
b10100111101111100101001101111101 .
#263900000000
0!
0"
1#
0%
0&
1'
#263950000000
1!
1"
0#
1%
1&
0'
b111 )
b101100 *
b10111110011001111010101010011110 .
#264000000000
0!
0"
1#
0%
0&
1'
#264050000000
1!
1"
0#
1%
1&
0'
b110 )
b01011111001100111101010101001111 .
#264100000000
0!
0"
1#
0%
0&
1'
#264150000000
1!
1"
0#
1%
1&
0'
b101 )
b11000010001000010110100110000111 .
#264200000000
0!
0"
1#
0%
0&
1'
#264250000000
1!
1"
0#
1%
1&
0'
b100 )
b10001100101010000011011111100011 .
#264300000000
0!
0"
1#
0%
0&
1'
#264350000000
1!
1"
0#
1%
1&
0'
b11 )
b10101011111011001001100011010001 .
#264400000000
0!
0"
1#
0%
0&
1'
#264450000000
1!
1"
0#
1%
1&
0'
b10 )
b10111000010011101100111101001000 .
#264500000000
0!
0"
1#
0%
0&
1'
#264550000000
1!
1"
0#
1%
1&
0'
b1 )
b01011100001001110110011110100100 .
#264600000000
0!
0"
1#
0%
0&
1'
#264650000000
1!
1"
0#
1%
1&
0'
b0 )
b00101110000100111011001111010010 .
#264700000000
0!
0"
1#
0%
0&
1'
#264750000000
1!
1"
0#
1%
1&
0'
b111 )
b101101 *
b00010111000010011101100111101001 .
#264800000000
0!
0"
1#
0%
0&
1'
#264850000000
1!
1"
0#
1%
1&
0'
b110 )
b11100110001111000110111111010100 .
#264900000000
0!
0"
1#
0%
0&
1'
#264950000000
1!
1"
0#
1%
1&
0'
b101 )
b01110011000111100011011111101010 .
#265000000000
0!
0"
1#
0%
0&
1'
#265050000000
1!
1"
0#
1%
1&
0'
b100 )
b00111001100011110001101111110101 .
#265100000000
0!
0"
1#
0%
0&
1'
#265150000000
1!
1"
0#
1%
1&
0'
b11 )
b11110001011111110000111011011010 .
#265200000000
0!
0"
1#
0%
0&
1'
#265250000000
1!
1"
0#
1%
1&
0'
b10 )
b01111000101111111000011101101101 .
#265300000000
0!
0"
1#
0%
0&
1'
#265350000000
1!
1"
0#
1%
1&
0'
b1 )
b11010001111001110100000010010110 .
#265400000000
0!
0"
1#
0%
0&
1'
#265450000000
1!
1"
0#
1%
1&
0'
b0 )
b01101000111100111010000001001011 .
#265500000000
0!
0"
1#
0%
0&
1'
#265550000000
1!
1"
0#
1%
1&
0'
b111 )
b0 *
b11011001110000010101001100000101 .
#265600000000
0!
0"
1#
0%
0&
1'
#265650000000
1!
1"
0#
1%
1&
0'
b1 ,
#265700000000
0!
0"
1#
0%
0&
1'
#265750000000
1!
1"
0#
1%
1&
0'
b10 ,
1-
#265800000000
0!
0"
0%
0&
#265850000000
1!
1"
1#
1%
1&
1'
b11 ,
0-
#265900000000
0!
0"
0%
0&
#265950000000
1!
1"
0#
1%
1&
0'
b100 ,
1-
#266000000000
0!
0"
0%
0&
#266050000000
1!
1"
1#
1%
1&
1'
b101 ,
#266100000000
0!
0"
0#
0%
0&
0'
#266150000000
1!
1"
1#
1%
1&
1'
b110 ,
#266200000000
0!
0"
0#
0%
0&
0'
#266250000000
1!
1"
1#
1%
1&
1'
b111 ,
#266300000000
0!
0"
0#
0%
0&
0'
#266350000000
1!
1"
1#
1%
1&
1'
b1000 ,
#266400000000
0!
0"
0#
0%
0&
0'
#266450000000
1!
1"
1#
1%
1&
1'
b1001 ,
0-
#266500000000
0!
0"
0%
0&
#266550000000
1!
1"
0#
1%
1&
0'
b1010 ,
#266600000000
0!
0"
1#
0%
0&
1'
#266650000000
1!
1"
0#
1%
1&
0'
b1011 ,
1-
#266700000000
0!
0"
0%
0&
#266750000000
1!
1"
1#
1%
1&
1'
b1100 ,
#266800000000
0!
0"
0#
0%
0&
0'
#266850000000
1!
1"
1#
1%
1&
1'
b1101 ,
0-
#266900000000
0!
0"
0%
0&
#266950000000
1!
1"
0#
1%
1&
0'
b1110 ,
1-
#267000000000
0!
0"
0%
0&
#267050000000
1!
1"
1#
1%
1&
1'
b1111 ,
0-
#267100000000
0!
0"
0%
0&
#267150000000
1!
1"
0#
1%
1&
0'
b10000 ,
1-
#267200000000
0!
0"
0%
0&
#267250000000
1!
1"
1#
1%
1&
1'
b10001 ,
0-
#267300000000
0!
0"
0%
0&
#267350000000
1!
1"
0#
1%
1&
0'
b10010 ,
1-
#267400000000
0!
0"
0%
0&
#267450000000
1!
1"
1#
1%
1&
1'
b10011 ,
#267500000000
0!
0"
0#
0%
0&
0'
#267550000000
1!
1"
1#
1%
1&
1'
b10100 ,
#267600000000
0!
0"
0#
0%
0&
0'
#267650000000
1!
1"
1#
1%
1&
1'
b10101 ,
#267700000000
0!
0"
0#
0%
0&
0'
#267750000000
1!
1"
1#
1%
1&
1'
b10110 ,
#267800000000
0!
0"
0#
0%
0&
0'
#267850000000
1!
1"
1#
1%
1&
1'
b10111 ,
0-
#267900000000
0!
0"
0%
0&
#267950000000
1!
1"
0#
1%
1&
0'
b11000 ,
#268000000000
0!
0"
1#
0%
0&
1'
#268050000000
1!
1"
0#
1%
1&
0'
b11001 ,
#268100000000
0!
0"
1#
0%
0&
1'
#268150000000
1!
1"
0#
1%
1&
0'
b11010 ,
1-
#268200000000
0!
0"
0%
0&
#268250000000
1!
1"
1#
1%
1&
1'
b11011 ,
#268300000000
0!
0"
0#
0%
0&
0'
#268350000000
1!
1"
1#
1%
1&
1'
b11100 ,
0-
#268400000000
0!
0"
0%
0&
#268450000000
1!
1"
0#
1%
1&
0'
b11101 ,
#268500000000
0!
0"
1#
0%
0&
1'
#268550000000
1!
1"
0#
1%
1&
0'
b11110 ,
1-
#268600000000
0!
0"
0%
0&
#268650000000
1!
1"
1#
1%
1&
1'
b11111 ,
0-
#268700000000
0!
0"
0%
0&
#268750000000
1!
1"
0#
0$
1%
1&
0'
0(
b0 ,
#268800000000
0!
0"
0%
0&
#268850000000
1!
1"
1%
1&
b1 +
#268900000000
0!
0"
0%
0&
#268950000000
1!
1"
1%
1&
b10 +
#269000000000
0!
0"
0%
0&
#269050000000
1!
1"
1%
1&
b11 +
#269100000000
0!
0"
0%
0&
#269150000000
1!
1"
1%
1&
b100 +
#269200000000
0!
0"
0%
0&
#269250000000
1!
1"
1%
1&
b101 +
#269300000000
0!
0"
0%
0&
#269350000000
1!
1"
1%
1&
b110 +
#269400000000
0!
0"
0%
0&
#269450000000
1!
1"
1%
1&
b111 +
#269500000000
0!
0"
0%
0&
#269550000000
1!
1"
1%
1&
b1000 +
#269600000000
0!
0"
0%
0&
#269650000000
1!
1"
1%
1&
b1001 +
#269700000000
0!
0"
0%
0&
#269750000000
1!
1"
1%
1&
b1010 +
#269800000000
0!
0"
0%
0&
#269850000000
1!
1"
1%
1&
b1011 +
#269900000000
0!
0"
0%
0&
#269950000000
1!
1"
1%
1&
b1100 +
#270000000000
0!
0"
0%
0&
#270050000000
1!
1"
1%
1&
b1101 +
#270100000000
0!
0"
0%
0&
#270150000000
1!
1"
1%
1&
b1110 +
#270200000000
0!
0"
0%
0&
#270250000000
1!
1"
1%
1&
b1111 +
#270300000000
0!
0"
0%
0&
#270350000000
1!
1"
1%
1&
b10000 +
#270400000000
0!
0"
0%
0&
#270450000000
1!
1"
1%
1&
b10001 +
#270500000000
0!
0"
0%
0&
#270550000000
1!
1"
1%
1&
b10010 +
#270600000000
0!
0"
0%
0&
#270650000000
1!
1"
1%
1&
b10011 +
#270700000000
0!
0"
0%
0&
#270750000000
1!
1"
1%
1&
b10100 +
#270800000000
0!
0"
0%
0&
#270850000000
1!
1"
1%
1&
b10101 +
#270900000000
0!
0"
0%
0&
#270950000000
1!
1"
1%
1&
b10110 +
#271000000000
0!
0"
0%
0&
#271050000000
1!
1"
1%
1&
b10111 +
#271100000000
0!
0"
0%
0&
#271150000000
1!
1"
1%
1&
b11000 +
#271200000000
0!
0"
0%
0&
#271250000000
1!
1"
1%
1&
b11001 +
#271300000000
0!
0"
0%
0&
#271350000000
1!
1"
1%
1&
b11010 +
#271400000000
0!
0"
0%
0&
#271450000000
1!
1"
1%
1&
b11011 +
#271500000000
0!
0"
0%
0&
#271550000000
1!
1"
1%
1&
b11100 +
#271600000000
0!
0"
0%
0&
#271650000000
1!
1"
1%
1&
b11101 +
#271700000000
0!
0"
0%
0&
#271750000000
1!
1"
1%
1&
b11110 +
#271800000000
0!
0"
0%
0&
#271850000000
1!
1"
1%
1&
b11111 +
#271900000000
0!
0"
0%
0&
#271950000000
1!
1"
1%
1&
b100000 +
#272000000000
0!
0"
0%
0&
#272050000000
1!
1"
1%
1&
b100001 +
#272100000000
0!
0"
0%
0&
#272150000000
1!
1"
1%
1&
b100010 +
#272200000000
0!
0"
0%
0&
#272250000000
1!
1"
1%
1&
b100011 +
#272300000000
0!
0"
0%
0&
#272350000000
1!
1"
1%
1&
b100100 +
#272400000000
0!
0"
0%
0&
#272450000000
1!
1"
1%
1&
b100101 +
#272500000000
0!
0"
0%
0&
#272550000000
1!
1"
1%
1&
b100110 +
#272600000000
0!
0"
0%
0&
#272650000000
1!
1"
1%
1&
b100111 +
#272700000000
0!
0"
0%
0&
#272750000000
1!
1"
1%
1&
b101000 +
#272800000000
0!
0"
0%
0&
#272850000000
1!
1"
1%
1&
b101001 +
#272900000000
0!
0"
0%
0&
#272950000000
1!
1"
1%
1&
b101010 +
#273000000000
0!
0"
0%
0&
#273050000000
1!
1"
1%
1&
b101011 +
#273100000000
0!
0"
0%
0&
#273150000000
1!
1"
1%
1&
b101100 +
#273200000000
0!
0"
0%
0&
#273250000000
1!
1"
1%
1&
b101101 +
#273300000000
0!
0"
0%
0&
#273350000000
1!
1"
1%
1&
b101110 +
#273400000000
0!
0"
0%
0&
#273450000000
1!
1"
1%
1&
b101111 +
#273500000000
0!
0"
0%
0&
#273550000000
1!
1"
1%
1&
b110000 +
#273600000000
0!
0"
0%
0&
#273650000000
1!
1"
1%
1&
b110001 +
#273700000000
0!
0"
0%
0&
#273750000000
1!
1"
1%
1&
b110010 +
#273800000000
0!
0"
0%
0&
#273850000000
1!
1"
1%
1&
b110011 +
#273900000000
0!
0"
0%
0&
#273950000000
1!
1"
1%
1&
b110100 +
#274000000000
0!
0"
0%
0&
#274050000000
1!
1"
1%
1&
b110101 +
#274100000000
0!
0"
0%
0&
#274150000000
1!
1"
1%
1&
b110110 +
#274200000000
0!
0"
0%
0&
#274250000000
1!
1"
1%
1&
b110111 +
#274300000000
0!
0"
0%
0&
#274350000000
1!
1"
1%
1&
b111000 +
#274400000000
0!
0"
0%
0&
#274450000000
1!
1"
1%
1&
b111001 +
#274500000000
0!
0"
0%
0&
#274550000000
1!
1"
1%
1&
b111010 +
#274600000000
0!
0"
0%
0&
#274650000000
1!
1"
1%
1&
b111011 +
#274700000000
0!
0"
0%
0&
#274750000000
1!
1"
1%
1&
b111100 +
#274800000000
0!
0"
0%
0&
#274850000000
1!
1"
1%
1&
b111101 +
#274900000000
0!
0"
0%
0&
#274950000000
1!
1"
1%
1&
b111110 +
#275000000000
0!
0"
0%
0&
#275050000000
1!
1"
1%
1&
b111111 +
#275100000000
0!
0"
0%
0&
#275150000000
1!
1"
1%
1&
b1000000 +
#275200000000
0!
0"
0%
0&
#275250000000
1!
1"
1%
1&
b1000001 +
#275300000000
0!
0"
0%
0&
#275350000000
1!
1"
1%
1&
b1000010 +
#275400000000
0!
0"
0%
0&
#275450000000
1!
1"
1%
1&
b1000011 +
#275500000000
0!
0"
0%
0&
#275550000000
1!
1"
1%
1&
b1000100 +
#275600000000
0!
0"
0%
0&
#275650000000
1!
1"
1%
1&
b1000101 +
#275700000000
0!
0"
0%
0&
#275750000000
1!
1"
1%
1&
b1000110 +
#275800000000
0!
0"
0%
0&
#275850000000
1!
1"
1%
1&
b1000111 +
#275900000000
0!
0"
0%
0&
#275950000000
1!
1"
1%
1&
b1001000 +
#276000000000
0!
0"
0%
0&
#276050000000
1!
1"
1%
1&
b1001001 +
#276100000000
0!
0"
0%
0&
#276150000000
1!
1"
1%
1&
b1001010 +
#276200000000
0!
0"
0%
0&
#276250000000
1!
1"
1%
1&
b1001011 +
#276300000000
0!
0"
0%
0&
#276350000000
1!
1"
1%
1&
b1001100 +
#276400000000
0!
0"
0%
0&
#276450000000
1!
1"
1%
1&
b1001101 +
#276500000000
0!
0"
0%
0&
#276550000000
1!
1"
1%
1&
b1001110 +
#276600000000
0!
0"
0%
0&
#276650000000
1!
1"
1%
1&
b1001111 +
#276700000000
0!
0"
0%
0&
#276750000000
1!
1"
1%
1&
b1010000 +
#276800000000
0!
0"
0%
0&
#276850000000
1!
1"
1%
1&
b1010001 +
#276900000000
0!
0"
0%
0&
#276950000000
1!
1"
1%
1&
b1010010 +
#277000000000
0!
0"
0%
0&
#277050000000
1!
1"
1%
1&
b1010011 +
#277100000000
0!
0"
0%
0&
#277150000000
1!
1"
1%
1&
b1010100 +
#277200000000
0!
0"
0%
0&
#277250000000
1!
1"
1%
1&
b1010101 +
#277300000000
0!
0"
0%
0&
#277350000000
1!
1"
1%
1&
b1010110 +
#277400000000
0!
0"
0%
0&
#277450000000
1!
1"
1%
1&
b1010111 +
#277500000000
0!
0"
0%
0&
#277550000000
1!
1"
1%
1&
b1011000 +
#277600000000
0!
0"
0%
0&
#277650000000
1!
1"
1%
1&
b1011001 +
#277700000000
0!
0"
0%
0&
#277750000000
1!
1"
1%
1&
b1011010 +
#277800000000
0!
0"
0%
0&
#277850000000
1!
1"
1%
1&
b1011011 +
#277900000000
0!
0"
0%
0&
#277950000000
1!
1"
1%
1&
b1011100 +
#278000000000
0!
0"
0%
0&
#278050000000
1!
1"
1%
1&
b1011101 +
#278100000000
0!
0"
0%
0&
#278150000000
1!
1"
1%
1&
b1011110 +
#278200000000
0!
0"
0%
0&
#278250000000
1!
1"
1%
1&
b1011111 +
#278300000000
0!
0"
0%
0&
#278350000000
1!
1"
1$
1%
1&
1(
b0 +
#278400000000
0!
0"
1#
0%
0&
1'
#278450000000
1!
1"
0#
1%
1&
0'
b110 )
1-
#278500000000
0!
0"
0%
0&
#278550000000
1!
1"
1#
1%
1&
1'
b101 )
0-
#278600000000
0!
0"
0%
0&
#278650000000
1!
1"
0#
1%
1&
0'
b100 )
1-
#278700000000
0!
0"
0%
0&
#278750000000
1!
1"
1#
1%
1&
1'
b11 )
0-
#278800000000
0!
0"
0%
0&
#278850000000
1!
1"
0#
1%
1&
0'
b10 )
1-
#278900000000
0!
0"
0%
0&
#278950000000
1!
1"
1#
1%
1&
1'
b1 )
0-
#279000000000
0!
0"
0%
0&
#279050000000
1!
1"
0#
1%
1&
0'
b0 )
1-
#279100000000
0!
0"
0%
0&
#279150000000
1!
1"
1#
1%
1&
1'
b111 )
b1 *
0-
#279200000000
0!
0"
0%
0&
#279250000000
1!
1"
0#
1%
1&
0'
b110 )
1-
#279300000000
0!
0"
0%
0&
#279350000000
1!
1"
1#
1%
1&
1'
b101 )
0-
#279400000000
0!
0"
0%
0&
#279450000000
1!
1"
0#
1%
1&
0'
b100 )
1-
#279500000000
0!
0"
0%
0&
#279550000000
1!
1"
1#
1%
1&
1'
b11 )
0-
#279600000000
0!
0"
0%
0&
#279650000000
1!
1"
0#
1%
1&
0'
b10 )
1-
#279700000000
0!
0"
0%
0&
#279750000000
1!
1"
1#
1%
1&
1'
b1 )
0-
#279800000000
0!
0"
0%
0&
#279850000000
1!
1"
0#
1%
1&
0'
b0 )
1-
#279900000000
0!
0"
0%
0&
#279950000000
1!
1"
1#
1%
1&
1'
b111 )
b10 *
0-
#280000000000
0!
0"
0%
0&
#280050000000
1!
1"
0#
1%
1&
0'
b110 )
1-
#280100000000
0!
0"
0%
0&
#280150000000
1!
1"
1#
1%
1&
1'
b101 )
0-
#280200000000
0!
0"
0%
0&
#280250000000
1!
1"
0#
1%
1&
0'
b100 )
1-
#280300000000
0!
0"
0%
0&
#280350000000
1!
1"
1#
1%
1&
1'
b11 )
0-
#280400000000
0!
0"
0%
0&
#280450000000
1!
1"
0#
1%
1&
0'
b10 )
1-
#280500000000
0!
0"
0%
0&
#280550000000
1!
1"
1#
1%
1&
1'
b1 )
0-
#280600000000
0!
0"
0%
0&
#280650000000
1!
1"
0#
1%
1&
0'
b0 )
1-
#280700000000
0!
0"
0%
0&
#280750000000
1!
1"
1#
1%
1&
1'
b111 )
b11 *
0-
#280800000000
0!
0"
0%
0&
#280850000000
1!
1"
0#
1%
1&
0'
b110 )
1-
#280900000000
0!
0"
0%
0&
#280950000000
1!
1"
1#
1%
1&
1'
b101 )
0-
#281000000000
0!
0"
0%
0&
#281050000000
1!
1"
0#
1%
1&
0'
b100 )
1-
#281100000000
0!
0"
0%
0&
#281150000000
1!
1"
1#
1%
1&
1'
b11 )
0-
#281200000000
0!
0"
0%
0&
#281250000000
1!
1"
0#
1%
1&
0'
b10 )
1-
#281300000000
0!
0"
0%
0&
#281350000000
1!
1"
1#
1%
1&
1'
b1 )
0-
#281400000000
0!
0"
0%
0&
#281450000000
1!
1"
0#
1%
1&
0'
b0 )
1-
#281500000000
0!
0"
0%
0&
#281550000000
1!
1"
1#
1%
1&
1'
b111 )
b100 *
0-
#281600000000
0!
0"
0%
0&
#281650000000
1!
1"
0#
1%
1&
0'
b110 )
1-
#281700000000
0!
0"
0%
0&
#281750000000
1!
1"
1#
1%
1&
1'
b101 )
0-
#281800000000
0!
0"
0%
0&
#281850000000
1!
1"
0#
1%
1&
0'
b100 )
1-
#281900000000
0!
0"
0%
0&
#281950000000
1!
1"
1#
1%
1&
1'
b11 )
0-
#282000000000
0!
0"
0%
0&
#282050000000
1!
1"
0#
1%
1&
0'
b10 )
1-
#282100000000
0!
0"
0%
0&
#282150000000
1!
1"
1#
1%
1&
1'
b1 )
0-
#282200000000
0!
0"
0%
0&
#282250000000
1!
1"
0#
1%
1&
0'
b0 )
1-
#282300000000
0!
0"
0%
0&
#282350000000
1!
1"
1#
1%
1&
1'
b111 )
b101 *
0-
#282400000000
0!
0"
0%
0&
#282450000000
1!
1"
0#
1%
1&
0'
b110 )
1-
#282500000000
0!
0"
0%
0&
#282550000000
1!
1"
1#
1%
1&
1'
b101 )
0-
#282600000000
0!
0"
0%
0&
#282650000000
1!
1"
0#
1%
1&
0'
b100 )
1-
#282700000000
0!
0"
0%
0&
#282750000000
1!
1"
1#
1%
1&
1'
b11 )
0-
#282800000000
0!
0"
0%
0&
#282850000000
1!
1"
0#
1%
1&
0'
b10 )
1-
#282900000000
0!
0"
0%
0&
#282950000000
1!
1"
1#
1%
1&
1'
b1 )
0-
#283000000000
0!
0"
0%
0&
#283050000000
1!
1"
0#
1%
1&
0'
b0 )
1-
#283100000000
0!
0"
0%
0&
#283150000000
1!
1"
1#
1%
1&
1'
b111 )
b110 *
0-
#283200000000
0!
0"
0%
0&
#283250000000
1!
1"
0#
1%
1&
0'
b110 )
1-
#283300000000
0!
0"
0%
0&
#283350000000
1!
1"
1#
1%
1&
1'
b101 )
0-
#283400000000
0!
0"
0%
0&
#283450000000
1!
1"
0#
1%
1&
0'
b100 )
1-
#283500000000
0!
0"
0%
0&
#283550000000
1!
1"
1#
1%
1&
1'
b11 )
0-
#283600000000
0!
0"
0%
0&
#283650000000
1!
1"
0#
1%
1&
0'
b10 )
1-
#283700000000
0!
0"
0%
0&
#283750000000
1!
1"
1#
1%
1&
1'
b1 )
0-
#283800000000
0!
0"
0%
0&
#283850000000
1!
1"
0#
1%
1&
0'
b0 )
1-
#283900000000
0!
0"
0%
0&
#283950000000
1!
1"
1#
1%
1&
1'
b111 )
b0 *
0-
#284000000000
0!
0"
0%
0&
#284050000000
1!
1"
0#
1%
1&
0'
b110 )
1-
#284100000000
0!
0"
0%
0&
#284150000000
1!
1"
1#
1%
1&
1'
b101 )
0-
#284200000000
0!
0"
0%
0&
#284250000000
1!
1"
0#
1%
1&
0'
b100 )
1-
#284300000000
0!
0"
0%
0&
#284350000000
1!
1"
1#
1%
1&
1'
b11 )
0-
#284400000000
0!
0"
0%
0&
#284450000000
1!
1"
0#
1%
1&
0'
b10 )
1-
#284500000000
0!
0"
0%
0&
#284550000000
1!
1"
1#
1%
1&
1'
b1 )
0-
#284600000000
0!
0"
0%
0&
#284650000000
1!
1"
0#
1%
1&
0'
b0 )
1-
#284700000000
0!
0"
0%
0&
#284750000000
1!
1"
1#
1%
1&
1'
b111 )
b11111111111111111111111111111111 .
#284800000000
0!
0"
0#
0%
0&
0'
#284850000000
1!
1"
1#
1%
1&
1'
b110 )
b01111111111111111111111111111111 .
#284900000000
0!
0"
0#
0%
0&
0'
#284950000000
1!
1"
1#
1%
1&
1'
b101 )
b00111111111111111111111111111111 .
#285000000000
0!
0"
0#
0%
0&
0'
#285050000000
1!
1"
1#
1%
1&
1'
b100 )
b00011111111111111111111111111111 .
#285100000000
0!
0"
0#
0%
0&
0'
#285150000000
1!
1"
1#
1%
1&
1'
b11 )
b00001111111111111111111111111111 .
#285200000000
0!
0"
0#
0%
0&
0'
#285250000000
1!
1"
1#
1%
1&
1'
b10 )
b00000111111111111111111111111111 .
#285300000000
0!
0"
0#
0%
0&
0'
#285350000000
1!
1"
1#
1%
1&
1'
b1 )
b00000011111111111111111111111111 .
#285400000000
0!
0"
0#
0%
0&
0'
#285450000000
1!
1"
1#
1%
1&
1'
b0 )
b00000001111111111111111111111111 .
#285500000000
0!
0"
0#
0%
0&
0'
#285550000000
1!
1"
1#
1%
1&
1'
b111 )
b1 *
b00000000111111111111111111111111 .
#285600000000
0!
0"
0#
0%
0&
0'
#285650000000
1!
1"
1#
1%
1&
1'
b110 )
b00000000011111111111111111111111 .
#285700000000
0!
0"
0#
0%
0&
0'
#285750000000
1!
1"
1#
1%
1&
1'
b101 )
b00000000001111111111111111111111 .
#285800000000
0!
0"
0#
0%
0&
0'
#285850000000
1!
1"
1#
1%
1&
1'
b100 )
b00000000000111111111111111111111 .
#285900000000
0!
0"
0#
0%
0&
0'
#285950000000
1!
1"
1#
1%
1&
1'
b11 )
b00000000000011111111111111111111 .
#286000000000
0!
0"
0#
0%
0&
0'
#286050000000
1!
1"
1#
1%
1&
1'
b10 )
b00000000000001111111111111111111 .
#286100000000
0!
0"
0#
0%
0&
0'
#286150000000
1!
1"
1#
1%
1&
1'
b1 )
b00000000000000111111111111111111 .
#286200000000
0!
0"
0#
0%
0&
0'
#286250000000
1!
1"
1#
1%
1&
1'
b0 )
b00000000000000011111111111111111 .
#286300000000
0!
0"
0#
0%
0&
0'
#286350000000
1!
1"
1#
1%
1&
1'
b111 )
b10 *
b00000000000000001111111111111111 .
#286400000000
0!
0"
0#
0%
0&
0'
#286450000000
1!
1"
1#
1%
1&
1'
b110 )
b00000000000000000111111111111111 .
#286500000000
0!
0"
0#
0%
0&
0'
#286550000000
1!
1"
1#
1%
1&
1'
b101 )
b00000000000000000011111111111111 .
#286600000000
0!
0"
0#
0%
0&
0'
#286650000000
1!
1"
1#
1%
1&
1'
b100 )
b00000000000000000001111111111111 .
#286700000000
0!
0"
0#
0%
0&
0'
#286750000000
1!
1"
1#
1%
1&
1'
b11 )
b00000000000000000000111111111111 .
#286800000000
0!
0"
0#
0%
0&
0'
#286850000000
1!
1"
1#
1%
1&
1'
b10 )
b00000000000000000000011111111111 .
#286900000000
0!
0"
0#
0%
0&
0'
#286950000000
1!
1"
1#
1%
1&
1'
b1 )
b00000000000000000000001111111111 .
#287000000000
0!
0"
0#
0%
0&
0'
#287050000000
1!
1"
1#
1%
1&
1'
b0 )
b00000000000000000000000111111111 .
#287100000000
0!
0"
0#
0%
0&
0'
#287150000000
1!
1"
1#
1%
1&
1'
b111 )
b11 *
b00000000000000000000000011111111 .
#287200000000
0!
0"
0#
0%
0&
0'
#287250000000
1!
1"
1#
1%
1&
1'
b110 )
b00000000000000000000000001111111 .
#287300000000
0!
0"
0#
0%
0&
0'
#287350000000
1!
1"
1#
1%
1&
1'
b101 )
b00000000000000000000000000111111 .
#287400000000
0!
0"
0#
0%
0&
0'
#287450000000
1!
1"
1#
1%
1&
1'
b100 )
b00000000000000000000000000011111 .
#287500000000
0!
0"
0#
0%
0&
0'
#287550000000
1!
1"
1#
1%
1&
1'
b11 )
b00000000000000000000000000001111 .
#287600000000
0!
0"
0#
0%
0&
0'
#287650000000
1!
1"
1#
1%
1&
1'
b10 )
b00000000000000000000000000000111 .
#287700000000
0!
0"
0#
0%
0&
0'
#287750000000
1!
1"
1#
1%
1&
1'
b1 )
b00000000000000000000000000000011 .
#287800000000
0!
0"
0#
0%
0&
0'
#287850000000
1!
1"
1#
1%
1&
1'
b0 )
b00000000000000000000000000000001 .
#287900000000
0!
0"
0#
0%
0&
0'
#287950000000
1!
1"
1#
1%
1&
1'
b111 )
b100 *
b00000000000000000000000000000000 .
#288000000000
0!
0"
0#
0%
0&
0'
#288050000000
1!
1"
1#
1%
1&
1'
b110 )
b11101101101110001000001100100000 .
#288100000000
0!
0"
0#
0%
0&
0'
#288150000000
1!
1"
1#
1%
1&
1'
b101 )
b10011011011001001100001010110000 .
#288200000000
0!
0"
0#
0%
0&
0'
#288250000000
1!
1"
1#
1%
1&
1'
b100 )
b10100000000010101110001001111000 .
#288300000000
0!
0"
0#
0%
0&
0'
#288350000000
1!
1"
1#
1%
1&
1'
b11 )
b10111101101111011111001000011100 .
#288400000000
0!
0"
0#
0%
0&
0'
#288450000000
1!
1"
1#
1%
1&
1'
b10 )
b10110011011001100111101000101110 .
#288500000000
0!
0"
0#
0%
0&
0'
#288550000000
1!
1"
1#
1%
1&
1'
b1 )
b10110100000010111011111000110111 .
#288600000000
0!
0"
0#
0%
0&
0'
#288650000000
1!
1"
1#
1%
1&
1'
b0 )
b01011010000001011101111100011011 .
#288700000000
0!
0"
0#
0%
0&
0'
#288750000000
1!
1"
1#
1%
1&
1'
b111 )
b101 *
b00101101000000101110111110001101 .
#288800000000
0!
0"
0#
0%
0&
0'
#288850000000
1!
1"
1#
1%
1&
1'
b110 )
b00010110100000010111011111000110 .
#288900000000
0!
0"
0#
0%
0&
0'
#288950000000
1!
1"
1#
1%
1&
1'
b101 )
b11100110111110000011100011000011 .
#289000000000
0!
0"
0#
0%
0&
0'
#289050000000
1!
1"
1#
1%
1&
1'
b100 )
b01110011011111000001110001100001 .
#289100000000
0!
0"
0#
0%
0&
0'
#289150000000
1!
1"
1#
1%
1&
1'
b11 )
b00111001101111100000111000110000 .
#289200000000
0!
0"
0#
0%
0&
0'
#289250000000
1!
1"
1#
1%
1&
1'
b10 )
b11110001011001111000010000111000 .
#289300000000
0!
0"
0#
0%
0&
0'
#289350000000
1!
1"
1#
1%
1&
1'
b1 )
b10010101000010110100000100111100 .
#289400000000
0!
0"
0#
0%
0&
0'
#289450000000
1!
1"
1#
1%
1&
1'
b0 )
b10100111001111010010001110111110 .
#289500000000
0!
0"
0#
0%
0&
0'
#289550000000
1!
1"
1#
1%
1&
1'
b111 )
b0 *
b10111110001001100001001011111111 .
#289600000000
0!
0"
0#
0%
0&
0'
#289650000000
1!
1"
1#
1%
1&
1'
b110 )
0-
b10110010101010111000101001011111 .
#289700000000
0!
0"
0%
0&
#289750000000
1!
1"
0#
1%
1&
0'
b101 )
b10110100111011010100011000001111 .
#289800000000
0!
0"
1#
0%
0&
1'
#289850000000
1!
1"
0#
1%
1&
0'
b100 )
b10110111110011100010000000100111 .
#289900000000
0!
0"
1#
0%
0&
1'
#289950000000
1!
1"
0#
1%
1&
0'
b11 )
b10110110010111111001001100110011 .
#290000000000
0!
0"
1#
0%
0&
1'
#290050000000
1!
1"
0#
1%
1&
0'
b10 )
1-
b01011011001011111100100110011001 .
#290100000000
0!
0"
0%
0&
#290150000000
1!
1"
1#
1%
1&
1'
b1 )
0-
b11000000001011110110011111101100 .
#290200000000
0!
0"
0%
0&
#290250000000
1!
1"
0#
1%
1&
0'
b0 )
b01100000000101111011001111110110 .
#290300000000
0!
0"
1#
0%
0&
1'
#290350000000
1!
1"
0#
1%
1&
0'
b111 )
b1 *
b00110000000010111101100111111011 .
#290400000000
0!
0"
1#
0%
0&
1'
#290450000000
1!
1"
0#
1%
1&
0'
b110 )
b11110101101111010110111111011101 .
#290500000000
0!
0"
1#
0%
0&
1'
#290550000000
1!
1"
0#
1%
1&
0'
b101 )
1-
b01111010110111101011011111101110 .
#290600000000
0!
0"
0%
0&
#290650000000
1!
1"
1#
1%
1&
1'
b100 )
0-
b00111101011011110101101111110111 .
#290700000000
0!
0"
0%
0&
#290750000000
1!
1"
0#
1%
1&
0'
b11 )
b11110011000011110010111011011011 .
#290800000000
0!
0"
1#
0%
0&
1'
#290850000000
1!
1"
0#
1%
1&
0'
b10 )
b10010100001111110001010001001101 .
#290900000000
0!
0"
1#
0%
0&
1'
#290950000000
1!
1"
0#
1%
1&
0'
b1 )
b10100111101001110000100100000110 .
#291000000000
0!
0"
1#
0%
0&
1'
#291050000000
1!
1"
0#
1%
1&
0'
b0 )
b01010011110100111000010010000011 .
#291100000000
0!
0"
1#
0%
0&
1'
#291150000000
1!
1"
0#
1%
1&
0'
b111 )
b10 *
1-
b00101001111010011100001001000001 .
#291200000000
0!
0"
0%
0&
#291250000000
1!
1"
1#
1%
1&
1'
b110 )
0-
b11111001010011000110001000000000 .
#291300000000
0!
0"
0%
0&
#291350000000
1!
1"
0#
1%
1&
0'
b101 )
1-
b10010001000111101011001000100000 .
#291400000000
0!
0"
0%
0&
#291450000000
1!
1"
1#
1%
1&
1'
b100 )
b10100101001101111101101000110000 .
#291500000000
0!
0"
0#
0%
0&
0'
#291550000000
1!
1"
1#
1%
1&
1'
b11 )
0-
b01010010100110111110110100011000 .
#291600000000
0!
0"
0%
0&
#291650000000
1!
1"
0#
1%
1&
0'
b10 )
b00101001010011011111011010001100 .
#291700000000
0!
0"
1#
0%
0&
1'
#291750000000
1!
1"
0#
1%
1&
0'
b1 )
b00010100101001101111101101000110 .
#291800000000
0!
0"
1#
0%
0&
1'
#291850000000
1!
1"
0#
1%
1&
0'
b0 )
b00001010010100110111110110100011 .
#291900000000
0!
0"
1#
0%
0&
1'
#291950000000
1!
1"
0#
1%
1&
0'
b111 )
b11 *
1-
b00000101001010011011111011010001 .
#292000000000
0!
0"
0%
0&
#292050000000
1!
1"
1#
1%
1&
1'
b110 )
0-
b11101111001011000101110001001000 .
#292100000000
0!
0"
0%
0&
#292150000000
1!
1"
0#
1%
1&
0'
b101 )
b01110111100101100010111000100100 .
#292200000000
0!
0"
1#
0%
0&
1'
#292250000000
1!
1"
0#
1%
1&
0'
b100 )
b00111011110010110001011100010010 .
#292300000000
0!
0"
1#
0%
0&
1'
#292350000000
1!
1"
0#
1%
1&
0'
b11 )
1-
b11110000010111010000100010101001 .
#292400000000
0!
0"
0%
0&
#292450000000
1!
1"
1#
1%
1&
1'
b10 )
b01111000001011101000010001010100 .
#292500000000
0!
0"
0#
0%
0&
0'
#292550000000
1!
1"
1#
1%
1&
1'
b1 )
0-
b00111100000101110100001000101010 .
#292600000000
0!
0"
0%
0&
#292650000000
1!
1"
0#
1%
1&
0'
b0 )
b00011110000010111010000100010101 .
#292700000000
0!
0"
1#
0%
0&
1'
#292750000000
1!
1"
0#
1%
1&
0'
b111 )
b100 *
b11100010101111010101001110101010 .
#292800000000
0!
0"
1#
0%
0&
1'
#292850000000
1!
1"
0#
1%
1&
0'
b110 )
b01110001010111101010100111010101 .
#292900000000
0!
0"
1#
0%
0&
1'
#292950000000
1!
1"
0#
1%
1&
0'
b101 )
1-
b00111000101011110101010011101010 .
#293000000000
0!
0"
0%
0&
#293050000000
1!
1"
1#
1%
1&
1'
b100 )
0-
b00011100010101111010101001110101 .
#293100000000
0!
0"
0%
0&
#293150000000
1!
1"
0#
1%
1&
0'
b11 )
1-
b00001110001010111101010100111010 .
#293200000000
0!
0"
0%
0&
#293250000000
1!
1"
1#
1%
1&
1'
b10 )
0-
b00000111000101011110101010011101 .
#293300000000
0!
0"
0%
0&
#293350000000
1!
1"
0#
1%
1&
0'
b1 )
1-
b00000011100010101111010101001110 .
#293400000000
0!
0"
0%
0&
#293450000000
1!
1"
1#
1%
1&
1'
b0 )
b11101100011111011111100110000111 .
#293500000000
0!
0"
0#
0%
0&
0'
#293550000000
1!
1"
1#
1%
1&
1'
b111 )
b101 *
b01110110001111101111110011000011 .
#293600000000
0!
0"
0#
0%
0&
0'
#293650000000
1!
1"
1#
1%
1&
1'
b110 )
0-
b11010110101001111111110101000001 .
#293700000000
0!
0"
0%
0&
#293750000000
1!
1"
0#
1%
1&
0'
b101 )
b10000110111010110111110110000000 .
#293800000000
0!
0"
1#
0%
0&
1'
#293850000000
1!
1"
0#
1%
1&
0'
b100 )
b01000011011101011011111011000000 .
#293900000000
0!
0"
1#
0%
0&
1'
#293950000000
1!
1"
0#
1%
1&
0'
b11 )
1-
b11001100000000100101110001000000 .
#294000000000
0!
0"
0%
0&
#294050000000
1!
1"
1#
1%
1&
1'
b10 )
0-
b01100110000000010010111000100000 .
#294100000000
0!
0"
0%
0&
#294150000000
1!
1"
0#
1%
1&
0'
b1 )
b00110011000000001001011100010000 .
#294200000000
0!
0"
1#
0%
0&
1'
#294250000000
1!
1"
0#
1%
1&
0'
b0 )
b00011001100000000100101110001000 .
#294300000000
0!
0"
1#
0%
0&
1'
#294350000000
1!
1"
0#
1%
1&
0'
b111 )
b0 *
b00001100110000000010010111000100 .
#294400000000
0!
0"
1#
0%
0&
1'
#294450000000
1!
1"
0#
1%
1&
0'
b110 )
b00000110011000000001001011100010 .
#294500000000
0!
0"
1#
0%
0&
1'
#294550000000
1!
1"
0#
1%
1&
0'
b101 )
b00000011001100000000100101110001 .
#294600000000
0!
0"
1#
0%
0&
1'
#294650000000
1!
1"
0#
1%
1&
0'
b100 )
b11101100001000001000011110011000 .
#294700000000
0!
0"
1#
0%
0&
1'
#294750000000
1!
1"
0#
1%
1&
0'
b11 )
1-
b10011011101010001100000011101100 .
#294800000000
0!
0"
0%
0&
#294850000000
1!
1"
1#
1%
1&
1'
b10 )
0-
b01001101110101000110000001110110 .
#294900000000
0!
0"
0%
0&
#294950000000
1!
1"
0#
1%
1&
0'
b1 )
b00100110111010100011000000111011 .
#295000000000
0!
0"
1#
0%
0&
1'
#295050000000
1!
1"
0#
1%
1&
0'
b0 )
b11111110110011011001101100111101 .
#295100000000
0!
0"
1#
0%
0&
1'
#295150000000
1!
1"
0#
1%
1&
0'
b111 )
b1 *
1-
b01111111011001101100110110011110 .
#295200000000
0!
0"
0%
0&
#295250000000
1!
1"
1#
1%
1&
1'
b110 )
b11010010000010111110010111101111 .
#295300000000
0!
0"
0#
0%
0&
0'
#295350000000
1!
1"
1#
1%
1&
1'
b101 )
0-
b10000100101111010111000111010111 .
#295400000000
0!
0"
0%
0&
#295450000000
1!
1"
0#
1%
1&
0'
b100 )
1-
b01000010010111101011100011101011 .
#295500000000
0!
0"
0%
0&
#295550000000
1!
1"
1#
1%
1&
1'
b11 )
0-
b11001100100101111101111101010101 .
#295600000000
0!
0"
0%
0&
#295650000000
1!
1"
0#
1%
1&
0'
b10 )
1-
b01100110010010111110111110101010 .
#295700000000
0!
0"
0%
0&
#295750000000
1!
1"
1#
1%
1&
1'
b1 )
b11011110100111010111010011110101 .
#295800000000
0!
0"
0#
0%
0&
0'
#295850000000
1!
1"
1#
1%
1&
1'
b0 )
0-
b10000010111101100011100101011010 .
#295900000000
0!
0"
0%
0&
#295950000000
1!
1"
0#
1%
1&
0'
b111 )
b0 *
1-
b10101100110000111001111110001101 .
#296000000000
0!
0"
0%
0&
#296050000000
1!
1"
1#
1%
1&
1'
b110 )
0-
b10111011110110010100110011100110 .
#296100000000
0!
0"
0%
0&
#296150000000
1!
1"
0#
1%
1&
0'
b101 )
b01011101111011001010011001110011 .
#296200000000
0!
0"
1#
0%
0&
1'
#296250000000
1!
1"
0#
1%
1&
0'
b100 )
b11000011010011101101000000011001 .
#296300000000
0!
0"
1#
0%
0&
1'
#296350000000
1!
1"
0#
1%
1&
0'
b11 )
b10001100000111111110101100101100 .
#296400000000
0!
0"
1#
0%
0&
1'
#296450000000
1!
1"
0#
1%
1&
0'
b10 )
b01000110000011111111010110010110 .
#296500000000
0!
0"
1#
0%
0&
1'
#296550000000
1!
1"
0#
1%
1&
0'
b1 )
b00100011000001111111101011001011 .
#296600000000
0!
0"
1#
0%
0&
1'
#296650000000
1!
1"
0#
1%
1&
0'
b0 )
b11111100001110110111111001000101 .
#296700000000
0!
0"
1#
0%
0&
1'
#296750000000
1!
1"
0#
1%
1&
0'
b111 )
b1 *
b10010011101001010011110000000010 .
#296800000000
0!
0"
1#
0%
0&
1'
#296850000000
1!
1"
0#
1%
1&
0'
b110 )
b01001001110100101001111000000001 .
#296900000000
0!
0"
1#
0%
0&
1'
#296950000000
1!
1"
0#
1%
1&
0'
b101 )
b11001001010100011100110000100000 .
#297000000000
0!
0"
1#
0%
0&
1'
#297050000000
1!
1"
0#
1%
1&
0'
b100 )
b01100100101010001110011000010000 .
#297100000000
0!
0"
1#
0%
0&
1'
#297150000000
1!
1"
0#
1%
1&
0'
b11 )
b00110010010101000111001100001000 .
#297200000000
0!
0"
1#
0%
0&
1'
#297250000000
1!
1"
0#
1%
1&
0'
b10 )
b00011001001010100011100110000100 .
#297300000000
0!
0"
1#
0%
0&
1'
#297350000000
1!
1"
0#
1%
1&
0'
b1 )
b00001100100101010001110011000010 .
#297400000000
0!
0"
1#
0%
0&
1'
#297450000000
1!
1"
0#
1%
1&
0'
b0 )
b00000110010010101000111001100001 .
#297500000000
0!
0"
1#
0%
0&
1'
#297550000000
1!
1"
0#
1%
1&
0'
b111 )
b10 *
b11101110100111011100010000010000 .
#297600000000
0!
0"
1#
0%
0&
1'
#297650000000
1!
1"
0#
1%
1&
0'
b110 )
b01110111010011101110001000001000 .
#297700000000
0!
0"
1#
0%
0&
1'
#297750000000
1!
1"
0#
1%
1&
0'
b101 )
b00111011101001110111000100000100 .
#297800000000
0!
0"
1#
0%
0&
1'
#297850000000
1!
1"
0#
1%
1&
0'
b100 )
b00011101110100111011100010000010 .
#297900000000
0!
0"
1#
0%
0&
1'
#297950000000
1!
1"
0#
1%
1&
0'
b11 )
b00001110111010011101110001000001 .
#298000000000
0!
0"
1#
0%
0&
1'
#298050000000
1!
1"
0#
1%
1&
0'
b10 )
b11101010110011000110110100000000 .
#298100000000
0!
0"
1#
0%
0&
1'
#298150000000
1!
1"
0#
1%
1&
0'
b1 )
b01110101011001100011011010000000 .
#298200000000
0!
0"
1#
0%
0&
1'
#298250000000
1!
1"
0#
1%
1&
0'
b0 )
b00111010101100110001101101000000 .
#298300000000
0!
0"
1#
0%
0&
1'
#298350000000
1!
1"
0#
1%
1&
0'
b111 )
b11 *
b00011101010110011000110110100000 .
#298400000000
0!
0"
1#
0%
0&
1'
#298450000000
1!
1"
0#
1%
1&
0'
b110 )
b00001110101011001100011011010000 .
#298500000000
0!
0"
1#
0%
0&
1'
#298550000000
1!
1"
0#
1%
1&
0'
b101 )
b00000111010101100110001101101000 .
#298600000000
0!
0"
1#
0%
0&
1'
#298650000000
1!
1"
0#
1%
1&
0'
b100 )
b00000011101010110011000110110100 .
#298700000000
0!
0"
1#
0%
0&
1'
#298750000000
1!
1"
0#
1%
1&
0'
b11 )
b00000001110101011001100011011010 .
#298800000000
0!
0"
1#
0%
0&
1'
#298850000000
1!
1"
0#
1%
1&
0'
b10 )
b00000000111010101100110001101101 .
#298900000000
0!
0"
1#
0%
0&
1'
#298950000000
1!
1"
0#
1%
1&
0'
b1 )
b11101101110011011110010100010110 .
#299000000000
0!
0"
1#
0%
0&
1'
#299050000000
1!
1"
0#
1%
1&
0'
b0 )
b01110110111001101111001010001011 .
#299100000000
0!
0"
1#
0%
0&
1'
#299150000000
1!
1"
0#
1%
1&
0'
b111 )
b100 *
b11010110110010111111101001100101 .
#299200000000
0!
0"
1#
0%
0&
1'
#299250000000
1!
1"
0#
1%
1&
0'
b110 )
b10000110110111010111111000010010 .
#299300000000
0!
0"
1#
0%
0&
1'
#299350000000
1!
1"
0#
1%
1&
0'
b101 )
b01000011011011101011111100001001 .
#299400000000
0!
0"
1#
0%
0&
1'
#299450000000
1!
1"
0#
1%
1&
0'
b100 )
b11001100000011111101110010100100 .
#299500000000
0!
0"
1#
0%
0&
1'
#299550000000
1!
1"
0#
1%
1&
0'
b11 )
b01100110000001111110111001010010 .
#299600000000
0!
0"
1#
0%
0&
1'
#299650000000
1!
1"
0#
1%
1&
0'
b10 )
b00110011000000111111011100101001 .
#299700000000
0!
0"
1#
0%
0&
1'
#299750000000
1!
1"
0#
1%
1&
0'
b1 )
b11110100001110010111100010110100 .
#299800000000
0!
0"
1#
0%
0&
1'
#299850000000
1!
1"
0#
1%
1&
0'
b0 )
b01111010000111001011110001011010 .
#299900000000
0!
0"
1#
0%
0&
1'
#299950000000
1!
1"
0#
1%
1&
0'
b111 )
b101 *
b00111101000011100101111000101101 .
#300000000000
0!
0"
1#
0%
0&
1'
#300050000000
1!
1"
0#
1%
1&
0'
b110 )
b11110011001111111010110000110110 .
#300100000000
0!
0"
1#
0%
0&
1'
#300150000000
1!
1"
0#
1%
1&
0'
b101 )
b01111001100111111101011000011011 .
#300200000000
0!
0"
1#
0%
0&
1'
#300250000000
1!
1"
0#
1%
1&
0'
b100 )
b11010001011101110110100000101101 .
#300300000000
0!
0"
1#
0%
0&
1'
#300350000000
1!
1"
0#
1%
1&
0'
b11 )
b10000101000000110011011100110110 .
#300400000000
0!
0"
1#
0%
0&
1'
#300450000000
1!
1"
0#
1%
1&
0'
b10 )
b01000010100000011001101110011011 .
#300500000000
0!
0"
1#
0%
0&
1'
#300550000000
1!
1"
0#
1%
1&
0'
b1 )
b11001100111110000100111011101101 .
#300600000000
0!
0"
1#
0%
0&
1'
#300650000000
1!
1"
0#
1%
1&
0'
b0 )
b10001011110001001010010001010110 .
#300700000000
0!
0"
1#
0%
0&
1'
#300750000000
1!
1"
0#
1%
1&
0'
b111 )
b110 *
b01000101111000100101001000101011 .
#300800000000
0!
0"
1#
0%
0&
1'
#300850000000
1!
1"
0#
1%
1&
0'
b110 )
b11001111010010011010101000110101 .
#300900000000
0!
0"
1#
0%
0&
1'
#300950000000
1!
1"
0#
1%
1&
0'
b101 )
b10001010000111000101011000111010 .
#301000000000
0!
0"
1#
0%
0&
1'
#301050000000
1!
1"
0#
1%
1&
0'
b100 )
b01000101000011100010101100011101 .
#301100000000
0!
0"
1#
0%
0&
1'
#301150000000
1!
1"
0#
1%
1&
0'
b11 )
b11001111001111111001011010101110 .
#301200000000
0!
0"
1#
0%
0&
1'
#301250000000
1!
1"
0#
1%
1&
0'
b10 )
b01100111100111111100101101010111 .
#301300000000
0!
0"
1#
0%
0&
1'
#301350000000
1!
1"
0#
1%
1&
0'
b1 )
b11011110011101110110011010001011 .
#301400000000
0!
0"
1#
0%
0&
1'
#301450000000
1!
1"
0#
1%
1&
0'
b0 )
b10000010100000110011000001100101 .
#301500000000
0!
0"
1#
0%
0&
1'
#301550000000
1!
1"
0#
1%
1&
0'
b111 )
b111 *
b10101100111110010001101100010010 .
#301600000000
0!
0"
1#
0%
0&
1'
#301650000000
1!
1"
0#
1%
1&
0'
b110 )
b01010110011111001000110110001001 .
#301700000000
0!
0"
1#
0%
0&
1'
#301750000000
1!
1"
0#
1%
1&
0'
b101 )
b11000110100001101100010111100100 .
#301800000000
0!
0"
1#
0%
0&
1'
#301850000000
1!
1"
0#
1%
1&
0'
b100 )
b01100011010000110110001011110010 .
#301900000000
0!
0"
1#
0%
0&
1'
#301950000000
1!
1"
0#
1%
1&
0'
b11 )
b00110001101000011011000101111001 .
#302000000000
0!
0"
1#
0%
0&
1'
#302050000000
1!
1"
0#
1%
1&
0'
b10 )
b11110101011010000101101110011100 .
#302100000000
0!
0"
1#
0%
0&
1'
#302150000000
1!
1"
0#
1%
1&
0'
b1 )
b01111010101101000010110111001110 .
#302200000000
0!
0"
1#
0%
0&
1'
#302250000000
1!
1"
0#
1%
1&
0'
b0 )
b00111101010110100001011011100111 .
#302300000000
0!
0"
1#
0%
0&
1'
#302350000000
1!
1"
0#
1%
1&
0'
b111 )
b1000 *
b11110011000101011000100001010011 .
#302400000000
0!
0"
1#
0%
0&
1'
#302450000000
1!
1"
0#
1%
1&
0'
b110 )
b10010100001100100100011100001001 .
#302500000000
0!
0"
1#
0%
0&
1'
#302550000000
1!
1"
0#
1%
1&
0'
b101 )
b10100111101000011010000010100100 .
#302600000000
0!
0"
1#
0%
0&
1'
#302650000000
1!
1"
0#
1%
1&
0'
b100 )
b01010011110100001101000001010010 .
#302700000000
0!
0"
1#
0%
0&
1'
#302750000000
1!
1"
0#
1%
1&
0'
b11 )
b00101001111010000110100000101001 .
#302800000000
0!
0"
1#
0%
0&
1'
#302850000000
1!
1"
0#
1%
1&
0'
b10 )
b11111001010011001011011100110100 .
#302900000000
0!
0"
1#
0%
0&
1'
#302950000000
1!
1"
0#
1%
1&
0'
b1 )
b01111100101001100101101110011010 .
#303000000000
0!
0"
1#
0%
0&
1'
#303050000000
1!
1"
0#
1%
1&
0'
b0 )
b00111110010100110010110111001101 .
#303100000000
0!
0"
1#
0%
0&
1'
#303150000000
1!
1"
0#
1%
1&
0'
b111 )
b1001 *
b11110010100100010001010111000110 .
#303200000000
0!
0"
1#
0%
0&
1'
#303250000000
1!
1"
0#
1%
1&
0'
b110 )
b01111001010010001000101011100011 .
#303300000000
0!
0"
1#
0%
0&
1'
#303350000000
1!
1"
0#
1%
1&
0'
b101 )
b11010001000111001100011001010001 .
#303400000000
0!
0"
1#
0%
0&
1'
#303450000000
1!
1"
0#
1%
1&
0'
b100 )
b10000101001101101110000000001000 .
#303500000000
0!
0"
1#
0%
0&
1'
#303550000000
1!
1"
0#
1%
1&
0'
b11 )
b01000010100110110111000000000100 .
#303600000000
0!
0"
1#
0%
0&
1'
#303650000000
1!
1"
0#
1%
1&
0'
b10 )
b00100001010011011011100000000010 .
#303700000000
0!
0"
1#
0%
0&
1'
#303750000000
1!
1"
0#
1%
1&
0'
b1 )
b00010000101001101101110000000001 .
#303800000000
0!
0"
1#
0%
0&
1'
#303850000000
1!
1"
0#
1%
1&
0'
b0 )
b11100101111010111110110100100000 .
#303900000000
0!
0"
1#
0%
0&
1'
#303950000000
1!
1"
0#
1%
1&
0'
b111 )
b1010 *
b01110010111101011111011010010000 .
#304000000000
0!
0"
1#
0%
0&
1'
#304050000000
1!
1"
0#
1%
1&
0'
b110 )
b00111001011110101111101101001000 .
#304100000000
0!
0"
1#
0%
0&
1'
#304150000000
1!
1"
0#
1%
1&
0'
b101 )
b00011100101111010111110110100100 .
#304200000000
0!
0"
1#
0%
0&
1'
#304250000000
1!
1"
0#
1%
1&
0'
b100 )
b00001110010111101011111011010010 .
#304300000000
0!
0"
1#
0%
0&
1'
#304350000000
1!
1"
0#
1%
1&
0'
b11 )
b00000111001011110101111101101001 .
#304400000000
0!
0"
1#
0%
0&
1'
#304450000000
1!
1"
0#
1%
1&
0'
b10 )
b11101110001011110010110010010100 .
#304500000000
0!
0"
1#
0%
0&
1'
#304550000000
1!
1"
0#
1%
1&
0'
b1 )
b01110111000101111001011001001010 .
#304600000000
0!
0"
1#
0%
0&
1'
#304650000000
1!
1"
0#
1%
1&
0'
b0 )
b00111011100010111100101100100101 .
#304700000000
0!
0"
1#
0%
0&
1'
#304750000000
1!
1"
0#
1%
1&
0'
b111 )
b1011 *
b11110000011111010110011010110010 .
#304800000000
0!
0"
1#
0%
0&
1'
#304850000000
1!
1"
0#
1%
1&
0'
b110 )
b01111000001111101011001101011001 .
#304900000000
0!
0"
1#
0%
0&
1'
#304950000000
1!
1"
0#
1%
1&
0'
b101 )
b11010001101001111101101010001100 .
#305000000000
0!
0"
1#
0%
0&
1'
#305050000000
1!
1"
0#
1%
1&
0'
b100 )
b01101000110100111110110101000110 .
#305100000000
0!
0"
1#
0%
0&
1'
#305150000000
1!
1"
0#
1%
1&
0'
b11 )
b00110100011010011111011010100011 .
#305200000000
0!
0"
1#
0%
0&
1'
#305250000000
1!
1"
0#
1%
1&
0'
b10 )
b11110111100011000111100001110001 .
#305300000000
0!
0"
1#
0%
0&
1'
#305350000000
1!
1"
0#
1%
1&
0'
b1 )
b10010110011111101011111100011000 .
#305400000000
0!
0"
1#
0%
0&
1'
#305450000000
1!
1"
0#
1%
1&
0'
b0 )
b01001011001111110101111110001100 .
#305500000000
0!
0"
1#
0%
0&
1'
#305550000000
1!
1"
0#
1%
1&
0'
b111 )
b1100 *
b00100101100111111010111111000110 .
#305600000000
0!
0"
1#
0%
0&
1'
#305650000000
1!
1"
0#
1%
1&
0'
b110 )
b00010010110011111101011111100011 .
#305700000000
0!
0"
1#
0%
0&
1'
#305750000000
1!
1"
0#
1%
1&
0'
b101 )
b11100100110111110110100011010001 .
#305800000000
0!
0"
1#
0%
0&
1'
#305850000000
1!
1"
0#
1%
1&
0'
b100 )
b10011111110101110011011101001000 .
#305900000000
0!
0"
1#
0%
0&
1'
#305950000000
1!
1"
0#
1%
1&
0'
b11 )
b01001111111010111001101110100100 .
#306000000000
0!
0"
1#
0%
0&
1'
#306050000000
1!
1"
0#
1%
1&
0'
b10 )
b00100111111101011100110111010010 .
#306100000000
0!
0"
1#
0%
0&
1'
#306150000000
1!
1"
0#
1%
1&
0'
b1 )
b00010011111110101110011011101001 .
#306200000000
0!
0"
1#
0%
0&
1'
#306250000000
1!
1"
0#
1%
1&
0'
b0 )
b11100100010001011111000001010100 .
#306300000000
0!
0"
1#
0%
0&
1'
#306350000000
1!
1"
0#
1%
1&
0'
b111 )
b1101 *
b01110010001000101111100000101010 .
#306400000000
0!
0"
1#
0%
0&
1'
#306450000000
1!
1"
0#
1%
1&
0'
b110 )
b00111001000100010111110000010101 .
#306500000000
0!
0"
1#
0%
0&
1'
#306550000000
1!
1"
0#
1%
1&
0'
b101 )
b11110001001100000011110100101010 .
#306600000000
0!
0"
1#
0%
0&
1'
#306650000000
1!
1"
0#
1%
1&
0'
b100 )
b01111000100110000001111010010101 .
#306700000000
0!
0"
1#
0%
0&
1'
#306750000000
1!
1"
0#
1%
1&
0'
b11 )
b11010001111101001000110001101010 .
#306800000000
0!
0"
1#
0%
0&
1'
#306850000000
1!
1"
0#
1%
1&
0'
b10 )
b01101000111110100100011000110101 .
#306900000000
0!
0"
1#
0%
0&
1'
#306950000000
1!
1"
0#
1%
1&
0'
b1 )
b11011001110001011010000000111010 .
#307000000000
0!
0"
1#
0%
0&
1'
#307050000000
1!
1"
0#
1%
1&
0'
b0 )
b01101100111000101101000000011101 .
#307100000000
0!
0"
1#
0%
0&
1'
#307150000000
1!
1"
0#
1%
1&
0'
b111 )
b1110 *
b11011011110010011110101100101110 .
#307200000000
0!
0"
1#
0%
0&
1'
#307250000000
1!
1"
0#
1%
1&
0'
b110 )
b01101101111001001111010110010111 .
#307300000000
0!
0"
1#
0%
0&
1'
#307350000000
1!
1"
0#
1%
1&
0'
b101 )
b11011011010010101111100111101011 .
#307400000000
0!
0"
1#
0%
0&
1'
#307450000000
1!
1"
0#
1%
1&
0'
b100 )
b10000000000111011111111111010101 .
#307500000000
0!
0"
1#
0%
0&
1'
#307550000000
1!
1"
0#
1%
1&
0'
b11 )
b10101101101101100111110011001010 .
#307600000000
0!
0"
1#
0%
0&
1'
#307650000000
1!
1"
0#
1%
1&
0'
b10 )
b01010110110110110011111001100101 .
#307700000000
0!
0"
1#
0%
0&
1'
#307750000000
1!
1"
0#
1%
1&
0'
b1 )
b11000110110101010001110000010010 .
#307800000000
0!
0"
1#
0%
0&
1'
#307850000000
1!
1"
0#
1%
1&
0'
b0 )
b01100011011010101000111000001001 .
#307900000000
0!
0"
1#
0%
0&
1'
#307950000000
1!
1"
0#
1%
1&
0'
b111 )
b1111 *
b11011100000011011100010000100100 .
#308000000000
0!
0"
1#
0%
0&
1'
#308050000000
1!
1"
0#
1%
1&
0'
b110 )
b01101110000001101110001000010010 .
#308100000000
0!
0"
1#
0%
0&
1'
#308150000000
1!
1"
0#
1%
1&
0'
b101 )
b00110111000000110111000100001001 .
#308200000000
0!
0"
1#
0%
0&
1'
#308250000000
1!
1"
0#
1%
1&
0'
b100 )
b11110110001110010011101110100100 .
#308300000000
0!
0"
1#
0%
0&
1'
#308350000000
1!
1"
0#
1%
1&
0'
b11 )
b01111011000111001001110111010010 .
#308400000000
0!
0"
1#
0%
0&
1'
#308450000000
1!
1"
0#
1%
1&
0'
b10 )
b00111101100011100100111011101001 .
#308500000000
0!
0"
1#
0%
0&
1'
#308550000000
1!
1"
0#
1%
1&
0'
b1 )
b11110011011111111010010001010100 .
#308600000000
0!
0"
1#
0%
0&
1'
#308650000000
1!
1"
0#
1%
1&
0'
b0 )
b01111001101111111101001000101010 .
#308700000000
0!
0"
1#
0%
0&
1'
#308750000000
1!
1"
0#
1%
1&
0'
b111 )
b10000 *
b00111100110111111110100100010101 .
#308800000000
0!
0"
1#
0%
0&
1'
#308850000000
1!
1"
0#
1%
1&
0'
b110 )
b11110011110101110111011110101010 .
#308900000000
0!
0"
1#
0%
0&
1'
#308950000000
1!
1"
0#
1%
1&
0'
b101 )
b01111001111010111011101111010101 .
#309000000000
0!
0"
1#
0%
0&
1'
#309050000000
1!
1"
0#
1%
1&
0'
b100 )
b11010001010011010101111011001010 .
#309100000000
0!
0"
1#
0%
0&
1'
#309150000000
1!
1"
0#
1%
1&
0'
b11 )
b01101000101001101010111101100101 .
#309200000000
0!
0"
1#
0%
0&
1'
#309250000000
1!
1"
0#
1%
1&
0'
b10 )
b11011001111010111101010010010010 .
#309300000000
0!
0"
1#
0%
0&
1'
#309350000000
1!
1"
0#
1%
1&
0'
b1 )
b01101100111101011110101001001001 .
#309400000000
0!
0"
1#
0%
0&
1'
#309450000000
1!
1"
0#
1%
1&
0'
b0 )
b11011011110000100111011000000100 .
#309500000000
0!
0"
1#
0%
0&
1'
#309550000000
1!
1"
0#
1%
1&
0'
b111 )
b10001 *
b01101101111000010011101100000010 .
#309600000000
0!
0"
1#
0%
0&
1'
#309650000000
1!
1"
0#
1%
1&
0'
b110 )
b00110110111100001001110110000001 .
#309700000000
0!
0"
1#
0%
0&
1'
#309750000000
1!
1"
0#
1%
1&
0'
b101 )
b11110110110000001100110111100000 .
#309800000000
0!
0"
1#
0%
0&
1'
#309850000000
1!
1"
0#
1%
1&
0'
b100 )
b01111011011000000110011011110000 .
#309900000000
0!
0"
1#
0%
0&
1'
#309950000000
1!
1"
0#
1%
1&
0'
b11 )
b00111101101100000011001101111000 .
#310000000000
0!
0"
1#
0%
0&
1'
#310050000000
1!
1"
0#
1%
1&
0'
b10 )
b00011110110110000001100110111100 .
#310100000000
0!
0"
1#
0%
0&
1'
#310150000000
1!
1"
0#
1%
1&
0'
b1 )
b00001111011011000000110011011110 .
#310200000000
0!
0"
1#
0%
0&
1'
#310250000000
1!
1"
0#
1%
1&
0'
b0 )
b00000111101101100000011001101111 .
#310300000000
0!
0"
1#
0%
0&
1'
#310350000000
1!
1"
0#
1%
1&
0'
b111 )
b10010 *
b11101110011000111000000000010111 .
#310400000000
0!
0"
1#
0%
0&
1'
#310450000000
1!
1"
0#
1%
1&
0'
b110 )
b10011010100010010100001100101011 .
#310500000000
0!
0"
1#
0%
0&
1'
#310550000000
1!
1"
0#
1%
1&
0'
b101 )
b10100000111111000010001010110101 .
#310600000000
0!
0"
1#
0%
0&
1'
#310650000000
1!
1"
0#
1%
1&
0'
b100 )
b10111101110001101001001001111010 .
#310700000000
0!
0"
1#
0%
0&
1'
#310750000000
1!
1"
0#
1%
1&
0'
b11 )
b01011110111000110100100100111101 .
#310800000000
0!
0"
1#
0%
0&
1'
#310850000000
1!
1"
0#
1%
1&
0'
b10 )
b11000010110010010010011110111110 .
#310900000000
0!
0"
1#
0%
0&
1'
#310950000000
1!
1"
0#
1%
1&
0'
b1 )
b01100001011001001001001111011111 .
#311000000000
0!
0"
1#
0%
0&
1'
#311050000000
1!
1"
0#
1%
1&
0'
b0 )
b11011101000010101100101011001111 .
#311100000000
0!
0"
1#
0%
0&
1'
#311150000000
1!
1"
0#
1%
1&
0'
b111 )
b10011 *
b10000011001111011110011001000111 .
#311200000000
0!
0"
1#
0%
0&
1'
#311250000000
1!
1"
0#
1%
1&
0'
b110 )
b10101100001001100111000000000011 .
#311300000000
0!
0"
1#
0%
0&
1'
#311350000000
1!
1"
0#
1%
1&
0'
b101 )
b10111011101010111011101100100001 .
#311400000000
0!
0"
1#
0%
0&
1'
#311450000000
1!
1"
0#
1%
1&
0'
b100 )
b10110000011011010101111010110000 .
#311500000000
0!
0"
1#
0%
0&
1'
#311550000000
1!
1"
0#
1%
1&
0'
b11 )
b01011000001101101010111101011000 .
#311600000000
0!
0"
1#
0%
0&
1'
#311650000000
1!
1"
0#
1%
1&
0'
b10 )
b00101100000110110101011110101100 .
#311700000000
0!
0"
1#
0%
0&
1'
#311750000000
1!
1"
0#
1%
1&
0'
b1 )
b00010110000011011010101111010110 .
#311800000000
0!
0"
1#
0%
0&
1'
#311850000000
1!
1"
0#
1%
1&
0'
b0 )
b00001011000001101101010111101011 .
#311900000000
0!
0"
1#
0%
0&
1'
#311950000000
1!
1"
0#
1%
1&
0'
b111 )
b10100 *
b11101000001110111110100111010101 .
#312000000000
0!
0"
1#
0%
0&
1'
#312050000000
1!
1"
0#
1%
1&
0'
b110 )
b10011001101001010111011111001010 .
#312100000000
0!
0"
1#
0%
0&
1'
#312150000000
1!
1"
0#
1%
1&
0'
b101 )
b01001100110100101011101111100101 .
#312200000000
0!
0"
1#
0%
0&
1'
#312250000000
1!
1"
0#
1%
1&
0'
b100 )
b11001011110100011101111011010010 .
#312300000000
0!
0"
1#
0%
0&
1'
#312350000000
1!
1"
0#
1%
1&
0'
b11 )
b01100101111010001110111101101001 .
#312400000000
0!
0"
1#
0%
0&
1'
#312450000000
1!
1"
0#
1%
1&
0'
b10 )
b11011111010011001111010010010100 .
#312500000000
0!
0"
1#
0%
0&
1'
#312550000000
1!
1"
0#
1%
1&
0'
b1 )
b01101111101001100111101001001010 .
#312600000000
0!
0"
1#
0%
0&
1'
#312650000000
1!
1"
0#
1%
1&
0'
b0 )
b00110111110100110011110100100101 .
#312700000000
0!
0"
1#
0%
0&
1'
#312750000000
1!
1"
0#
1%
1&
0'
b111 )
b10101 *
b11110110010100010001110110110010 .
#312800000000
0!
0"
1#
0%
0&
1'
#312850000000
1!
1"
0#
1%
1&
0'
b110 )
b01111011001010001000111011011001 .
#312900000000
0!
0"
1#
0%
0&
1'
#312950000000
1!
1"
0#
1%
1&
0'
b101 )
b11010000001011001100010001001100 .
#313000000000
0!
0"
1#
0%
0&
1'
#313050000000
1!
1"
0#
1%
1&
0'
b100 )
b01101000000101100110001000100110 .
#313100000000
0!
0"
1#
0%
0&
1'
#313150000000
1!
1"
0#
1%
1&
0'
b11 )
b00110100000010110011000100010011 .
#313200000000
0!
0"
1#
0%
0&
1'
#313250000000
1!
1"
0#
1%
1&
0'
b10 )
b11110111101111010001101110101001 .
#313300000000
0!
0"
1#
0%
0&
1'
#313350000000
1!
1"
0#
1%
1&
0'
b1 )
b10010110011001100000111011110100 .
#313400000000
0!
0"
1#
0%
0&
1'
#313450000000
1!
1"
0#
1%
1&
0'
b0 )
b01001011001100110000011101111010 .
#313500000000
0!
0"
1#
0%
0&
1'
#313550000000
1!
1"
0#
1%
1&
0'
b111 )
b10110 *
b00100101100110011000001110111101 .
#313600000000
0!
0"
1#
0%
0&
1'
#313650000000
1!
1"
0#
1%
1&
0'
b110 )
b11111111011101000100001011111110 .
#313700000000
0!
0"
1#
0%
0&
1'
#313750000000
1!
1"
0#
1%
1&
0'
b101 )
b01111111101110100010000101111111 .
#313800000000
0!
0"
1#
0%
0&
1'
#313850000000
1!
1"
0#
1%
1&
0'
b100 )
b11010010011001011001001110011111 .
#313900000000
0!
0"
1#
0%
0&
1'
#313950000000
1!
1"
0#
1%
1&
0'
b11 )
b10000100100010100100101011101111 .
#314000000000
0!
0"
1#
0%
0&
1'
#314050000000
1!
1"
0#
1%
1&
0'
b10 )
b10101111111111011010011001010111 .
#314100000000
0!
0"
1#
0%
0&
1'
#314150000000
1!
1"
0#
1%
1&
0'
b1 )
b10111010010001100101000000001011 .
#314200000000
0!
0"
1#
0%
0&
1'
#314250000000
1!
1"
0#
1%
1&
0'
b0 )
b10110000100110111010101100100101 .
#314300000000
0!
0"
1#
0%
0&
1'
#314350000000
1!
1"
0#
1%
1&
0'
b111 )
b10111 *
b10110101111101010101011010110010 .
#314400000000
0!
0"
1#
0%
0&
1'
#314450000000
1!
1"
0#
1%
1&
0'
b110 )
b01011010111110101010101101011001 .
#314500000000
0!
0"
1#
0%
0&
1'
#314550000000
1!
1"
0#
1%
1&
0'
b101 )
b11000000110001011101011010001100 .
#314600000000
0!
0"
1#
0%
0&
1'
#314650000000
1!
1"
0#
1%
1&
0'
b100 )
b01100000011000101110101101000110 .
#314700000000
0!
0"
1#
0%
0&
1'
#314750000000
1!
1"
0#
1%
1&
0'
b11 )
b00110000001100010111010110100011 .
#314800000000
0!
0"
1#
0%
0&
1'
#314850000000
1!
1"
0#
1%
1&
0'
b10 )
b11110101101000000011100111110001 .
#314900000000
0!
0"
1#
0%
0&
1'
#314950000000
1!
1"
0#
1%
1&
0'
b1 )
b10010111011010001001111111011000 .
#315000000000
0!
0"
1#
0%
0&
1'
#315050000000
1!
1"
0#
1%
1&
0'
b0 )
b01001011101101000100111111101100 .
#315100000000
0!
0"
1#
0%
0&
1'
#315150000000
1!
1"
0#
1%
1&
0'
b111 )
b11000 *
b00100101110110100010011111110110 .
#315200000000
0!
0"
1#
0%
0&
1'
#315250000000
1!
1"
0#
1%
1&
0'
b110 )
b00010010111011010001001111111011 .
#315300000000
0!
0"
1#
0%
0&
1'
#315350000000
1!
1"
0#
1%
1&
0'
b101 )
b11100100110011100000101011011101 .
#315400000000
0!
0"
1#
0%
0&
1'
#315450000000
1!
1"
0#
1%
1&
0'
b100 )
b10011111110111111000011001001110 .
#315500000000
0!
0"
1#
0%
0&
1'
#315550000000
1!
1"
0#
1%
1&
0'
b11 )
b01001111111011111100001100100111 .
#315600000000
0!
0"
1#
0%
0&
1'
#315650000000
1!
1"
0#
1%
1&
0'
b10 )
b11001010010011110110001010110011 .
#315700000000
0!
0"
1#
0%
0&
1'
#315750000000
1!
1"
0#
1%
1&
0'
b1 )
b10001000100111110011001001111001 .
#315800000000
0!
0"
1#
0%
0&
1'
#315850000000
1!
1"
0#
1%
1&
0'
b0 )
b10101001111101110001101000011100 .
#315900000000
0!
0"
1#
0%
0&
1'
#315950000000
1!
1"
0#
1%
1&
0'
b111 )
b11001 *
b01010100111110111000110100001110 .
#316000000000
0!
0"
1#
0%
0&
1'
#316050000000
1!
1"
0#
1%
1&
0'
b110 )
b00101010011111011100011010000111 .
#316100000000
0!
0"
1#
0%
0&
1'
#316150000000
1!
1"
0#
1%
1&
0'
b101 )
b11111000100001100110000001100011 .
#316200000000
0!
0"
1#
0%
0&
1'
#316250000000
1!
1"
0#
1%
1&
0'
b100 )
b10010001111110111011001100010001 .
#316300000000
0!
0"
1#
0%
0&
1'
#316350000000
1!
1"
0#
1%
1&
0'
b11 )
b10100101010001010101101010101000 .
#316400000000
0!
0"
1#
0%
0&
1'
#316450000000
1!
1"
0#
1%
1&
0'
b10 )
b01010010101000101010110101010100 .
#316500000000
0!
0"
1#
0%
0&
1'
#316550000000
1!
1"
0#
1%
1&
0'
b1 )
b00101001010100010101011010101010 .
#316600000000
0!
0"
1#
0%
0&
1'
#316650000000
1!
1"
0#
1%
1&
0'
b0 )
b00010100101010001010101101010101 .
#316700000000
0!
0"
1#
0%
0&
1'
#316750000000
1!
1"
0#
1%
1&
0'
b111 )
b11010 *
b11100111111011001101011010001010 .
#316800000000
0!
0"
1#
0%
0&
1'
#316850000000
1!
1"
0#
1%
1&
0'
b110 )
b01110011111101100110101101000101 .
#316900000000
0!
0"
1#
0%
0&
1'
#316950000000
1!
1"
0#
1%
1&
0'
b101 )
b11010100010000111011011010000010 .
#317000000000
0!
0"
1#
0%
0&
1'
#317050000000
1!
1"
0#
1%
1&
0'
b100 )
b01101010001000011101101101000001 .
#317100000000
0!
0"
1#
0%
0&
1'
#317150000000
1!
1"
0#
1%
1&
0'
b11 )
b11011000101010000110111010000000 .
#317200000000
0!
0"
1#
0%
0&
1'
#317250000000
1!
1"
0#
1%
1&
0'
b10 )
b01101100010101000011011101000000 .
#317300000000
0!
0"
1#
0%
0&
1'
#317350000000
1!
1"
0#
1%
1&
0'
b1 )
b00110110001010100001101110100000 .
#317400000000
0!
0"
1#
0%
0&
1'
#317450000000
1!
1"
0#
1%
1&
0'
b0 )
b00011011000101010000110111010000 .
#317500000000
0!
0"
1#
0%
0&
1'
#317550000000
1!
1"
0#
1%
1&
0'
b111 )
b11011 *
b00001101100010101000011011101000 .
#317600000000
0!
0"
1#
0%
0&
1'
#317650000000
1!
1"
0#
1%
1&
0'
b110 )
b00000110110001010100001101110100 .
#317700000000
0!
0"
1#
0%
0&
1'
#317750000000
1!
1"
0#
1%
1&
0'
b101 )
b00000011011000101010000110111010 .
#317800000000
0!
0"
1#
0%
0&
1'
#317850000000
1!
1"
0#
1%
1&
0'
b100 )
b00000001101100010101000011011101 .
#317900000000
0!
0"
1#
0%
0&
1'
#317950000000
1!
1"
0#
1%
1&
0'
b11 )
b11101101011000000010101101001110 .
#318000000000
0!
0"
1#
0%
0&
1'
#318050000000
1!
1"
0#
1%
1&
0'
b10 )
b01110110101100000001010110100111 .
#318100000000
0!
0"
1#
0%
0&
1'
#318150000000
1!
1"
0#
1%
1&
0'
b1 )
b11010110111000001000100111110011 .
#318200000000
0!
0"
1#
0%
0&
1'
#318250000000
1!
1"
0#
1%
1&
0'
b0 )
b10000110110010001100011111011001 .
#318300000000
0!
0"
1#
0%
0&
1'
#318350000000
1!
1"
0#
1%
1&
0'
b111 )
b11100 *
b10101110110111001110000011001100 .
#318400000000
0!
0"
1#
0%
0&
1'
#318450000000
1!
1"
0#
1%
1&
0'
b110 )
b01010111011011100111000001100110 .
#318500000000
0!
0"
1#
0%
0&
1'
#318550000000
1!
1"
0#
1%
1&
0'
b101 )
b00101011101101110011100000110011 .
#318600000000
0!
0"
1#
0%
0&
1'
#318650000000
1!
1"
0#
1%
1&
0'
b100 )
b11111000011000110001111100111001 .
#318700000000
0!
0"
1#
0%
0&
1'
#318750000000
1!
1"
0#
1%
1&
0'
b11 )
b10010001100010010000110010111100 .
#318800000000
0!
0"
1#
0%
0&
1'
#318850000000
1!
1"
0#
1%
1&
0'
b10 )
b01001000110001001000011001011110 .
#318900000000
0!
0"
1#
0%
0&
1'
#318950000000
1!
1"
0#
1%
1&
0'
b1 )
b00100100011000100100001100101111 .
#319000000000
0!
0"
1#
0%
0&
1'
#319050000000
1!
1"
0#
1%
1&
0'
b0 )
b11111111100010011010001010110111 .
#319100000000
0!
0"
1#
0%
0&
1'
#319150000000
1!
1"
0#
1%
1&
0'
b111 )
b11101 *
b10010010011111000101001001111011 .
#319200000000
0!
0"
1#
0%
0&
1'
#319250000000
1!
1"
0#
1%
1&
0'
b110 )
b10100100100001101010101000011101 .
#319300000000
0!
0"
1#
0%
0&
1'
#319350000000
1!
1"
0#
1%
1&
0'
b101 )
b10111111111110111101011000101110 .
#319400000000
0!
0"
1#
0%
0&
1'
#319450000000
1!
1"
0#
1%
1&
0'
b100 )
b01011111111111011110101100010111 .
#319500000000
0!
0"
1#
0%
0&
1'
#319550000000
1!
1"
0#
1%
1&
0'
b11 )
b11000010010001100111011010101011 .
#319600000000
0!
0"
1#
0%
0&
1'
#319650000000
1!
1"
0#
1%
1&
0'
b10 )
b10001100100110111011100001110101 .
#319700000000
0!
0"
1#
0%
0&
1'
#319750000000
1!
1"
0#
1%
1&
0'
b1 )
b10101011111101010101111100011010 .
#319800000000
0!
0"
1#
0%
0&
1'
#319850000000
1!
1"
0#
1%
1&
0'
b0 )
b01010101111110101010111110001101 .
#319900000000
0!
0"
1#
0%
0&
1'
#319950000000
1!
1"
0#
1%
1&
0'
b111 )
b11110 *
b11000111010001011101010011100110 .
#320000000000
0!
0"
1#
0%
0&
1'
#320050000000
1!
1"
0#
1%
1&
0'
b110 )
b01100011101000101110101001110011 .
#320100000000
0!
0"
1#
0%
0&
1'
#320150000000
1!
1"
0#
1%
1&
0'
b101 )
b11011100011010011111011000011001 .
#320200000000
0!
0"
1#
0%
0&
1'
#320250000000
1!
1"
0#
1%
1&
0'
b100 )
b10000011100011000111100000101100 .
#320300000000
0!
0"
1#
0%
0&
1'
#320350000000
1!
1"
0#
1%
1&
0'
b11 )
b01000001110001100011110000010110 .
#320400000000
0!
0"
1#
0%
0&
1'
#320450000000
1!
1"
0#
1%
1&
0'
b10 )
b00100000111000110001111000001011 .
#320500000000
0!
0"
1#
0%
0&
1'
#320550000000
1!
1"
0#
1%
1&
0'
b1 )
b11111101110010010000110000100101 .
#320600000000
0!
0"
1#
0%
0&
1'
#320650000000
1!
1"
0#
1%
1&
0'
b0 )
b10010011010111000000010100110010 .
#320700000000
0!
0"
1#
0%
0&
1'
#320750000000
1!
1"
0#
1%
1&
0'
b111 )
b11111 *
b01001001101011100000001010011001 .
#320800000000
0!
0"
1#
0%
0&
1'
#320850000000
1!
1"
0#
1%
1&
0'
b110 )
b11001001011011111000001001101100 .
#320900000000
0!
0"
1#
0%
0&
1'
#320950000000
1!
1"
0#
1%
1&
0'
b101 )
b01100100101101111100000100110110 .
#321000000000
0!
0"
1#
0%
0&
1'
#321050000000
1!
1"
0#
1%
1&
0'
b100 )
b00110010010110111110000010011011 .
#321100000000
0!
0"
1#
0%
0&
1'
#321150000000
1!
1"
0#
1%
1&
0'
b11 )
b11110100100101010111001101101101 .
#321200000000
0!
0"
1#
0%
0&
1'
#321250000000
1!
1"
0#
1%
1&
0'
b10 )
b10010111111100100011101010010110 .
#321300000000
0!
0"
1#
0%
0&
1'
#321350000000
1!
1"
0#
1%
1&
0'
b1 )
b01001011111110010001110101001011 .
#321400000000
0!
0"
1#
0%
0&
1'
#321450000000
1!
1"
0#
1%
1&
0'
b0 )
b11001000010001000000110110000101 .
#321500000000
0!
0"
1#
0%
0&
1'
#321550000000
1!
1"
0#
1%
1&
0'
b111 )
b100000 *
b10001001100110101000010111100010 .
#321600000000
0!
0"
1#
0%
0&
1'
#321650000000
1!
1"
0#
1%
1&
0'
b110 )
b01000100110011010100001011110001 .
#321700000000
0!
0"
1#
0%
0&
1'
#321750000000
1!
1"
0#
1%
1&
0'
b101 )
b11001111110111100010001001011000 .
#321800000000
0!
0"
1#
0%
0&
1'
#321850000000
1!
1"
0#
1%
1&
0'
b100 )
b01100111111011110001000100101100 .
#321900000000
0!
0"
1#
0%
0&
1'
#321950000000
1!
1"
0#
1%
1&
0'
b11 )
b00110011111101111000100010010110 .
#322000000000
0!
0"
1#
0%
0&
1'
#322050000000
1!
1"
0#
1%
1&
0'
b10 )
b00011001111110111100010001001011 .
#322100000000
0!
0"
1#
0%
0&
1'
#322150000000
1!
1"
0#
1%
1&
0'
b1 )
b11100001010001010110000100000101 .
#322200000000
0!
0"
1#
0%
0&
1'
#322250000000
1!
1"
0#
1%
1&
0'
b0 )
b10011101000110100011001110100010 .
#322300000000
0!
0"
1#
0%
0&
1'
#322350000000
1!
1"
0#
1%
1&
0'
b111 )
b100001 *
b01001110100011010001100111010001 .
#322400000000
0!
0"
1#
0%
0&
1'
#322450000000
1!
1"
0#
1%
1&
0'
b110 )
b11001010111111100000111111001000 .
#322500000000
0!
0"
1#
0%
0&
1'
#322550000000
1!
1"
0#
1%
1&
0'
b101 )
b01100101011111110000011111100100 .
#322600000000
0!
0"
1#
0%
0&
1'
#322650000000
1!
1"
0#
1%
1&
0'
b100 )
b00110010101111111000001111110010 .
#322700000000
0!
0"
1#
0%
0&
1'
#322750000000
1!
1"
0#
1%
1&
0'
b11 )
b00011001010111111100000111111001 .
#322800000000
0!
0"
1#
0%
0&
1'
#322850000000
1!
1"
0#
1%
1&
0'
b10 )
b11100001000101110110001111011100 .
#322900000000
0!
0"
1#
0%
0&
1'
#322950000000
1!
1"
0#
1%
1&
0'
b1 )
b01110000100010111011000111101110 .
#323000000000
0!
0"
1#
0%
0&
1'
#323050000000
1!
1"
0#
1%
1&
0'
b0 )
b00111000010001011101100011110111 .
#323100000000
0!
0"
1#
0%
0&
1'
#323150000000
1!
1"
0#
1%
1&
0'
b111 )
b100010 *
b11110001100110100110111101011011 .
#323200000000
0!
0"
1#
0%
0&
1'
#323250000000
1!
1"
0#
1%
1&
0'
b110 )
b10010101011101011011010010001101 .
#323300000000
0!
0"
1#
0%
0&
1'
#323350000000
1!
1"
0#
1%
1&
0'
b101 )
b10100111000000100101100101100110 .
#323400000000
0!
0"
1#
0%
0&
1'
#323450000000
1!
1"
0#
1%
1&
0'
b100 )
b01010011100000010010110010110011 .
#323500000000
0!
0"
1#
0%
0&
1'
#323550000000
1!
1"
0#
1%
1&
0'
b11 )
b11000100011110000001010101111001 .
#323600000000
0!
0"
1#
0%
0&
1'
#323650000000
1!
1"
0#
1%
1&
0'
b10 )
b10001111100001001000100110011100 .
#323700000000
0!
0"
1#
0%
0&
1'
#323750000000
1!
1"
0#
1%
1&
0'
b1 )
b01000111110000100100010011001110 .
#323800000000
0!
0"
1#
0%
0&
1'
#323850000000
1!
1"
0#
1%
1&
0'
b0 )
b00100011111000010010001001100111 .
#323900000000
0!
0"
1#
0%
0&
1'
#323950000000
1!
1"
0#
1%
1&
0'
b111 )
b100011 *
b11111100010010000001001000010011 .
#324000000000
0!
0"
1#
0%
0&
1'
#324050000000
1!
1"
0#
1%
1&
0'
b110 )
b10010011100111001000101000101001 .
#324100000000
0!
0"
1#
0%
0&
1'
#324150000000
1!
1"
0#
1%
1&
0'
b101 )
b10100100011101101100011000110100 .
#324200000000
0!
0"
1#
0%
0&
1'
#324250000000
1!
1"
0#
1%
1&
0'
b100 )
b01010010001110110110001100011010 .
#324300000000
0!
0"
1#
0%
0&
1'
#324350000000
1!
1"
0#
1%
1&
0'
b11 )
b00101001000111011011000110001101 .
#324400000000
0!
0"
1#
0%
0&
1'
#324450000000
1!
1"
0#
1%
1&
0'
b10 )
b11111001001101100101101111100110 .
#324500000000
0!
0"
1#
0%
0&
1'
#324550000000
1!
1"
0#
1%
1&
0'
b1 )
b01111100100110110010110111110011 .
#324600000000
0!
0"
1#
0%
0&
1'
#324650000000
1!
1"
0#
1%
1&
0'
b0 )
b11010011111101010001010111011001 .
#324700000000
0!
0"
1#
0%
0&
1'
#324750000000
1!
1"
0#
1%
1&
0'
b111 )
b100100 *
b10000100010000100000100111001100 .
#324800000000
0!
0"
1#
0%
0&
1'
#324850000000
1!
1"
0#
1%
1&
0'
b110 )
b01000010001000010000010011100110 .
#324900000000
0!
0"
1#
0%
0&
1'
#324950000000
1!
1"
0#
1%
1&
0'
b101 )
b00100001000100001000001001110011 .
#325000000000
0!
0"
1#
0%
0&
1'
#325050000000
1!
1"
0#
1%
1&
0'
b100 )
b11111101001100001100001000011001 .
#325100000000
0!
0"
1#
0%
0&
1'
#325150000000
1!
1"
0#
1%
1&
0'
b11 )
b10010011001000001110001000101100 .
#325200000000
0!
0"
1#
0%
0&
1'
#325250000000
1!
1"
0#
1%
1&
0'
b10 )
b01001001100100000111000100010110 .
#325300000000
0!
0"
1#
0%
0&
1'
#325350000000
1!
1"
0#
1%
1&
0'
b1 )
b00100100110010000011100010001011 .
#325400000000
0!
0"
1#
0%
0&
1'
#325450000000
1!
1"
0#
1%
1&
0'
b0 )
b11111111110111001001111101100101 .
#325500000000
0!
0"
1#
0%
0&
1'
#325550000000
1!
1"
0#
1%
1&
0'
b111 )
b100101 *
b10010010010101101100110010010010 .
#325600000000
0!
0"
1#
0%
0&
1'
#325650000000
1!
1"
0#
1%
1&
0'
b110 )
b01001001001010110110011001001001 .
#325700000000
0!
0"
1#
0%
0&
1'
#325750000000
1!
1"
0#
1%
1&
0'
b101 )
b11001001001011010011000000000100 .
#325800000000
0!
0"
1#
0%
0&
1'
#325850000000
1!
1"
0#
1%
1&
0'
b100 )
b01100100100101101001100000000010 .
#325900000000
0!
0"
1#
0%
0&
1'
#325950000000
1!
1"
0#
1%
1&
0'
b11 )
b00110010010010110100110000000001 .
#326000000000
0!
0"
1#
0%
0&
1'
#326050000000
1!
1"
0#
1%
1&
0'
b10 )
b11110100100111010010010100100000 .
#326100000000
0!
0"
1#
0%
0&
1'
#326150000000
1!
1"
0#
1%
1&
0'
b1 )
b01111010010011101001001010010000 .
#326200000000
0!
0"
1#
0%
0&
1'
#326250000000
1!
1"
0#
1%
1&
0'
b0 )
b00111101001001110100100101001000 .
#326300000000
0!
0"
1#
0%
0&
1'
#326350000000
1!
1"
0#
1%
1&
0'
b111 )
b100110 *
b00011110100100111010010010100100 .
#326400000000
0!
0"
1#
0%
0&
1'
#326450000000
1!
1"
0#
1%
1&
0'
b110 )
b00001111010010011101001001010010 .
#326500000000
0!
0"
1#
0%
0&
1'
#326550000000
1!
1"
0#
1%
1&
0'
b101 )
b00000111101001001110100100101001 .
#326600000000
0!
0"
1#
0%
0&
1'
#326650000000
1!
1"
0#
1%
1&
0'
b100 )
b11101110011010101111011110110100 .
#326700000000
0!
0"
1#
0%
0&
1'
#326750000000
1!
1"
0#
1%
1&
0'
b11 )
b01110111001101010111101111011010 .
#326800000000
0!
0"
1#
0%
0&
1'
#326850000000
1!
1"
0#
1%
1&
0'
b10 )
b00111011100110101011110111101101 .
#326900000000
0!
0"
1#
0%
0&
1'
#326950000000
1!
1"
0#
1%
1&
0'
b1 )
b11110000011101011101110111010110 .
#327000000000
0!
0"
1#
0%
0&
1'
#327050000000
1!
1"
0#
1%
1&
0'
b0 )
b01111000001110101110111011101011 .
#327100000000
0!
0"
1#
0%
0&
1'
#327150000000
1!
1"
0#
1%
1&
0'
b111 )
b100111 *
b11010001101001011111010001010101 .
#327200000000
0!
0"
1#
0%
0&
1'
#327250000000
1!
1"
0#
1%
1&
0'
b110 )
b10000101011010100111100100001010 .
#327300000000
0!
0"
1#
0%
0&
1'
#327350000000
1!
1"
0#
1%
1&
0'
b101 )
b01000010101101010011110010000101 .
#327400000000
0!
0"
1#
0%
0&
1'
#327450000000
1!
1"
0#
1%
1&
0'
b100 )
b11001100111000100001110101100010 .
#327500000000
0!
0"
1#
0%
0&
1'
#327550000000
1!
1"
0#
1%
1&
0'
b11 )
b01100110011100010000111010110001 .
#327600000000
0!
0"
1#
0%
0&
1'
#327650000000
1!
1"
0#
1%
1&
0'
b10 )
b11011110100000000000010001111000 .
#327700000000
0!
0"
1#
0%
0&
1'
#327750000000
1!
1"
0#
1%
1&
0'
b1 )
b01101111010000000000001000111100 .
#327800000000
0!
0"
1#
0%
0&
1'
#327850000000
1!
1"
0#
1%
1&
0'
b0 )
b00110111101000000000000100011110 .
#327900000000
0!
0"
1#
0%
0&
1'
#327950000000
1!
1"
0#
1%
1&
0'
b111 )
b101000 *
b00011011110100000000000010001111 .
#328000000000
0!
0"
1#
0%
0&
1'
#328050000000
1!
1"
0#
1%
1&
0'
b110 )
b11100000010100001000001101100111 .
#328100000000
0!
0"
1#
0%
0&
1'
#328150000000
1!
1"
0#
1%
1&
0'
b101 )
b10011101100100001100001010010011 .
#328200000000
0!
0"
1#
0%
0&
1'
#328250000000
1!
1"
0#
1%
1&
0'
b100 )
b10100011011100001110001001101001 .
#328300000000
0!
0"
1#
0%
0&
1'
#328350000000
1!
1"
0#
1%
1&
0'
b11 )
b10111100000000001111001000010100 .
#328400000000
0!
0"
1#
0%
0&
1'
#328450000000
1!
1"
0#
1%
1&
0'
b10 )
b01011110000000000111100100001010 .
#328500000000
0!
0"
1#
0%
0&
1'
#328550000000
1!
1"
0#
1%
1&
0'
b1 )
b00101111000000000011110010000101 .
#328600000000
0!
0"
1#
0%
0&
1'
#328650000000
1!
1"
0#
1%
1&
0'
b0 )
b11111010001110001001110101100010 .
#328700000000
0!
0"
1#
0%
0&
1'
#328750000000
1!
1"
0#
1%
1&
0'
b111 )
b101001 *
b01111101000111000100111010110001 .
#328800000000
0!
0"
1#
0%
0&
1'
#328850000000
1!
1"
0#
1%
1&
0'
b110 )
b11010011001101101010010001111000 .
#328900000000
0!
0"
1#
0%
0&
1'
#328950000000
1!
1"
0#
1%
1&
0'
b101 )
b01101001100110110101001000111100 .
#329000000000
0!
0"
1#
0%
0&
1'
#329050000000
1!
1"
0#
1%
1&
0'
b100 )
b00110100110011011010100100011110 .
#329100000000
0!
0"
1#
0%
0&
1'
#329150000000
1!
1"
0#
1%
1&
0'
b11 )
b00011010011001101101010010001111 .
#329200000000
0!
0"
1#
0%
0&
1'
#329250000000
1!
1"
0#
1%
1&
0'
b10 )
b11100000100010111110100101100111 .
#329300000000
0!
0"
1#
0%
0&
1'
#329350000000
1!
1"
0#
1%
1&
0'
b1 )
b10011101111111010111011110010011 .
#329400000000
0!
0"
1#
0%
0&
1'
#329450000000
1!
1"
0#
1%
1&
0'
b0 )
b10100011010001100011100011101001 .
#329500000000
0!
0"
1#
0%
0&
1'
#329550000000
1!
1"
0#
1%
1&
0'
b111 )
b101010 *
b10111100000110111001111101010100 .
#329600000000
0!
0"
1#
0%
0&
1'
#329650000000
1!
1"
0#
1%
1&
0'
b110 )
b01011110000011011100111110101010 .
#329700000000
0!
0"
1#
0%
0&
1'
#329750000000
1!
1"
0#
1%
1&
0'
b101 )
b00101111000001101110011111010101 .
#329800000000
0!
0"
1#
0%
0&
1'
#329850000000
1!
1"
0#
1%
1&
0'
b100 )
b11111010001110111111000011001010 .
#329900000000
0!
0"
1#
0%
0&
1'
#329950000000
1!
1"
0#
1%
1&
0'
b11 )
b01111101000111011111100001100101 .
#330000000000
0!
0"
1#
0%
0&
1'
#330050000000
1!
1"
0#
1%
1&
0'
b10 )
b11010011001101100111111100010010 .
#330100000000
0!
0"
1#
0%
0&
1'
#330150000000
1!
1"
0#
1%
1&
0'
b1 )
b01101001100110110011111110001001 .
#330200000000
0!
0"
1#
0%
0&
1'
#330250000000
1!
1"
0#
1%
1&
0'
b0 )
b11011001011101010001110011100100 .
#330300000000
0!
0"
1#
0%
0&
1'
#330350000000
1!
1"
0#
1%
1&
0'
b111 )
b101011 *
b01101100101110101000111001110010 .
#330400000000
0!
0"
1#
0%
0&
1'
#330450000000
1!
1"
0#
1%
1&
0'
b110 )
b00110110010111010100011100111001 .
#330500000000
0!
0"
1#
0%
0&
1'
#330550000000
1!
1"
0#
1%
1&
0'
b101 )
b11110110100101100010000010111100 .
#330600000000
0!
0"
1#
0%
0&
1'
#330650000000
1!
1"
0#
1%
1&
0'
b100 )
b01111011010010110001000001011110 .
#330700000000
0!
0"
1#
0%
0&
1'
#330750000000
1!
1"
0#
1%
1&
0'
b11 )
b00111101101001011000100000101111 .
#330800000000
0!
0"
1#
0%
0&
1'
#330850000000
1!
1"
0#
1%
1&
0'
b10 )
b11110011011010100100011100110111 .
#330900000000
0!
0"
1#
0%
0&
1'
#330950000000
1!
1"
0#
1%
1&
0'
b1 )
b10010100000011011010000010111011 .
#331000000000
0!
0"
1#
0%
0&
1'
#331050000000
1!
1"
0#
1%
1&
0'
b0 )
b10100111101111100101001101111101 .
#331100000000
0!
0"
1#
0%
0&
1'
#331150000000
1!
1"
0#
1%
1&
0'
b111 )
b101100 *
b10111110011001111010101010011110 .
#331200000000
0!
0"
1#
0%
0&
1'
#331250000000
1!
1"
0#
1%
1&
0'
b110 )
b01011111001100111101010101001111 .
#331300000000
0!
0"
1#
0%
0&
1'
#331350000000
1!
1"
0#
1%
1&
0'
b101 )
b11000010001000010110100110000111 .
#331400000000
0!
0"
1#
0%
0&
1'
#331450000000
1!
1"
0#
1%
1&
0'
b100 )
b10001100101010000011011111100011 .
#331500000000
0!
0"
1#
0%
0&
1'
#331550000000
1!
1"
0#
1%
1&
0'
b11 )
b10101011111011001001100011010001 .
#331600000000
0!
0"
1#
0%
0&
1'
#331650000000
1!
1"
0#
1%
1&
0'
b10 )
b10111000010011101100111101001000 .
#331700000000
0!
0"
1#
0%
0&
1'
#331750000000
1!
1"
0#
1%
1&
0'
b1 )
b01011100001001110110011110100100 .
#331800000000
0!
0"
1#
0%
0&
1'
#331850000000
1!
1"
0#
1%
1&
0'
b0 )
b00101110000100111011001111010010 .
#331900000000
0!
0"
1#
0%
0&
1'
#331950000000
1!
1"
0#
1%
1&
0'
b111 )
b101101 *
b00010111000010011101100111101001 .
#332000000000
0!
0"
1#
0%
0&
1'
#332050000000
1!
1"
0#
1%
1&
0'
b110 )
b11100110001111000110111111010100 .
#332100000000
0!
0"
1#
0%
0&
1'
#332150000000
1!
1"
0#
1%
1&
0'
b101 )
b01110011000111100011011111101010 .
#332200000000
0!
0"
1#
0%
0&
1'
#332250000000
1!
1"
0#
1%
1&
0'
b100 )
b00111001100011110001101111110101 .
#332300000000
0!
0"
1#
0%
0&
1'
#332350000000
1!
1"
0#
1%
1&
0'
b11 )
b11110001011111110000111011011010 .
#332400000000
0!
0"
1#
0%
0&
1'
#332450000000
1!
1"
0#
1%
1&
0'
b10 )
b01111000101111111000011101101101 .
#332500000000
0!
0"
1#
0%
0&
1'
#332550000000
1!
1"
0#
1%
1&
0'
b1 )
b11010001111001110100000010010110 .
#332600000000
0!
0"
1#
0%
0&
1'
#332650000000
1!
1"
0#
1%
1&
0'
b0 )
b01101000111100111010000001001011 .
#332700000000
0!
0"
1#
0%
0&
1'
#332750000000
1!
1"
0#
1%
1&
0'
b111 )
b0 *
b11011001110000010101001100000101 .
#332800000000
0!
0"
1#
0%
0&
1'
#332850000000
1!
1"
0#
1%
1&
0'
b1 ,
#332900000000
0!
0"
1#
0%
0&
1'
#332950000000
1!
1"
0#
1%
1&
0'
b10 ,
1-
#333000000000
0!
0"
0%
0&
#333050000000
1!
1"
1#
1%
1&
1'
b11 ,
0-
#333100000000
0!
0"
0%
0&
#333150000000
1!
1"
0#
1%
1&
0'
b100 ,
1-
#333200000000
0!
0"
0%
0&
#333250000000
1!
1"
1#
1%
1&
1'
b101 ,
#333300000000
0!
0"
0#
0%
0&
0'
#333350000000
1!
1"
1#
1%
1&
1'
b110 ,
#333400000000
0!
0"
0#
0%
0&
0'
#333450000000
1!
1"
1#
1%
1&
1'
b111 ,
#333500000000
0!
0"
0#
0%
0&
0'
#333550000000
1!
1"
1#
1%
1&
1'
b1000 ,
#333600000000
0!
0"
0#
0%
0&
0'
#333650000000
1!
1"
1#
1%
1&
1'
b1001 ,
0-
#333700000000
0!
0"
0%
0&
#333750000000
1!
1"
0#
1%
1&
0'
b1010 ,
#333800000000
0!
0"
1#
0%
0&
1'
#333850000000
1!
1"
0#
1%
1&
0'
b1011 ,
1-
#333900000000
0!
0"
0%
0&
#333950000000
1!
1"
1#
1%
1&
1'
b1100 ,
#334000000000
0!
0"
0#
0%
0&
0'
#334050000000
1!
1"
1#
1%
1&
1'
b1101 ,
0-
#334100000000
0!
0"
0%
0&
#334150000000
1!
1"
0#
1%
1&
0'
b1110 ,
1-
#334200000000
0!
0"
0%
0&
#334250000000
1!
1"
1#
1%
1&
1'
b1111 ,
0-
#334300000000
0!
0"
0%
0&
#334350000000
1!
1"
0#
1%
1&
0'
b10000 ,
1-
#334400000000
0!
0"
0%
0&
#334450000000
1!
1"
1#
1%
1&
1'
b10001 ,
0-
#334500000000
0!
0"
0%
0&
#334550000000
1!
1"
0#
1%
1&
0'
b10010 ,
1-
#334600000000
0!
0"
0%
0&
#334650000000
1!
1"
1#
1%
1&
1'
b10011 ,
#334700000000
0!
0"
0#
0%
0&
0'
#334750000000
1!
1"
1#
1%
1&
1'
b10100 ,
#334800000000
0!
0"
0#
0%
0&
0'
#334850000000
1!
1"
1#
1%
1&
1'
b10101 ,
#334900000000
0!
0"
0#
0%
0&
0'
#334950000000
1!
1"
1#
1%
1&
1'
b10110 ,
#335000000000
0!
0"
0#
0%
0&
0'
#335050000000
1!
1"
1#
1%
1&
1'
b10111 ,
0-
#335100000000
0!
0"
0%
0&
#335150000000
1!
1"
0#
1%
1&
0'
b11000 ,
#335200000000
0!
0"
1#
0%
0&
1'
#335250000000
1!
1"
0#
1%
1&
0'
b11001 ,
#335300000000
0!
0"
1#
0%
0&
1'
#335350000000
1!
1"
0#
1%
1&
0'
b11010 ,
1-
#335400000000
0!
0"
0%
0&
#335450000000
1!
1"
1#
1%
1&
1'
b11011 ,
#335500000000
0!
0"
0#
0%
0&
0'
#335550000000
1!
1"
1#
1%
1&
1'
b11100 ,
0-
#335600000000
0!
0"
0%
0&
#335650000000
1!
1"
0#
1%
1&
0'
b11101 ,
#335700000000
0!
0"
1#
0%
0&
1'
#335750000000
1!
1"
0#
1%
1&
0'
b11110 ,
1-
#335800000000
0!
0"
0%
0&
#335850000000
1!
1"
1#
1%
1&
1'
b11111 ,
0-
#335900000000
0!
0"
0%
0&
#335950000000
1!
1"
0#
0$
1%
1&
0'
0(
b0 ,
#336000000000
0!
0"
0%
0&
#336050000000
1!
1"
1%
1&
b1 +
#336100000000
0!
0"
0%
0&
#336150000000
1!
1"
1%
1&
b10 +
#336200000000
0!
0"
0%
0&
#336250000000
1!
1"
1%
1&
b11 +
#336300000000
0!
0"
0%
0&
#336350000000
1!
1"
1%
1&
b100 +
#336400000000
0!
0"
0%
0&
#336450000000
1!
1"
1%
1&
b101 +
#336500000000
0!
0"
0%
0&
#336550000000
1!
1"
1%
1&
b110 +
#336600000000
0!
0"
0%
0&
#336650000000
1!
1"
1%
1&
b111 +
#336700000000
0!
0"
0%
0&
#336750000000
1!
1"
1%
1&
b1000 +
#336800000000
0!
0"
0%
0&
#336850000000
1!
1"
1%
1&
b1001 +
#336900000000
0!
0"
0%
0&
#336950000000
1!
1"
1%
1&
b1010 +
#337000000000
0!
0"
0%
0&
#337050000000
1!
1"
1%
1&
b1011 +
#337100000000
0!
0"
0%
0&
#337150000000
1!
1"
1%
1&
b1100 +
#337200000000
0!
0"
0%
0&
#337250000000
1!
1"
1%
1&
b1101 +
#337300000000
0!
0"
0%
0&
#337350000000
1!
1"
1%
1&
b1110 +
#337400000000
0!
0"
0%
0&
#337450000000
1!
1"
1%
1&
b1111 +
#337500000000
0!
0"
0%
0&
#337550000000
1!
1"
1%
1&
b10000 +
#337600000000
0!
0"
0%
0&
#337650000000
1!
1"
1%
1&
b10001 +
#337700000000
0!
0"
0%
0&
#337750000000
1!
1"
1%
1&
b10010 +
#337800000000
0!
0"
0%
0&
#337850000000
1!
1"
1%
1&
b10011 +
#337900000000
0!
0"
0%
0&
#337950000000
1!
1"
1%
1&
b10100 +
#338000000000
0!
0"
0%
0&
#338050000000
1!
1"
1%
1&
b10101 +
#338100000000
0!
0"
0%
0&
#338150000000
1!
1"
1%
1&
b10110 +
#338200000000
0!
0"
0%
0&
#338250000000
1!
1"
1%
1&
b10111 +
#338300000000
0!
0"
0%
0&
#338350000000
1!
1"
1%
1&
b11000 +
#338400000000
0!
0"
0%
0&
#338450000000
1!
1"
1%
1&
b11001 +
#338500000000
0!
0"
0%
0&
#338550000000
1!
1"
1%
1&
b11010 +
#338600000000
0!
0"
0%
0&
#338650000000
1!
1"
1%
1&
b11011 +
#338700000000
0!
0"
0%
0&
#338750000000
1!
1"
1%
1&
b11100 +
#338800000000
0!
0"
0%
0&
#338850000000
1!
1"
1%
1&
b11101 +
#338900000000
0!
0"
0%
0&
#338950000000
1!
1"
1%
1&
b11110 +
#339000000000
0!
0"
0%
0&
#339050000000
1!
1"
1%
1&
b11111 +
#339100000000
0!
0"
0%
0&
#339150000000
1!
1"
1%
1&
b100000 +
#339200000000
0!
0"
0%
0&
#339250000000
1!
1"
1%
1&
b100001 +
#339300000000
0!
0"
0%
0&
#339350000000
1!
1"
1%
1&
b100010 +
#339400000000
0!
0"
0%
0&
#339450000000
1!
1"
1%
1&
b100011 +
#339500000000
0!
0"
0%
0&
#339550000000
1!
1"
1%
1&
b100100 +
#339600000000
0!
0"
0%
0&
#339650000000
1!
1"
1%
1&
b100101 +
#339700000000
0!
0"
0%
0&
#339750000000
1!
1"
1%
1&
b100110 +
#339800000000
0!
0"
0%
0&
#339850000000
1!
1"
1%
1&
b100111 +
#339900000000
0!
0"
0%
0&
#339950000000
1!
1"
1%
1&
b101000 +
#340000000000
0!
0"
0%
0&
#340050000000
1!
1"
1%
1&
b101001 +
#340100000000
0!
0"
0%
0&
#340150000000
1!
1"
1%
1&
b101010 +
#340200000000
0!
0"
0%
0&
#340250000000
1!
1"
1%
1&
b101011 +
#340300000000
0!
0"
0%
0&
#340350000000
1!
1"
1%
1&
b101100 +
#340400000000
0!
0"
0%
0&
#340450000000
1!
1"
1%
1&
b101101 +
#340500000000
0!
0"
0%
0&
#340550000000
1!
1"
1%
1&
b101110 +
#340600000000
0!
0"
0%
0&
#340650000000
1!
1"
1%
1&
b101111 +
#340700000000
0!
0"
0%
0&
#340750000000
1!
1"
1%
1&
b110000 +
#340800000000
0!
0"
0%
0&
#340850000000
1!
1"
1%
1&
b110001 +
#340900000000
0!
0"
0%
0&
#340950000000
1!
1"
1%
1&
b110010 +
#341000000000
0!
0"
0%
0&
#341050000000
1!
1"
1%
1&
b110011 +
#341100000000
0!
0"
0%
0&
#341150000000
1!
1"
1%
1&
b110100 +
#341200000000
0!
0"
0%
0&
#341250000000
1!
1"
1%
1&
b110101 +
#341300000000
0!
0"
0%
0&
#341350000000
1!
1"
1%
1&
b110110 +
#341400000000
0!
0"
0%
0&
#341450000000
1!
1"
1%
1&
b110111 +
#341500000000
0!
0"
0%
0&
#341550000000
1!
1"
1%
1&
b111000 +
#341600000000
0!
0"
0%
0&
#341650000000
1!
1"
1%
1&
b111001 +
#341700000000
0!
0"
0%
0&
#341750000000
1!
1"
1%
1&
b111010 +
#341800000000
0!
0"
0%
0&
#341850000000
1!
1"
1%
1&
b111011 +
#341900000000
0!
0"
0%
0&
#341950000000
1!
1"
1%
1&
b111100 +
#342000000000
0!
0"
0%
0&
#342050000000
1!
1"
1%
1&
b111101 +
#342100000000
0!
0"
0%
0&
#342150000000
1!
1"
1%
1&
b111110 +
#342200000000
0!
0"
0%
0&
#342250000000
1!
1"
1%
1&
b111111 +
#342300000000
0!
0"
0%
0&
#342350000000
1!
1"
1%
1&
b1000000 +
#342400000000
0!
0"
0%
0&
#342450000000
1!
1"
1%
1&
b1000001 +
#342500000000
0!
0"
0%
0&
#342550000000
1!
1"
1%
1&
b1000010 +
#342600000000
0!
0"
0%
0&
#342650000000
1!
1"
1%
1&
b1000011 +
#342700000000
0!
0"
0%
0&
#342750000000
1!
1"
1%
1&
b1000100 +
#342800000000
0!
0"
0%
0&
#342850000000
1!
1"
1%
1&
b1000101 +
#342900000000
0!
0"
0%
0&
#342950000000
1!
1"
1%
1&
b1000110 +
#343000000000
0!
0"
0%
0&
#343050000000
1!
1"
1%
1&
b1000111 +
#343100000000
0!
0"
0%
0&
#343150000000
1!
1"
1%
1&
b1001000 +
#343200000000
0!
0"
0%
0&
#343250000000
1!
1"
1%
1&
b1001001 +
#343300000000
0!
0"
0%
0&
#343350000000
1!
1"
1%
1&
b1001010 +
#343400000000
0!
0"
0%
0&
#343450000000
1!
1"
1%
1&
b1001011 +
#343500000000
0!
0"
0%
0&
#343550000000
1!
1"
1%
1&
b1001100 +
#343600000000
0!
0"
0%
0&
#343650000000
1!
1"
1%
1&
b1001101 +
#343700000000
0!
0"
0%
0&
#343750000000
1!
1"
1%
1&
b1001110 +
#343800000000
0!
0"
0%
0&
#343850000000
1!
1"
1%
1&
b1001111 +
#343900000000
0!
0"
0%
0&
#343950000000
1!
1"
1%
1&
b1010000 +
#344000000000
0!
0"
0%
0&
#344050000000
1!
1"
1%
1&
b1010001 +
#344100000000
0!
0"
0%
0&
#344150000000
1!
1"
1%
1&
b1010010 +
#344200000000
0!
0"
0%
0&
#344250000000
1!
1"
1%
1&
b1010011 +
#344300000000
0!
0"
0%
0&
#344350000000
1!
1"
1%
1&
b1010100 +
#344400000000
0!
0"
0%
0&
#344450000000
1!
1"
1%
1&
b1010101 +
#344500000000
0!
0"
0%
0&
#344550000000
1!
1"
1%
1&
b1010110 +
#344600000000
0!
0"
0%
0&
#344650000000
1!
1"
1%
1&
b1010111 +
#344700000000
0!
0"
0%
0&
#344750000000
1!
1"
1%
1&
b1011000 +
#344800000000
0!
0"
0%
0&
#344850000000
1!
1"
1%
1&
b1011001 +
#344900000000
0!
0"
0%
0&
#344950000000
1!
1"
1%
1&
b1011010 +
#345000000000
0!
0"
0%
0&
#345050000000
1!
1"
1%
1&
b1011011 +
#345100000000
0!
0"
0%
0&
#345150000000
1!
1"
1%
1&
b1011100 +
#345200000000
0!
0"
0%
0&
#345250000000
1!
1"
1%
1&
b1011101 +
#345300000000
0!
0"
0%
0&
#345350000000
1!
1"
1%
1&
b1011110 +
#345400000000
0!
0"
0%
0&
#345450000000
1!
1"
1%
1&
b1011111 +
#345500000000
0!
0"
0%
0&
#345550000000
1!
1"
1$
1%
1&
1(
b0 +
#345600000000
0!
0"
1#
0%
0&
1'
#345650000000
1!
1"
0#
1%
1&
0'
b110 )
1-
#345700000000
0!
0"
0%
0&
#345750000000
1!
1"
1#
1%
1&
1'
b101 )
0-
#345800000000
0!
0"
0%
0&
#345850000000
1!
1"
0#
1%
1&
0'
b100 )
1-
#345900000000
0!
0"
0%
0&
#345950000000
1!
1"
1#
1%
1&
1'
b11 )
0-
#346000000000
0!
0"
0%
0&
#346050000000
1!
1"
0#
1%
1&
0'
b10 )
1-
#346100000000
0!
0"
0%
0&
#346150000000
1!
1"
1#
1%
1&
1'
b1 )
0-
#346200000000
0!
0"
0%
0&
#346250000000
1!
1"
0#
1%
1&
0'
b0 )
1-
#346300000000
0!
0"
0%
0&
#346350000000
1!
1"
1#
1%
1&
1'
b111 )
b1 *
0-
#346400000000
0!
0"
0%
0&
#346450000000
1!
1"
0#
1%
1&
0'
b110 )
1-
#346500000000
0!
0"
0%
0&
#346550000000
1!
1"
1#
1%
1&
1'
b101 )
0-
#346600000000
0!
0"
0%
0&
#346650000000
1!
1"
0#
1%
1&
0'
b100 )
1-
#346700000000
0!
0"
0%
0&
#346750000000
1!
1"
1#
1%
1&
1'
b11 )
0-
#346800000000
0!
0"
0%
0&
#346850000000
1!
1"
0#
1%
1&
0'
b10 )
1-
#346900000000
0!
0"
0%
0&
#346950000000
1!
1"
1#
1%
1&
1'
b1 )
0-
#347000000000
0!
0"
0%
0&
#347050000000
1!
1"
0#
1%
1&
0'
b0 )
1-
#347100000000
0!
0"
0%
0&
#347150000000
1!
1"
1#
1%
1&
1'
b111 )
b10 *
0-
#347200000000
0!
0"
0%
0&
#347250000000
1!
1"
0#
1%
1&
0'
b110 )
1-
#347300000000
0!
0"
0%
0&
#347350000000
1!
1"
1#
1%
1&
1'
b101 )
0-
#347400000000
0!
0"
0%
0&
#347450000000
1!
1"
0#
1%
1&
0'
b100 )
1-
#347500000000
0!
0"
0%
0&
#347550000000
1!
1"
1#
1%
1&
1'
b11 )
0-
#347600000000
0!
0"
0%
0&
#347650000000
1!
1"
0#
1%
1&
0'
b10 )
1-
#347700000000
0!
0"
0%
0&
#347750000000
1!
1"
1#
1%
1&
1'
b1 )
0-
#347800000000
0!
0"
0%
0&
#347850000000
1!
1"
0#
1%
1&
0'
b0 )
1-
#347900000000
0!
0"
0%
0&
#347950000000
1!
1"
1#
1%
1&
1'
b111 )
b11 *
0-
#348000000000
0!
0"
0%
0&
#348050000000
1!
1"
0#
1%
1&
0'
b110 )
1-
#348100000000
0!
0"
0%
0&
#348150000000
1!
1"
1#
1%
1&
1'
b101 )
0-
#348200000000
0!
0"
0%
0&
#348250000000
1!
1"
0#
1%
1&
0'
b100 )
1-
#348300000000
0!
0"
0%
0&
#348350000000
1!
1"
1#
1%
1&
1'
b11 )
0-
#348400000000
0!
0"
0%
0&
#348450000000
1!
1"
0#
1%
1&
0'
b10 )
1-
#348500000000
0!
0"
0%
0&
#348550000000
1!
1"
1#
1%
1&
1'
b1 )
0-
#348600000000
0!
0"
0%
0&
#348650000000
1!
1"
0#
1%
1&
0'
b0 )
1-
#348700000000
0!
0"
0%
0&
#348750000000
1!
1"
1#
1%
1&
1'
b111 )
b100 *
0-
#348800000000
0!
0"
0%
0&
#348850000000
1!
1"
0#
1%
1&
0'
b110 )
1-
#348900000000
0!
0"
0%
0&
#348950000000
1!
1"
1#
1%
1&
1'
b101 )
0-
#349000000000
0!
0"
0%
0&
#349050000000
1!
1"
0#
1%
1&
0'
b100 )
1-
#349100000000
0!
0"
0%
0&
#349150000000
1!
1"
1#
1%
1&
1'
b11 )
0-
#349200000000
0!
0"
0%
0&
#349250000000
1!
1"
0#
1%
1&
0'
b10 )
1-
#349300000000
0!
0"
0%
0&
#349350000000
1!
1"
1#
1%
1&
1'
b1 )
0-
#349400000000
0!
0"
0%
0&
#349450000000
1!
1"
0#
1%
1&
0'
b0 )
1-
#349500000000
0!
0"
0%
0&
#349550000000
1!
1"
1#
1%
1&
1'
b111 )
b101 *
0-
#349600000000
0!
0"
0%
0&
#349650000000
1!
1"
0#
1%
1&
0'
b110 )
1-
#349700000000
0!
0"
0%
0&
#349750000000
1!
1"
1#
1%
1&
1'
b101 )
0-
#349800000000
0!
0"
0%
0&
#349850000000
1!
1"
0#
1%
1&
0'
b100 )
1-
#349900000000
0!
0"
0%
0&
#349950000000
1!
1"
1#
1%
1&
1'
b11 )
0-
#350000000000
0!
0"
0%
0&
#350050000000
1!
1"
0#
1%
1&
0'
b10 )
1-
#350100000000
0!
0"
0%
0&
#350150000000
1!
1"
1#
1%
1&
1'
b1 )
0-
#350200000000
0!
0"
0%
0&
#350250000000
1!
1"
0#
1%
1&
0'
b0 )
1-
#350300000000
0!
0"
0%
0&
#350350000000
1!
1"
1#
1%
1&
1'
b111 )
b110 *
0-
#350400000000
0!
0"
0%
0&
#350450000000
1!
1"
0#
1%
1&
0'
b110 )
1-
#350500000000
0!
0"
0%
0&
#350550000000
1!
1"
1#
1%
1&
1'
b101 )
0-
#350600000000
0!
0"
0%
0&
#350650000000
1!
1"
0#
1%
1&
0'
b100 )
1-
#350700000000
0!
0"
0%
0&
#350750000000
1!
1"
1#
1%
1&
1'
b11 )
0-
#350800000000
0!
0"
0%
0&
#350850000000
1!
1"
0#
1%
1&
0'
b10 )
1-
#350900000000
0!
0"
0%
0&
#350950000000
1!
1"
1#
1%
1&
1'
b1 )
0-
#351000000000
0!
0"
0%
0&
#351050000000
1!
1"
0#
1%
1&
0'
b0 )
1-
#351100000000
0!
0"
0%
0&
#351150000000
1!
1"
1#
1%
1&
1'
b111 )
b0 *
0-
#351200000000
0!
0"
0%
0&
#351250000000
1!
1"
0#
1%
1&
0'
b110 )
1-
#351300000000
0!
0"
0%
0&
#351350000000
1!
1"
1#
1%
1&
1'
b101 )
0-
#351400000000
0!
0"
0%
0&
#351450000000
1!
1"
0#
1%
1&
0'
b100 )
1-
#351500000000
0!
0"
0%
0&
#351550000000
1!
1"
1#
1%
1&
1'
b11 )
0-
#351600000000
0!
0"
0%
0&
#351650000000
1!
1"
0#
1%
1&
0'
b10 )
1-
#351700000000
0!
0"
0%
0&
#351750000000
1!
1"
1#
1%
1&
1'
b1 )
0-
#351800000000
0!
0"
0%
0&
#351850000000
1!
1"
0#
1%
1&
0'
b0 )
1-
#351900000000
0!
0"
0%
0&
#351950000000
1!
1"
1#
1%
1&
1'
b111 )
b11111111111111111111111111111111 .
#352000000000
0!
0"
0#
0%
0&
0'
#352050000000
1!
1"
1#
1%
1&
1'
b110 )
b01111111111111111111111111111111 .
#352100000000
0!
0"
0#
0%
0&
0'
#352150000000
1!
1"
1#
1%
1&
1'
b101 )
b00111111111111111111111111111111 .
#352200000000
0!
0"
0#
0%
0&
0'
#352250000000
1!
1"
1#
1%
1&
1'
b100 )
b00011111111111111111111111111111 .
#352300000000
0!
0"
0#
0%
0&
0'
#352350000000
1!
1"
1#
1%
1&
1'
b11 )
b00001111111111111111111111111111 .
#352400000000
0!
0"
0#
0%
0&
0'
#352450000000
1!
1"
1#
1%
1&
1'
b10 )
b00000111111111111111111111111111 .
#352500000000
0!
0"
0#
0%
0&
0'
#352550000000
1!
1"
1#
1%
1&
1'
b1 )
b00000011111111111111111111111111 .
#352600000000
0!
0"
0#
0%
0&
0'
#352650000000
1!
1"
1#
1%
1&
1'
b0 )
b00000001111111111111111111111111 .
#352700000000
0!
0"
0#
0%
0&
0'
#352750000000
1!
1"
1#
1%
1&
1'
b111 )
b1 *
b00000000111111111111111111111111 .
#352800000000
0!
0"
0#
0%
0&
0'
#352850000000
1!
1"
1#
1%
1&
1'
b110 )
b00000000011111111111111111111111 .
#352900000000
0!
0"
0#
0%
0&
0'
#352950000000
1!
1"
1#
1%
1&
1'
b101 )
b00000000001111111111111111111111 .
#353000000000
0!
0"
0#
0%
0&
0'
#353050000000
1!
1"
1#
1%
1&
1'
b100 )
b00000000000111111111111111111111 .
#353100000000
0!
0"
0#
0%
0&
0'
#353150000000
1!
1"
1#
1%
1&
1'
b11 )
b00000000000011111111111111111111 .
#353200000000
0!
0"
0#
0%
0&
0'
#353250000000
1!
1"
1#
1%
1&
1'
b10 )
b00000000000001111111111111111111 .
#353300000000
0!
0"
0#
0%
0&
0'
#353350000000
1!
1"
1#
1%
1&
1'
b1 )
b00000000000000111111111111111111 .
#353400000000
0!
0"
0#
0%
0&
0'
#353450000000
1!
1"
1#
1%
1&
1'
b0 )
b00000000000000011111111111111111 .
#353500000000
0!
0"
0#
0%
0&
0'
#353550000000
1!
1"
1#
1%
1&
1'
b111 )
b10 *
b00000000000000001111111111111111 .
#353600000000
0!
0"
0#
0%
0&
0'
#353650000000
1!
1"
1#
1%
1&
1'
b110 )
b00000000000000000111111111111111 .
#353700000000
0!
0"
0#
0%
0&
0'
#353750000000
1!
1"
1#
1%
1&
1'
b101 )
b00000000000000000011111111111111 .
#353800000000
0!
0"
0#
0%
0&
0'
#353850000000
1!
1"
1#
1%
1&
1'
b100 )
b00000000000000000001111111111111 .
#353900000000
0!
0"
0#
0%
0&
0'
#353950000000
1!
1"
1#
1%
1&
1'
b11 )
b00000000000000000000111111111111 .
#354000000000
0!
0"
0#
0%
0&
0'
#354050000000
1!
1"
1#
1%
1&
1'
b10 )
b00000000000000000000011111111111 .
#354100000000
0!
0"
0#
0%
0&
0'
#354150000000
1!
1"
1#
1%
1&
1'
b1 )
b00000000000000000000001111111111 .
#354200000000
0!
0"
0#
0%
0&
0'
#354250000000
1!
1"
1#
1%
1&
1'
b0 )
b00000000000000000000000111111111 .
#354300000000
0!
0"
0#
0%
0&
0'
#354350000000
1!
1"
1#
1%
1&
1'
b111 )
b11 *
b00000000000000000000000011111111 .
#354400000000
0!
0"
0#
0%
0&
0'
#354450000000
1!
1"
1#
1%
1&
1'
b110 )
b00000000000000000000000001111111 .
#354500000000
0!
0"
0#
0%
0&
0'
#354550000000
1!
1"
1#
1%
1&
1'
b101 )
b00000000000000000000000000111111 .
#354600000000
0!
0"
0#
0%
0&
0'
#354650000000
1!
1"
1#
1%
1&
1'
b100 )
b00000000000000000000000000011111 .
#354700000000
0!
0"
0#
0%
0&
0'
#354750000000
1!
1"
1#
1%
1&
1'
b11 )
b00000000000000000000000000001111 .
#354800000000
0!
0"
0#
0%
0&
0'
#354850000000
1!
1"
1#
1%
1&
1'
b10 )
b00000000000000000000000000000111 .
#354900000000
0!
0"
0#
0%
0&
0'
#354950000000
1!
1"
1#
1%
1&
1'
b1 )
b00000000000000000000000000000011 .
#355000000000
0!
0"
0#
0%
0&
0'
#355050000000
1!
1"
1#
1%
1&
1'
b0 )
b00000000000000000000000000000001 .
#355100000000
0!
0"
0#
0%
0&
0'
#355150000000
1!
1"
1#
1%
1&
1'
b111 )
b100 *
b00000000000000000000000000000000 .
#355200000000
0!
0"
0#
0%
0&
0'
#355250000000
1!
1"
1#
1%
1&
1'
b110 )
b11101101101110001000001100100000 .
#355300000000
0!
0"
0#
0%
0&
0'
#355350000000
1!
1"
1#
1%
1&
1'
b101 )
b10011011011001001100001010110000 .
#355400000000
0!
0"
0#
0%
0&
0'
#355450000000
1!
1"
1#
1%
1&
1'
b100 )
b10100000000010101110001001111000 .
#355500000000
0!
0"
0#
0%
0&
0'
#355550000000
1!
1"
1#
1%
1&
1'
b11 )
b10111101101111011111001000011100 .
#355600000000
0!
0"
0#
0%
0&
0'
#355650000000
1!
1"
1#
1%
1&
1'
b10 )
b10110011011001100111101000101110 .
#355700000000
0!
0"
0#
0%
0&
0'
#355750000000
1!
1"
1#
1%
1&
1'
b1 )
b10110100000010111011111000110111 .
#355800000000
0!
0"
0#
0%
0&
0'
#355850000000
1!
1"
1#
1%
1&
1'
b0 )
b01011010000001011101111100011011 .
#355900000000
0!
0"
0#
0%
0&
0'
#355950000000
1!
1"
1#
1%
1&
1'
b111 )
b101 *
b00101101000000101110111110001101 .
#356000000000
0!
0"
0#
0%
0&
0'
#356050000000
1!
1"
1#
1%
1&
1'
b110 )
b00010110100000010111011111000110 .
#356100000000
0!
0"
0#
0%
0&
0'
#356150000000
1!
1"
1#
1%
1&
1'
b101 )
b11100110111110000011100011000011 .
#356200000000
0!
0"
0#
0%
0&
0'
#356250000000
1!
1"
1#
1%
1&
1'
b100 )
b01110011011111000001110001100001 .
#356300000000
0!
0"
0#
0%
0&
0'
#356350000000
1!
1"
1#
1%
1&
1'
b11 )
b00111001101111100000111000110000 .
#356400000000
0!
0"
0#
0%
0&
0'
#356450000000
1!
1"
1#
1%
1&
1'
b10 )
b11110001011001111000010000111000 .
#356500000000
0!
0"
0#
0%
0&
0'
#356550000000
1!
1"
1#
1%
1&
1'
b1 )
b10010101000010110100000100111100 .
#356600000000
0!
0"
0#
0%
0&
0'
#356650000000
1!
1"
1#
1%
1&
1'
b0 )
b10100111001111010010001110111110 .
#356700000000
0!
0"
0#
0%
0&
0'
#356750000000
1!
1"
1#
1%
1&
1'
b111 )
b0 *
b10111110001001100001001011111111 .
#356800000000
0!
0"
0#
0%
0&
0'
#356850000000
1!
1"
1#
1%
1&
1'
b110 )
0-
b10110010101010111000101001011111 .
#356900000000
0!
0"
0%
0&
#356950000000
1!
1"
0#
1%
1&
0'
b101 )
b10110100111011010100011000001111 .
#357000000000
0!
0"
1#
0%
0&
1'
#357050000000
1!
1"
0#
1%
1&
0'
b100 )
b10110111110011100010000000100111 .
#357100000000
0!
0"
1#
0%
0&
1'
#357150000000
1!
1"
0#
1%
1&
0'
b11 )
b10110110010111111001001100110011 .
#357200000000
0!
0"
1#
0%
0&
1'
#357250000000
1!
1"
0#
1%
1&
0'
b10 )
1-
b01011011001011111100100110011001 .
#357300000000
0!
0"
0%
0&
#357350000000
1!
1"
1#
1%
1&
1'
b1 )
0-
b11000000001011110110011111101100 .
#357400000000
0!
0"
0%
0&
#357450000000
1!
1"
0#
1%
1&
0'
b0 )
b01100000000101111011001111110110 .
#357500000000
0!
0"
1#
0%
0&
1'
#357550000000
1!
1"
0#
1%
1&
0'
b111 )
b1 *
b00110000000010111101100111111011 .
#357600000000
0!
0"
1#
0%
0&
1'
#357650000000
1!
1"
0#
1%
1&
0'
b110 )
b11110101101111010110111111011101 .
#357700000000
0!
0"
1#
0%
0&
1'
#357750000000
1!
1"
0#
1%
1&
0'
b101 )
1-
b01111010110111101011011111101110 .
#357800000000
0!
0"
0%
0&
#357850000000
1!
1"
1#
1%
1&
1'
b100 )
0-
b00111101011011110101101111110111 .
#357900000000
0!
0"
0%
0&
#357950000000
1!
1"
0#
1%
1&
0'
b11 )
b11110011000011110010111011011011 .
#358000000000
0!
0"
1#
0%
0&
1'
#358050000000
1!
1"
0#
1%
1&
0'
b10 )
b10010100001111110001010001001101 .
#358100000000
0!
0"
1#
0%
0&
1'
#358150000000
1!
1"
0#
1%
1&
0'
b1 )
b10100111101001110000100100000110 .
#358200000000
0!
0"
1#
0%
0&
1'
#358250000000
1!
1"
0#
1%
1&
0'
b0 )
b01010011110100111000010010000011 .
#358300000000
0!
0"
1#
0%
0&
1'
#358350000000
1!
1"
0#
1%
1&
0'
b111 )
b10 *
1-
b00101001111010011100001001000001 .
#358400000000
0!
0"
0%
0&
#358450000000
1!
1"
1#
1%
1&
1'
b110 )
0-
b11111001010011000110001000000000 .
#358500000000
0!
0"
0%
0&
#358550000000
1!
1"
0#
1%
1&
0'
b101 )
1-
b10010001000111101011001000100000 .
#358600000000
0!
0"
0%
0&
#358650000000
1!
1"
1#
1%
1&
1'
b100 )
b10100101001101111101101000110000 .
#358700000000
0!
0"
0#
0%
0&
0'
#358750000000
1!
1"
1#
1%
1&
1'
b11 )
0-
b01010010100110111110110100011000 .
#358800000000
0!
0"
0%
0&
#358850000000
1!
1"
0#
1%
1&
0'
b10 )
b00101001010011011111011010001100 .
#358900000000
0!
0"
1#
0%
0&
1'
#358950000000
1!
1"
0#
1%
1&
0'
b1 )
b00010100101001101111101101000110 .
#359000000000
0!
0"
1#
0%
0&
1'
#359050000000
1!
1"
0#
1%
1&
0'
b0 )
b00001010010100110111110110100011 .
#359100000000
0!
0"
1#
0%
0&
1'
#359150000000
1!
1"
0#
1%
1&
0'
b111 )
b11 *
1-
b00000101001010011011111011010001 .
#359200000000
0!
0"
0%
0&
#359250000000
1!
1"
1#
1%
1&
1'
b110 )
0-
b11101111001011000101110001001000 .
#359300000000
0!
0"
0%
0&
#359350000000
1!
1"
0#
1%
1&
0'
b101 )
b01110111100101100010111000100100 .
#359400000000
0!
0"
1#
0%
0&
1'
#359450000000
1!
1"
0#
1%
1&
0'
b100 )
b00111011110010110001011100010010 .
#359500000000
0!
0"
1#
0%
0&
1'
#359550000000
1!
1"
0#
1%
1&
0'
b11 )
1-
b11110000010111010000100010101001 .
#359600000000
0!
0"
0%
0&
#359650000000
1!
1"
1#
1%
1&
1'
b10 )
b01111000001011101000010001010100 .
#359700000000
0!
0"
0#
0%
0&
0'
#359750000000
1!
1"
1#
1%
1&
1'
b1 )
0-
b00111100000101110100001000101010 .
#359800000000
0!
0"
0%
0&
#359850000000
1!
1"
0#
1%
1&
0'
b0 )
b00011110000010111010000100010101 .
#359900000000
0!
0"
1#
0%
0&
1'
#359950000000
1!
1"
0#
1%
1&
0'
b111 )
b100 *
b11100010101111010101001110101010 .
#360000000000
0!
0"
1#
0%
0&
1'
#360050000000
1!
1"
0#
1%
1&
0'
b110 )
b01110001010111101010100111010101 .
#360100000000
0!
0"
1#
0%
0&
1'
#360150000000
1!
1"
0#
1%
1&
0'
b101 )
1-
b00111000101011110101010011101010 .
#360200000000
0!
0"
0%
0&
#360250000000
1!
1"
1#
1%
1&
1'
b100 )
0-
b00011100010101111010101001110101 .
#360300000000
0!
0"
0%
0&
#360350000000
1!
1"
0#
1%
1&
0'
b11 )
1-
b00001110001010111101010100111010 .
#360400000000
0!
0"
0%
0&
#360450000000
1!
1"
1#
1%
1&
1'
b10 )
0-
b00000111000101011110101010011101 .
#360500000000
0!
0"
0%
0&
#360550000000
1!
1"
0#
1%
1&
0'
b1 )
1-
b00000011100010101111010101001110 .
#360600000000
0!
0"
0%
0&
#360650000000
1!
1"
1#
1%
1&
1'
b0 )
b11101100011111011111100110000111 .
#360700000000
0!
0"
0#
0%
0&
0'
#360750000000
1!
1"
1#
1%
1&
1'
b111 )
b101 *
b01110110001111101111110011000011 .
#360800000000
0!
0"
0#
0%
0&
0'
#360850000000
1!
1"
1#
1%
1&
1'
b110 )
0-
b11010110101001111111110101000001 .
#360900000000
0!
0"
0%
0&
#360950000000
1!
1"
0#
1%
1&
0'
b101 )
b10000110111010110111110110000000 .
#361000000000
0!
0"
1#
0%
0&
1'
#361050000000
1!
1"
0#
1%
1&
0'
b100 )
b01000011011101011011111011000000 .
#361100000000
0!
0"
1#
0%
0&
1'
#361150000000
1!
1"
0#
1%
1&
0'
b11 )
1-
b11001100000000100101110001000000 .
#361200000000
0!
0"
0%
0&
#361250000000
1!
1"
1#
1%
1&
1'
b10 )
0-
b01100110000000010010111000100000 .
#361300000000
0!
0"
0%
0&
#361350000000
1!
1"
0#
1%
1&
0'
b1 )
b00110011000000001001011100010000 .
#361400000000
0!
0"
1#
0%
0&
1'
#361450000000
1!
1"
0#
1%
1&
0'
b0 )
b00011001100000000100101110001000 .
#361500000000
0!
0"
1#
0%
0&
1'
#361550000000
1!
1"
0#
1%
1&
0'
b111 )
b0 *
b00001100110000000010010111000100 .
#361600000000
0!
0"
1#
0%
0&
1'
#361650000000
1!
1"
0#
1%
1&
0'
b110 )
b00000110011000000001001011100010 .
#361700000000
0!
0"
1#
0%
0&
1'
#361750000000
1!
1"
0#
1%
1&
0'
b101 )
b00000011001100000000100101110001 .
#361800000000
0!
0"
1#
0%
0&
1'
#361850000000
1!
1"
0#
1%
1&
0'
b100 )
b11101100001000001000011110011000 .
#361900000000
0!
0"
1#
0%
0&
1'
#361950000000
1!
1"
0#
1%
1&
0'
b11 )
1-
b10011011101010001100000011101100 .
#362000000000
0!
0"
0%
0&
#362050000000
1!
1"
1#
1%
1&
1'
b10 )
0-
b01001101110101000110000001110110 .
#362100000000
0!
0"
0%
0&
#362150000000
1!
1"
0#
1%
1&
0'
b1 )
b00100110111010100011000000111011 .
#362200000000
0!
0"
1#
0%
0&
1'
#362250000000
1!
1"
0#
1%
1&
0'
b0 )
b11111110110011011001101100111101 .
#362300000000
0!
0"
1#
0%
0&
1'
#362350000000
1!
1"
0#
1%
1&
0'
b111 )
b1 *
1-
b01111111011001101100110110011110 .
#362400000000
0!
0"
0%
0&
#362450000000
1!
1"
1#
1%
1&
1'
b110 )
b11010010000010111110010111101111 .
#362500000000
0!
0"
0#
0%
0&
0'
#362550000000
1!
1"
1#
1%
1&
1'
b101 )
0-
b10000100101111010111000111010111 .
#362600000000
0!
0"
0%
0&
#362650000000
1!
1"
0#
1%
1&
0'
b100 )
1-
b01000010010111101011100011101011 .
#362700000000
0!
0"
0%
0&
#362750000000
1!
1"
1#
1%
1&
1'
b11 )
0-
b11001100100101111101111101010101 .
#362800000000
0!
0"
0%
0&
#362850000000
1!
1"
0#
1%
1&
0'
b10 )
1-
b01100110010010111110111110101010 .
#362900000000
0!
0"
0%
0&
#362950000000
1!
1"
1#
1%
1&
1'
b1 )
b11011110100111010111010011110101 .
#363000000000
0!
0"
0#
0%
0&
0'
#363050000000
1!
1"
1#
1%
1&
1'
b0 )
0-
b10000010111101100011100101011010 .
#363100000000
0!
0"
0%
0&
#363150000000
1!
1"
0#
1%
1&
0'
b111 )
b0 *
1-
b10101100110000111001111110001101 .
#363200000000
0!
0"
0%
0&
#363250000000
1!
1"
1#
1%
1&
1'
b110 )
0-
b10111011110110010100110011100110 .
#363300000000
0!
0"
0%
0&
#363350000000
1!
1"
0#
1%
1&
0'
b101 )
b01011101111011001010011001110011 .
#363400000000
0!
0"
1#
0%
0&
1'
#363450000000
1!
1"
0#
1%
1&
0'
b100 )
b11000011010011101101000000011001 .
#363500000000
0!
0"
1#
0%
0&
1'
#363550000000
1!
1"
0#
1%
1&
0'
b11 )
b10001100000111111110101100101100 .
#363600000000
0!
0"
1#
0%
0&
1'
#363650000000
1!
1"
0#
1%
1&
0'
b10 )
b01000110000011111111010110010110 .
#363700000000
0!
0"
1#
0%
0&
1'
#363750000000
1!
1"
0#
1%
1&
0'
b1 )
b00100011000001111111101011001011 .
#363800000000
0!
0"
1#
0%
0&
1'
#363850000000
1!
1"
0#
1%
1&
0'
b0 )
b11111100001110110111111001000101 .
#363900000000
0!
0"
1#
0%
0&
1'
#363950000000
1!
1"
0#
1%
1&
0'
b111 )
b1 *
b10010011101001010011110000000010 .
#364000000000
0!
0"
1#
0%
0&
1'
#364050000000
1!
1"
0#
1%
1&
0'
b110 )
b01001001110100101001111000000001 .
#364100000000
0!
0"
1#
0%
0&
1'
#364150000000
1!
1"
0#
1%
1&
0'
b101 )
b11001001010100011100110000100000 .
#364200000000
0!
0"
1#
0%
0&
1'
#364250000000
1!
1"
0#
1%
1&
0'
b100 )
b01100100101010001110011000010000 .
#364300000000
0!
0"
1#
0%
0&
1'
#364350000000
1!
1"
0#
1%
1&
0'
b11 )
b00110010010101000111001100001000 .
#364400000000
0!
0"
1#
0%
0&
1'
#364450000000
1!
1"
0#
1%
1&
0'
b10 )
b00011001001010100011100110000100 .
#364500000000
0!
0"
1#
0%
0&
1'
#364550000000
1!
1"
0#
1%
1&
0'
b1 )
b00001100100101010001110011000010 .
#364600000000
0!
0"
1#
0%
0&
1'
#364650000000
1!
1"
0#
1%
1&
0'
b0 )
b00000110010010101000111001100001 .
#364700000000
0!
0"
1#
0%
0&
1'
#364750000000
1!
1"
0#
1%
1&
0'
b111 )
b10 *
b11101110100111011100010000010000 .
#364800000000
0!
0"
1#
0%
0&
1'
#364850000000
1!
1"
0#
1%
1&
0'
b110 )
b01110111010011101110001000001000 .
#364900000000
0!
0"
1#
0%
0&
1'
#364950000000
1!
1"
0#
1%
1&
0'
b101 )
b00111011101001110111000100000100 .
#365000000000
0!
0"
1#
0%
0&
1'
#365050000000
1!
1"
0#
1%
1&
0'
b100 )
b00011101110100111011100010000010 .
#365100000000
0!
0"
1#
0%
0&
1'
#365150000000
1!
1"
0#
1%
1&
0'
b11 )
b00001110111010011101110001000001 .
#365200000000
0!
0"
1#
0%
0&
1'
#365250000000
1!
1"
0#
1%
1&
0'
b10 )
b11101010110011000110110100000000 .
#365300000000
0!
0"
1#
0%
0&
1'
#365350000000
1!
1"
0#
1%
1&
0'
b1 )
b01110101011001100011011010000000 .
#365400000000
0!
0"
1#
0%
0&
1'
#365450000000
1!
1"
0#
1%
1&
0'
b0 )
b00111010101100110001101101000000 .
#365500000000
0!
0"
1#
0%
0&
1'
#365550000000
1!
1"
0#
1%
1&
0'
b111 )
b11 *
b00011101010110011000110110100000 .
#365600000000
0!
0"
1#
0%
0&
1'
#365650000000
1!
1"
0#
1%
1&
0'
b110 )
b00001110101011001100011011010000 .
#365700000000
0!
0"
1#
0%
0&
1'
#365750000000
1!
1"
0#
1%
1&
0'
b101 )
b00000111010101100110001101101000 .
#365800000000
0!
0"
1#
0%
0&
1'
#365850000000
1!
1"
0#
1%
1&
0'
b100 )
b00000011101010110011000110110100 .
#365900000000
0!
0"
1#
0%
0&
1'
#365950000000
1!
1"
0#
1%
1&
0'
b11 )
b00000001110101011001100011011010 .
#366000000000
0!
0"
1#
0%
0&
1'
#366050000000
1!
1"
0#
1%
1&
0'
b10 )
b00000000111010101100110001101101 .
#366100000000
0!
0"
1#
0%
0&
1'
#366150000000
1!
1"
0#
1%
1&
0'
b1 )
b11101101110011011110010100010110 .
#366200000000
0!
0"
1#
0%
0&
1'
#366250000000
1!
1"
0#
1%
1&
0'
b0 )
b01110110111001101111001010001011 .
#366300000000
0!
0"
1#
0%
0&
1'
#366350000000
1!
1"
0#
1%
1&
0'
b111 )
b100 *
b11010110110010111111101001100101 .
#366400000000
0!
0"
1#
0%
0&
1'
#366450000000
1!
1"
0#
1%
1&
0'
b110 )
b10000110110111010111111000010010 .
#366500000000
0!
0"
1#
0%
0&
1'
#366550000000
1!
1"
0#
1%
1&
0'
b101 )
b01000011011011101011111100001001 .
#366600000000
0!
0"
1#
0%
0&
1'
#366650000000
1!
1"
0#
1%
1&
0'
b100 )
b11001100000011111101110010100100 .
#366700000000
0!
0"
1#
0%
0&
1'
#366750000000
1!
1"
0#
1%
1&
0'
b11 )
b01100110000001111110111001010010 .
#366800000000
0!
0"
1#
0%
0&
1'
#366850000000
1!
1"
0#
1%
1&
0'
b10 )
b00110011000000111111011100101001 .
#366900000000
0!
0"
1#
0%
0&
1'
#366950000000
1!
1"
0#
1%
1&
0'
b1 )
b11110100001110010111100010110100 .
#367000000000
0!
0"
1#
0%
0&
1'
#367050000000
1!
1"
0#
1%
1&
0'
b0 )
b01111010000111001011110001011010 .
#367100000000
0!
0"
1#
0%
0&
1'
#367150000000
1!
1"
0#
1%
1&
0'
b111 )
b101 *
b00111101000011100101111000101101 .
#367200000000
0!
0"
1#
0%
0&
1'
#367250000000
1!
1"
0#
1%
1&
0'
b110 )
b11110011001111111010110000110110 .
#367300000000
0!
0"
1#
0%
0&
1'
#367350000000
1!
1"
0#
1%
1&
0'
b101 )
b01111001100111111101011000011011 .
#367400000000
0!
0"
1#
0%
0&
1'
#367450000000
1!
1"
0#
1%
1&
0'
b100 )
b11010001011101110110100000101101 .
#367500000000
0!
0"
1#
0%
0&
1'
#367550000000
1!
1"
0#
1%
1&
0'
b11 )
b10000101000000110011011100110110 .
#367600000000
0!
0"
1#
0%
0&
1'
#367650000000
1!
1"
0#
1%
1&
0'
b10 )
b01000010100000011001101110011011 .
#367700000000
0!
0"
1#
0%
0&
1'
#367750000000
1!
1"
0#
1%
1&
0'
b1 )
b11001100111110000100111011101101 .
#367800000000
0!
0"
1#
0%
0&
1'
#367850000000
1!
1"
0#
1%
1&
0'
b0 )
b10001011110001001010010001010110 .
#367900000000
0!
0"
1#
0%
0&
1'
#367950000000
1!
1"
0#
1%
1&
0'
b111 )
b110 *
b01000101111000100101001000101011 .
#368000000000
0!
0"
1#
0%
0&
1'
#368050000000
1!
1"
0#
1%
1&
0'
b110 )
b11001111010010011010101000110101 .
#368100000000
0!
0"
1#
0%
0&
1'
#368150000000
1!
1"
0#
1%
1&
0'
b101 )
b10001010000111000101011000111010 .
#368200000000
0!
0"
1#
0%
0&
1'
#368250000000
1!
1"
0#
1%
1&
0'
b100 )
b01000101000011100010101100011101 .
#368300000000
0!
0"
1#
0%
0&
1'
#368350000000
1!
1"
0#
1%
1&
0'
b11 )
b11001111001111111001011010101110 .
#368400000000
0!
0"
1#
0%
0&
1'
#368450000000
1!
1"
0#
1%
1&
0'
b10 )
b01100111100111111100101101010111 .
#368500000000
0!
0"
1#
0%
0&
1'
#368550000000
1!
1"
0#
1%
1&
0'
b1 )
b11011110011101110110011010001011 .
#368600000000
0!
0"
1#
0%
0&
1'
#368650000000
1!
1"
0#
1%
1&
0'
b0 )
b10000010100000110011000001100101 .
#368700000000
0!
0"
1#
0%
0&
1'
#368750000000
1!
1"
0#
1%
1&
0'
b111 )
b111 *
b10101100111110010001101100010010 .
#368800000000
0!
0"
1#
0%
0&
1'
#368850000000
1!
1"
0#
1%
1&
0'
b110 )
b01010110011111001000110110001001 .
#368900000000
0!
0"
1#
0%
0&
1'
#368950000000
1!
1"
0#
1%
1&
0'
b101 )
b11000110100001101100010111100100 .
#369000000000
0!
0"
1#
0%
0&
1'
#369050000000
1!
1"
0#
1%
1&
0'
b100 )
b01100011010000110110001011110010 .
#369100000000
0!
0"
1#
0%
0&
1'
#369150000000
1!
1"
0#
1%
1&
0'
b11 )
b00110001101000011011000101111001 .
#369200000000
0!
0"
1#
0%
0&
1'
#369250000000
1!
1"
0#
1%
1&
0'
b10 )
b11110101011010000101101110011100 .
#369300000000
0!
0"
1#
0%
0&
1'
#369350000000
1!
1"
0#
1%
1&
0'
b1 )
b01111010101101000010110111001110 .
#369400000000
0!
0"
1#
0%
0&
1'
#369450000000
1!
1"
0#
1%
1&
0'
b0 )
b00111101010110100001011011100111 .
#369500000000
0!
0"
1#
0%
0&
1'
#369550000000
1!
1"
0#
1%
1&
0'
b111 )
b1000 *
b11110011000101011000100001010011 .
#369600000000
0!
0"
1#
0%
0&
1'
#369650000000
1!
1"
0#
1%
1&
0'
b110 )
b10010100001100100100011100001001 .
#369700000000
0!
0"
1#
0%
0&
1'
#369750000000
1!
1"
0#
1%
1&
0'
b101 )
b10100111101000011010000010100100 .
#369800000000
0!
0"
1#
0%
0&
1'
#369850000000
1!
1"
0#
1%
1&
0'
b100 )
b01010011110100001101000001010010 .
#369900000000
0!
0"
1#
0%
0&
1'
#369950000000
1!
1"
0#
1%
1&
0'
b11 )
b00101001111010000110100000101001 .
#370000000000
0!
0"
1#
0%
0&
1'
#370050000000
1!
1"
0#
1%
1&
0'
b10 )
b11111001010011001011011100110100 .
#370100000000
0!
0"
1#
0%
0&
1'
#370150000000
1!
1"
0#
1%
1&
0'
b1 )
b01111100101001100101101110011010 .
#370200000000
0!
0"
1#
0%
0&
1'
#370250000000
1!
1"
0#
1%
1&
0'
b0 )
b00111110010100110010110111001101 .
#370300000000
0!
0"
1#
0%
0&
1'
#370350000000
1!
1"
0#
1%
1&
0'
b111 )
b1001 *
b11110010100100010001010111000110 .
#370400000000
0!
0"
1#
0%
0&
1'
#370450000000
1!
1"
0#
1%
1&
0'
b110 )
b01111001010010001000101011100011 .
#370500000000
0!
0"
1#
0%
0&
1'
#370550000000
1!
1"
0#
1%
1&
0'
b101 )
b11010001000111001100011001010001 .
#370600000000
0!
0"
1#
0%
0&
1'
#370650000000
1!
1"
0#
1%
1&
0'
b100 )
b10000101001101101110000000001000 .
#370700000000
0!
0"
1#
0%
0&
1'
#370750000000
1!
1"
0#
1%
1&
0'
b11 )
b01000010100110110111000000000100 .
#370800000000
0!
0"
1#
0%
0&
1'
#370850000000
1!
1"
0#
1%
1&
0'
b10 )
b00100001010011011011100000000010 .
#370900000000
0!
0"
1#
0%
0&
1'
#370950000000
1!
1"
0#
1%
1&
0'
b1 )
b00010000101001101101110000000001 .
#371000000000
0!
0"
1#
0%
0&
1'
#371050000000
1!
1"
0#
1%
1&
0'
b0 )
b11100101111010111110110100100000 .
#371100000000
0!
0"
1#
0%
0&
1'
#371150000000
1!
1"
0#
1%
1&
0'
b111 )
b1010 *
b01110010111101011111011010010000 .
#371200000000
0!
0"
1#
0%
0&
1'
#371250000000
1!
1"
0#
1%
1&
0'
b110 )
b00111001011110101111101101001000 .
#371300000000
0!
0"
1#
0%
0&
1'
#371350000000
1!
1"
0#
1%
1&
0'
b101 )
b00011100101111010111110110100100 .
#371400000000
0!
0"
1#
0%
0&
1'
#371450000000
1!
1"
0#
1%
1&
0'
b100 )
b00001110010111101011111011010010 .
#371500000000
0!
0"
1#
0%
0&
1'
#371550000000
1!
1"
0#
1%
1&
0'
b11 )
b00000111001011110101111101101001 .
#371600000000
0!
0"
1#
0%
0&
1'
#371650000000
1!
1"
0#
1%
1&
0'
b10 )
b11101110001011110010110010010100 .
#371700000000
0!
0"
1#
0%
0&
1'
#371750000000
1!
1"
0#
1%
1&
0'
b1 )
b01110111000101111001011001001010 .
#371800000000
0!
0"
1#
0%
0&
1'
#371850000000
1!
1"
0#
1%
1&
0'
b0 )
b00111011100010111100101100100101 .
#371900000000
0!
0"
1#
0%
0&
1'
#371950000000
1!
1"
0#
1%
1&
0'
b111 )
b1011 *
b11110000011111010110011010110010 .
#372000000000
0!
0"
1#
0%
0&
1'
#372050000000
1!
1"
0#
1%
1&
0'
b110 )
b01111000001111101011001101011001 .
#372100000000
0!
0"
1#
0%
0&
1'
#372150000000
1!
1"
0#
1%
1&
0'
b101 )
b11010001101001111101101010001100 .
#372200000000
0!
0"
1#
0%
0&
1'
#372250000000
1!
1"
0#
1%
1&
0'
b100 )
b01101000110100111110110101000110 .
#372300000000
0!
0"
1#
0%
0&
1'
#372350000000
1!
1"
0#
1%
1&
0'
b11 )
b00110100011010011111011010100011 .
#372400000000
0!
0"
1#
0%
0&
1'
#372450000000
1!
1"
0#
1%
1&
0'
b10 )
b11110111100011000111100001110001 .
#372500000000
0!
0"
1#
0%
0&
1'
#372550000000
1!
1"
0#
1%
1&
0'
b1 )
b10010110011111101011111100011000 .
#372600000000
0!
0"
1#
0%
0&
1'
#372650000000
1!
1"
0#
1%
1&
0'
b0 )
b01001011001111110101111110001100 .
#372700000000
0!
0"
1#
0%
0&
1'
#372750000000
1!
1"
0#
1%
1&
0'
b111 )
b1100 *
b00100101100111111010111111000110 .
#372800000000
0!
0"
1#
0%
0&
1'
#372850000000
1!
1"
0#
1%
1&
0'
b110 )
b00010010110011111101011111100011 .
#372900000000
0!
0"
1#
0%
0&
1'
#372950000000
1!
1"
0#
1%
1&
0'
b101 )
b11100100110111110110100011010001 .
#373000000000
0!
0"
1#
0%
0&
1'
#373050000000
1!
1"
0#
1%
1&
0'
b100 )
b10011111110101110011011101001000 .
#373100000000
0!
0"
1#
0%
0&
1'
#373150000000
1!
1"
0#
1%
1&
0'
b11 )
b01001111111010111001101110100100 .
#373200000000
0!
0"
1#
0%
0&
1'
#373250000000
1!
1"
0#
1%
1&
0'
b10 )
b00100111111101011100110111010010 .
#373300000000
0!
0"
1#
0%
0&
1'
#373350000000
1!
1"
0#
1%
1&
0'
b1 )
b00010011111110101110011011101001 .
#373400000000
0!
0"
1#
0%
0&
1'
#373450000000
1!
1"
0#
1%
1&
0'
b0 )
b11100100010001011111000001010100 .
#373500000000
0!
0"
1#
0%
0&
1'
#373550000000
1!
1"
0#
1%
1&
0'
b111 )
b1101 *
b01110010001000101111100000101010 .
#373600000000
0!
0"
1#
0%
0&
1'
#373650000000
1!
1"
0#
1%
1&
0'
b110 )
b00111001000100010111110000010101 .
#373700000000
0!
0"
1#
0%
0&
1'
#373750000000
1!
1"
0#
1%
1&
0'
b101 )
b11110001001100000011110100101010 .
#373800000000
0!
0"
1#
0%
0&
1'
#373850000000
1!
1"
0#
1%
1&
0'
b100 )
b01111000100110000001111010010101 .
#373900000000
0!
0"
1#
0%
0&
1'
#373950000000
1!
1"
0#
1%
1&
0'
b11 )
b11010001111101001000110001101010 .
#374000000000
0!
0"
1#
0%
0&
1'
#374050000000
1!
1"
0#
1%
1&
0'
b10 )
b01101000111110100100011000110101 .
#374100000000
0!
0"
1#
0%
0&
1'
#374150000000
1!
1"
0#
1%
1&
0'
b1 )
b11011001110001011010000000111010 .
#374200000000
0!
0"
1#
0%
0&
1'
#374250000000
1!
1"
0#
1%
1&
0'
b0 )
b01101100111000101101000000011101 .
#374300000000
0!
0"
1#
0%
0&
1'
#374350000000
1!
1"
0#
1%
1&
0'
b111 )
b1110 *
b11011011110010011110101100101110 .
#374400000000
0!
0"
1#
0%
0&
1'
#374450000000
1!
1"
0#
1%
1&
0'
b110 )
b01101101111001001111010110010111 .
#374500000000
0!
0"
1#
0%
0&
1'
#374550000000
1!
1"
0#
1%
1&
0'
b101 )
b11011011010010101111100111101011 .
#374600000000
0!
0"
1#
0%
0&
1'
#374650000000
1!
1"
0#
1%
1&
0'
b100 )
b10000000000111011111111111010101 .
#374700000000
0!
0"
1#
0%
0&
1'
#374750000000
1!
1"
0#
1%
1&
0'
b11 )
b10101101101101100111110011001010 .
#374800000000
0!
0"
1#
0%
0&
1'
#374850000000
1!
1"
0#
1%
1&
0'
b10 )
b01010110110110110011111001100101 .
#374900000000
0!
0"
1#
0%
0&
1'
#374950000000
1!
1"
0#
1%
1&
0'
b1 )
b11000110110101010001110000010010 .
#375000000000
0!
0"
1#
0%
0&
1'
#375050000000
1!
1"
0#
1%
1&
0'
b0 )
b01100011011010101000111000001001 .
#375100000000
0!
0"
1#
0%
0&
1'
#375150000000
1!
1"
0#
1%
1&
0'
b111 )
b1111 *
b11011100000011011100010000100100 .
#375200000000
0!
0"
1#
0%
0&
1'
#375250000000
1!
1"
0#
1%
1&
0'
b110 )
b01101110000001101110001000010010 .
#375300000000
0!
0"
1#
0%
0&
1'
#375350000000
1!
1"
0#
1%
1&
0'
b101 )
b00110111000000110111000100001001 .
#375400000000
0!
0"
1#
0%
0&
1'
#375450000000
1!
1"
0#
1%
1&
0'
b100 )
b11110110001110010011101110100100 .
#375500000000
0!
0"
1#
0%
0&
1'
#375550000000
1!
1"
0#
1%
1&
0'
b11 )
b01111011000111001001110111010010 .
#375600000000
0!
0"
1#
0%
0&
1'
#375650000000
1!
1"
0#
1%
1&
0'
b10 )
b00111101100011100100111011101001 .
#375700000000
0!
0"
1#
0%
0&
1'
#375750000000
1!
1"
0#
1%
1&
0'
b1 )
b11110011011111111010010001010100 .
#375800000000
0!
0"
1#
0%
0&
1'
#375850000000
1!
1"
0#
1%
1&
0'
b0 )
b01111001101111111101001000101010 .
#375900000000
0!
0"
1#
0%
0&
1'
#375950000000
1!
1"
0#
1%
1&
0'
b111 )
b10000 *
b00111100110111111110100100010101 .
#376000000000
0!
0"
1#
0%
0&
1'
#376050000000
1!
1"
0#
1%
1&
0'
b110 )
b11110011110101110111011110101010 .
#376100000000
0!
0"
1#
0%
0&
1'
#376150000000
1!
1"
0#
1%
1&
0'
b101 )
b01111001111010111011101111010101 .
#376200000000
0!
0"
1#
0%
0&
1'
#376250000000
1!
1"
0#
1%
1&
0'
b100 )
b11010001010011010101111011001010 .
#376300000000
0!
0"
1#
0%
0&
1'
#376350000000
1!
1"
0#
1%
1&
0'
b11 )
b01101000101001101010111101100101 .
#376400000000
0!
0"
1#
0%
0&
1'
#376450000000
1!
1"
0#
1%
1&
0'
b10 )
b11011001111010111101010010010010 .
#376500000000
0!
0"
1#
0%
0&
1'
#376550000000
1!
1"
0#
1%
1&
0'
b1 )
b01101100111101011110101001001001 .
#376600000000
0!
0"
1#
0%
0&
1'
#376650000000
1!
1"
0#
1%
1&
0'
b0 )
b11011011110000100111011000000100 .
#376700000000
0!
0"
1#
0%
0&
1'
#376750000000
1!
1"
0#
1%
1&
0'
b111 )
b10001 *
b01101101111000010011101100000010 .
#376800000000
0!
0"
1#
0%
0&
1'
#376850000000
1!
1"
0#
1%
1&
0'
b110 )
b00110110111100001001110110000001 .
#376900000000
0!
0"
1#
0%
0&
1'
#376950000000
1!
1"
0#
1%
1&
0'
b101 )
b11110110110000001100110111100000 .
#377000000000
0!
0"
1#
0%
0&
1'
#377050000000
1!
1"
0#
1%
1&
0'
b100 )
b01111011011000000110011011110000 .
#377100000000
0!
0"
1#
0%
0&
1'
#377150000000
1!
1"
0#
1%
1&
0'
b11 )
b00111101101100000011001101111000 .
#377200000000
0!
0"
1#
0%
0&
1'
#377250000000
1!
1"
0#
1%
1&
0'
b10 )
b00011110110110000001100110111100 .
#377300000000
0!
0"
1#
0%
0&
1'
#377350000000
1!
1"
0#
1%
1&
0'
b1 )
b00001111011011000000110011011110 .
#377400000000
0!
0"
1#
0%
0&
1'
#377450000000
1!
1"
0#
1%
1&
0'
b0 )
b00000111101101100000011001101111 .
#377500000000
0!
0"
1#
0%
0&
1'
#377550000000
1!
1"
0#
1%
1&
0'
b111 )
b10010 *
b11101110011000111000000000010111 .
#377600000000
0!
0"
1#
0%
0&
1'
#377650000000
1!
1"
0#
1%
1&
0'
b110 )
b10011010100010010100001100101011 .
#377700000000
0!
0"
1#
0%
0&
1'
#377750000000
1!
1"
0#
1%
1&
0'
b101 )
b10100000111111000010001010110101 .
#377800000000
0!
0"
1#
0%
0&
1'
#377850000000
1!
1"
0#
1%
1&
0'
b100 )
b10111101110001101001001001111010 .
#377900000000
0!
0"
1#
0%
0&
1'
#377950000000
1!
1"
0#
1%
1&
0'
b11 )
b01011110111000110100100100111101 .
#378000000000
0!
0"
1#
0%
0&
1'
#378050000000
1!
1"
0#
1%
1&
0'
b10 )
b11000010110010010010011110111110 .
#378100000000
0!
0"
1#
0%
0&
1'
#378150000000
1!
1"
0#
1%
1&
0'
b1 )
b01100001011001001001001111011111 .
#378200000000
0!
0"
1#
0%
0&
1'
#378250000000
1!
1"
0#
1%
1&
0'
b0 )
b11011101000010101100101011001111 .
#378300000000
0!
0"
1#
0%
0&
1'
#378350000000
1!
1"
0#
1%
1&
0'
b111 )
b10011 *
b10000011001111011110011001000111 .
#378400000000
0!
0"
1#
0%
0&
1'
#378450000000
1!
1"
0#
1%
1&
0'
b110 )
b10101100001001100111000000000011 .
#378500000000
0!
0"
1#
0%
0&
1'
#378550000000
1!
1"
0#
1%
1&
0'
b101 )
b10111011101010111011101100100001 .
#378600000000
0!
0"
1#
0%
0&
1'
#378650000000
1!
1"
0#
1%
1&
0'
b100 )
b10110000011011010101111010110000 .
#378700000000
0!
0"
1#
0%
0&
1'
#378750000000
1!
1"
0#
1%
1&
0'
b11 )
b01011000001101101010111101011000 .
#378800000000
0!
0"
1#
0%
0&
1'
#378850000000
1!
1"
0#
1%
1&
0'
b10 )
b00101100000110110101011110101100 .
#378900000000
0!
0"
1#
0%
0&
1'
#378950000000
1!
1"
0#
1%
1&
0'
b1 )
b00010110000011011010101111010110 .
#379000000000
0!
0"
1#
0%
0&
1'
#379050000000
1!
1"
0#
1%
1&
0'
b0 )
b00001011000001101101010111101011 .
#379100000000
0!
0"
1#
0%
0&
1'
#379150000000
1!
1"
0#
1%
1&
0'
b111 )
b10100 *
b11101000001110111110100111010101 .
#379200000000
0!
0"
1#
0%
0&
1'
#379250000000
1!
1"
0#
1%
1&
0'
b110 )
b10011001101001010111011111001010 .
#379300000000
0!
0"
1#
0%
0&
1'
#379350000000
1!
1"
0#
1%
1&
0'
b101 )
b01001100110100101011101111100101 .
#379400000000
0!
0"
1#
0%
0&
1'
#379450000000
1!
1"
0#
1%
1&
0'
b100 )
b11001011110100011101111011010010 .
#379500000000
0!
0"
1#
0%
0&
1'
#379550000000
1!
1"
0#
1%
1&
0'
b11 )
b01100101111010001110111101101001 .
#379600000000
0!
0"
1#
0%
0&
1'
#379650000000
1!
1"
0#
1%
1&
0'
b10 )
b11011111010011001111010010010100 .
#379700000000
0!
0"
1#
0%
0&
1'
#379750000000
1!
1"
0#
1%
1&
0'
b1 )
b01101111101001100111101001001010 .
#379800000000
0!
0"
1#
0%
0&
1'
#379850000000
1!
1"
0#
1%
1&
0'
b0 )
b00110111110100110011110100100101 .
#379900000000
0!
0"
1#
0%
0&
1'
#379950000000
1!
1"
0#
1%
1&
0'
b111 )
b10101 *
b11110110010100010001110110110010 .
#380000000000
0!
0"
1#
0%
0&
1'
#380050000000
1!
1"
0#
1%
1&
0'
b110 )
b01111011001010001000111011011001 .
#380100000000
0!
0"
1#
0%
0&
1'
#380150000000
1!
1"
0#
1%
1&
0'
b101 )
b11010000001011001100010001001100 .
#380200000000
0!
0"
1#
0%
0&
1'
#380250000000
1!
1"
0#
1%
1&
0'
b100 )
b01101000000101100110001000100110 .
#380300000000
0!
0"
1#
0%
0&
1'
#380350000000
1!
1"
0#
1%
1&
0'
b11 )
b00110100000010110011000100010011 .
#380400000000
0!
0"
1#
0%
0&
1'
#380450000000
1!
1"
0#
1%
1&
0'
b10 )
b11110111101111010001101110101001 .
#380500000000
0!
0"
1#
0%
0&
1'
#380550000000
1!
1"
0#
1%
1&
0'
b1 )
b10010110011001100000111011110100 .
#380600000000
0!
0"
1#
0%
0&
1'
#380650000000
1!
1"
0#
1%
1&
0'
b0 )
b01001011001100110000011101111010 .
#380700000000
0!
0"
1#
0%
0&
1'
#380750000000
1!
1"
0#
1%
1&
0'
b111 )
b10110 *
b00100101100110011000001110111101 .
#380800000000
0!
0"
1#
0%
0&
1'
#380850000000
1!
1"
0#
1%
1&
0'
b110 )
b11111111011101000100001011111110 .
#380900000000
0!
0"
1#
0%
0&
1'
#380950000000
1!
1"
0#
1%
1&
0'
b101 )
b01111111101110100010000101111111 .
#381000000000
0!
0"
1#
0%
0&
1'
#381050000000
1!
1"
0#
1%
1&
0'
b100 )
b11010010011001011001001110011111 .
#381100000000
0!
0"
1#
0%
0&
1'
#381150000000
1!
1"
0#
1%
1&
0'
b11 )
b10000100100010100100101011101111 .
#381200000000
0!
0"
1#
0%
0&
1'
#381250000000
1!
1"
0#
1%
1&
0'
b10 )
b10101111111111011010011001010111 .
#381300000000
0!
0"
1#
0%
0&
1'
#381350000000
1!
1"
0#
1%
1&
0'
b1 )
b10111010010001100101000000001011 .
#381400000000
0!
0"
1#
0%
0&
1'
#381450000000
1!
1"
0#
1%
1&
0'
b0 )
b10110000100110111010101100100101 .
#381500000000
0!
0"
1#
0%
0&
1'
#381550000000
1!
1"
0#
1%
1&
0'
b111 )
b10111 *
b10110101111101010101011010110010 .
#381600000000
0!
0"
1#
0%
0&
1'
#381650000000
1!
1"
0#
1%
1&
0'
b110 )
b01011010111110101010101101011001 .
#381700000000
0!
0"
1#
0%
0&
1'
#381750000000
1!
1"
0#
1%
1&
0'
b101 )
b11000000110001011101011010001100 .
#381800000000
0!
0"
1#
0%
0&
1'
#381850000000
1!
1"
0#
1%
1&
0'
b100 )
b01100000011000101110101101000110 .
#381900000000
0!
0"
1#
0%
0&
1'
#381950000000
1!
1"
0#
1%
1&
0'
b11 )
b00110000001100010111010110100011 .
#382000000000
0!
0"
1#
0%
0&
1'
#382050000000
1!
1"
0#
1%
1&
0'
b10 )
b11110101101000000011100111110001 .
#382100000000
0!
0"
1#
0%
0&
1'
#382150000000
1!
1"
0#
1%
1&
0'
b1 )
b10010111011010001001111111011000 .
#382200000000
0!
0"
1#
0%
0&
1'
#382250000000
1!
1"
0#
1%
1&
0'
b0 )
b01001011101101000100111111101100 .
#382300000000
0!
0"
1#
0%
0&
1'
#382350000000
1!
1"
0#
1%
1&
0'
b111 )
b11000 *
b00100101110110100010011111110110 .
#382400000000
0!
0"
1#
0%
0&
1'
#382450000000
1!
1"
0#
1%
1&
0'
b110 )
b00010010111011010001001111111011 .
#382500000000
0!
0"
1#
0%
0&
1'
#382550000000
1!
1"
0#
1%
1&
0'
b101 )
b11100100110011100000101011011101 .
#382600000000
0!
0"
1#
0%
0&
1'
#382650000000
1!
1"
0#
1%
1&
0'
b100 )
b10011111110111111000011001001110 .
#382700000000
0!
0"
1#
0%
0&
1'
#382750000000
1!
1"
0#
1%
1&
0'
b11 )
b01001111111011111100001100100111 .
#382800000000
0!
0"
1#
0%
0&
1'
#382850000000
1!
1"
0#
1%
1&
0'
b10 )
b11001010010011110110001010110011 .
#382900000000
0!
0"
1#
0%
0&
1'
#382950000000
1!
1"
0#
1%
1&
0'
b1 )
b10001000100111110011001001111001 .
#383000000000
0!
0"
1#
0%
0&
1'
#383050000000
1!
1"
0#
1%
1&
0'
b0 )
b10101001111101110001101000011100 .
#383100000000
0!
0"
1#
0%
0&
1'
#383150000000
1!
1"
0#
1%
1&
0'
b111 )
b11001 *
b01010100111110111000110100001110 .
#383200000000
0!
0"
1#
0%
0&
1'
#383250000000
1!
1"
0#
1%
1&
0'
b110 )
b00101010011111011100011010000111 .
#383300000000
0!
0"
1#
0%
0&
1'
#383350000000
1!
1"
0#
1%
1&
0'
b101 )
b11111000100001100110000001100011 .
#383400000000
0!
0"
1#
0%
0&
1'
#383450000000
1!
1"
0#
1%
1&
0'
b100 )
b10010001111110111011001100010001 .
#383500000000
0!
0"
1#
0%
0&
1'
#383550000000
1!
1"
0#
1%
1&
0'
b11 )
b10100101010001010101101010101000 .
#383600000000
0!
0"
1#
0%
0&
1'
#383650000000
1!
1"
0#
1%
1&
0'
b10 )
b01010010101000101010110101010100 .
#383700000000
0!
0"
1#
0%
0&
1'
#383750000000
1!
1"
0#
1%
1&
0'
b1 )
b00101001010100010101011010101010 .
#383800000000
0!
0"
1#
0%
0&
1'
#383850000000
1!
1"
0#
1%
1&
0'
b0 )
b00010100101010001010101101010101 .
#383900000000
0!
0"
1#
0%
0&
1'
#383950000000
1!
1"
0#
1%
1&
0'
b111 )
b11010 *
b11100111111011001101011010001010 .
#384000000000
0!
0"
1#
0%
0&
1'
#384050000000
1!
1"
0#
1%
1&
0'
b110 )
b01110011111101100110101101000101 .
#384100000000
0!
0"
1#
0%
0&
1'
#384150000000
1!
1"
0#
1%
1&
0'
b101 )
b11010100010000111011011010000010 .
#384200000000
0!
0"
1#
0%
0&
1'
#384250000000
1!
1"
0#
1%
1&
0'
b100 )
b01101010001000011101101101000001 .
#384300000000
0!
0"
1#
0%
0&
1'
#384350000000
1!
1"
0#
1%
1&
0'
b11 )
b11011000101010000110111010000000 .
#384400000000
0!
0"
1#
0%
0&
1'
#384450000000
1!
1"
0#
1%
1&
0'
b10 )
b01101100010101000011011101000000 .
#384500000000
0!
0"
1#
0%
0&
1'
#384550000000
1!
1"
0#
1%
1&
0'
b1 )
b00110110001010100001101110100000 .
#384600000000
0!
0"
1#
0%
0&
1'
#384650000000
1!
1"
0#
1%
1&
0'
b0 )
b00011011000101010000110111010000 .
#384700000000
0!
0"
1#
0%
0&
1'
#384750000000
1!
1"
0#
1%
1&
0'
b111 )
b11011 *
b00001101100010101000011011101000 .
#384800000000
0!
0"
1#
0%
0&
1'
#384850000000
1!
1"
0#
1%
1&
0'
b110 )
b00000110110001010100001101110100 .
#384900000000
0!
0"
1#
0%
0&
1'
#384950000000
1!
1"
0#
1%
1&
0'
b101 )
b00000011011000101010000110111010 .
#385000000000
0!
0"
1#
0%
0&
1'
#385050000000
1!
1"
0#
1%
1&
0'
b100 )
b00000001101100010101000011011101 .
#385100000000
0!
0"
1#
0%
0&
1'
#385150000000
1!
1"
0#
1%
1&
0'
b11 )
b11101101011000000010101101001110 .
#385200000000
0!
0"
1#
0%
0&
1'
#385250000000
1!
1"
0#
1%
1&
0'
b10 )
b01110110101100000001010110100111 .
#385300000000
0!
0"
1#
0%
0&
1'
#385350000000
1!
1"
0#
1%
1&
0'
b1 )
b11010110111000001000100111110011 .
#385400000000
0!
0"
1#
0%
0&
1'
#385450000000
1!
1"
0#
1%
1&
0'
b0 )
b10000110110010001100011111011001 .
#385500000000
0!
0"
1#
0%
0&
1'
#385550000000
1!
1"
0#
1%
1&
0'
b111 )
b11100 *
b10101110110111001110000011001100 .
#385600000000
0!
0"
1#
0%
0&
1'
#385650000000
1!
1"
0#
1%
1&
0'
b110 )
b01010111011011100111000001100110 .
#385700000000
0!
0"
1#
0%
0&
1'
#385750000000
1!
1"
0#
1%
1&
0'
b101 )
b00101011101101110011100000110011 .
#385800000000
0!
0"
1#
0%
0&
1'
#385850000000
1!
1"
0#
1%
1&
0'
b100 )
b11111000011000110001111100111001 .
#385900000000
0!
0"
1#
0%
0&
1'
#385950000000
1!
1"
0#
1%
1&
0'
b11 )
b10010001100010010000110010111100 .
#386000000000
0!
0"
1#
0%
0&
1'
#386050000000
1!
1"
0#
1%
1&
0'
b10 )
b01001000110001001000011001011110 .
#386100000000
0!
0"
1#
0%
0&
1'
#386150000000
1!
1"
0#
1%
1&
0'
b1 )
b00100100011000100100001100101111 .
#386200000000
0!
0"
1#
0%
0&
1'
#386250000000
1!
1"
0#
1%
1&
0'
b0 )
b11111111100010011010001010110111 .
#386300000000
0!
0"
1#
0%
0&
1'
#386350000000
1!
1"
0#
1%
1&
0'
b111 )
b11101 *
b10010010011111000101001001111011 .
#386400000000
0!
0"
1#
0%
0&
1'
#386450000000
1!
1"
0#
1%
1&
0'
b110 )
b10100100100001101010101000011101 .
#386500000000
0!
0"
1#
0%
0&
1'
#386550000000
1!
1"
0#
1%
1&
0'
b101 )
b10111111111110111101011000101110 .
#386600000000
0!
0"
1#
0%
0&
1'
#386650000000
1!
1"
0#
1%
1&
0'
b100 )
b01011111111111011110101100010111 .
#386700000000
0!
0"
1#
0%
0&
1'
#386750000000
1!
1"
0#
1%
1&
0'
b11 )
b11000010010001100111011010101011 .
#386800000000
0!
0"
1#
0%
0&
1'
#386850000000
1!
1"
0#
1%
1&
0'
b10 )
b10001100100110111011100001110101 .
#386900000000
0!
0"
1#
0%
0&
1'
#386950000000
1!
1"
0#
1%
1&
0'
b1 )
b10101011111101010101111100011010 .
#387000000000
0!
0"
1#
0%
0&
1'
#387050000000
1!
1"
0#
1%
1&
0'
b0 )
b01010101111110101010111110001101 .
#387100000000
0!
0"
1#
0%
0&
1'
#387150000000
1!
1"
0#
1%
1&
0'
b111 )
b11110 *
b11000111010001011101010011100110 .
#387200000000
0!
0"
1#
0%
0&
1'
#387250000000
1!
1"
0#
1%
1&
0'
b110 )
b01100011101000101110101001110011 .
#387300000000
0!
0"
1#
0%
0&
1'
#387350000000
1!
1"
0#
1%
1&
0'
b101 )
b11011100011010011111011000011001 .
#387400000000
0!
0"
1#
0%
0&
1'
#387450000000
1!
1"
0#
1%
1&
0'
b100 )
b10000011100011000111100000101100 .
#387500000000
0!
0"
1#
0%
0&
1'
#387550000000
1!
1"
0#
1%
1&
0'
b11 )
b01000001110001100011110000010110 .
#387600000000
0!
0"
1#
0%
0&
1'
#387650000000
1!
1"
0#
1%
1&
0'
b10 )
b00100000111000110001111000001011 .
#387700000000
0!
0"
1#
0%
0&
1'
#387750000000
1!
1"
0#
1%
1&
0'
b1 )
b11111101110010010000110000100101 .
#387800000000
0!
0"
1#
0%
0&
1'
#387850000000
1!
1"
0#
1%
1&
0'
b0 )
b10010011010111000000010100110010 .
#387900000000
0!
0"
1#
0%
0&
1'
#387950000000
1!
1"
0#
1%
1&
0'
b111 )
b11111 *
b01001001101011100000001010011001 .
#388000000000
0!
0"
1#
0%
0&
1'
#388050000000
1!
1"
0#
1%
1&
0'
b110 )
b11001001011011111000001001101100 .
#388100000000
0!
0"
1#
0%
0&
1'
#388150000000
1!
1"
0#
1%
1&
0'
b101 )
b01100100101101111100000100110110 .
#388200000000
0!
0"
1#
0%
0&
1'
#388250000000
1!
1"
0#
1%
1&
0'
b100 )
b00110010010110111110000010011011 .
#388300000000
0!
0"
1#
0%
0&
1'
#388350000000
1!
1"
0#
1%
1&
0'
b11 )
b11110100100101010111001101101101 .
#388400000000
0!
0"
1#
0%
0&
1'
#388450000000
1!
1"
0#
1%
1&
0'
b10 )
b10010111111100100011101010010110 .
#388500000000
0!
0"
1#
0%
0&
1'
#388550000000
1!
1"
0#
1%
1&
0'
b1 )
b01001011111110010001110101001011 .
#388600000000
0!
0"
1#
0%
0&
1'
#388650000000
1!
1"
0#
1%
1&
0'
b0 )
b11001000010001000000110110000101 .
#388700000000
0!
0"
1#
0%
0&
1'
#388750000000
1!
1"
0#
1%
1&
0'
b111 )
b100000 *
b10001001100110101000010111100010 .
#388800000000
0!
0"
1#
0%
0&
1'
#388850000000
1!
1"
0#
1%
1&
0'
b110 )
b01000100110011010100001011110001 .
#388900000000
0!
0"
1#
0%
0&
1'
#388950000000
1!
1"
0#
1%
1&
0'
b101 )
b11001111110111100010001001011000 .
#389000000000
0!
0"
1#
0%
0&
1'
#389050000000
1!
1"
0#
1%
1&
0'
b100 )
b01100111111011110001000100101100 .
#389100000000
0!
0"
1#
0%
0&
1'
#389150000000
1!
1"
0#
1%
1&
0'
b11 )
b00110011111101111000100010010110 .
#389200000000
0!
0"
1#
0%
0&
1'
#389250000000
1!
1"
0#
1%
1&
0'
b10 )
b00011001111110111100010001001011 .
#389300000000
0!
0"
1#
0%
0&
1'
#389350000000
1!
1"
0#
1%
1&
0'
b1 )
b11100001010001010110000100000101 .
#389400000000
0!
0"
1#
0%
0&
1'
#389450000000
1!
1"
0#
1%
1&
0'
b0 )
b10011101000110100011001110100010 .
#389500000000
0!
0"
1#
0%
0&
1'
#389550000000
1!
1"
0#
1%
1&
0'
b111 )
b100001 *
b01001110100011010001100111010001 .
#389600000000
0!
0"
1#
0%
0&
1'
#389650000000
1!
1"
0#
1%
1&
0'
b110 )
b11001010111111100000111111001000 .
#389700000000
0!
0"
1#
0%
0&
1'
#389750000000
1!
1"
0#
1%
1&
0'
b101 )
b01100101011111110000011111100100 .
#389800000000
0!
0"
1#
0%
0&
1'
#389850000000
1!
1"
0#
1%
1&
0'
b100 )
b00110010101111111000001111110010 .
#389900000000
0!
0"
1#
0%
0&
1'
#389950000000
1!
1"
0#
1%
1&
0'
b11 )
b00011001010111111100000111111001 .
#390000000000
0!
0"
1#
0%
0&
1'
#390050000000
1!
1"
0#
1%
1&
0'
b10 )
b11100001000101110110001111011100 .
#390100000000
0!
0"
1#
0%
0&
1'
#390150000000
1!
1"
0#
1%
1&
0'
b1 )
b01110000100010111011000111101110 .
#390200000000
0!
0"
1#
0%
0&
1'
#390250000000
1!
1"
0#
1%
1&
0'
b0 )
b00111000010001011101100011110111 .
#390300000000
0!
0"
1#
0%
0&
1'
#390350000000
1!
1"
0#
1%
1&
0'
b111 )
b100010 *
b11110001100110100110111101011011 .
#390400000000
0!
0"
1#
0%
0&
1'
#390450000000
1!
1"
0#
1%
1&
0'
b110 )
b10010101011101011011010010001101 .
#390500000000
0!
0"
1#
0%
0&
1'
#390550000000
1!
1"
0#
1%
1&
0'
b101 )
b10100111000000100101100101100110 .
#390600000000
0!
0"
1#
0%
0&
1'
#390650000000
1!
1"
0#
1%
1&
0'
b100 )
b01010011100000010010110010110011 .
#390700000000
0!
0"
1#
0%
0&
1'
#390750000000
1!
1"
0#
1%
1&
0'
b11 )
b11000100011110000001010101111001 .
#390800000000
0!
0"
1#
0%
0&
1'
#390850000000
1!
1"
0#
1%
1&
0'
b10 )
b10001111100001001000100110011100 .
#390900000000
0!
0"
1#
0%
0&
1'
#390950000000
1!
1"
0#
1%
1&
0'
b1 )
b01000111110000100100010011001110 .
#391000000000
0!
0"
1#
0%
0&
1'
#391050000000
1!
1"
0#
1%
1&
0'
b0 )
b00100011111000010010001001100111 .
#391100000000
0!
0"
1#
0%
0&
1'
#391150000000
1!
1"
0#
1%
1&
0'
b111 )
b100011 *
b11111100010010000001001000010011 .
#391200000000
0!
0"
1#
0%
0&
1'
#391250000000
1!
1"
0#
1%
1&
0'
b110 )
b10010011100111001000101000101001 .
#391300000000
0!
0"
1#
0%
0&
1'
#391350000000
1!
1"
0#
1%
1&
0'
b101 )
b10100100011101101100011000110100 .
#391400000000
0!
0"
1#
0%
0&
1'
#391450000000
1!
1"
0#
1%
1&
0'
b100 )
b01010010001110110110001100011010 .
#391500000000
0!
0"
1#
0%
0&
1'
#391550000000
1!
1"
0#
1%
1&
0'
b11 )
b00101001000111011011000110001101 .
#391600000000
0!
0"
1#
0%
0&
1'
#391650000000
1!
1"
0#
1%
1&
0'
b10 )
b11111001001101100101101111100110 .
#391700000000
0!
0"
1#
0%
0&
1'
#391750000000
1!
1"
0#
1%
1&
0'
b1 )
b01111100100110110010110111110011 .
#391800000000
0!
0"
1#
0%
0&
1'
#391850000000
1!
1"
0#
1%
1&
0'
b0 )
b11010011111101010001010111011001 .
#391900000000
0!
0"
1#
0%
0&
1'
#391950000000
1!
1"
0#
1%
1&
0'
b111 )
b100100 *
b10000100010000100000100111001100 .
#392000000000
0!
0"
1#
0%
0&
1'
#392050000000
1!
1"
0#
1%
1&
0'
b110 )
b01000010001000010000010011100110 .
#392100000000
0!
0"
1#
0%
0&
1'
#392150000000
1!
1"
0#
1%
1&
0'
b101 )
b00100001000100001000001001110011 .
#392200000000
0!
0"
1#
0%
0&
1'
#392250000000
1!
1"
0#
1%
1&
0'
b100 )
b11111101001100001100001000011001 .
#392300000000
0!
0"
1#
0%
0&
1'
#392350000000
1!
1"
0#
1%
1&
0'
b11 )
b10010011001000001110001000101100 .
#392400000000
0!
0"
1#
0%
0&
1'
#392450000000
1!
1"
0#
1%
1&
0'
b10 )
b01001001100100000111000100010110 .
#392500000000
0!
0"
1#
0%
0&
1'
#392550000000
1!
1"
0#
1%
1&
0'
b1 )
b00100100110010000011100010001011 .
#392600000000
0!
0"
1#
0%
0&
1'
#392650000000
1!
1"
0#
1%
1&
0'
b0 )
b11111111110111001001111101100101 .
#392700000000
0!
0"
1#
0%
0&
1'
#392750000000
1!
1"
0#
1%
1&
0'
b111 )
b100101 *
b10010010010101101100110010010010 .
#392800000000
0!
0"
1#
0%
0&
1'
#392850000000
1!
1"
0#
1%
1&
0'
b110 )
b01001001001010110110011001001001 .
#392900000000
0!
0"
1#
0%
0&
1'
#392950000000
1!
1"
0#
1%
1&
0'
b101 )
b11001001001011010011000000000100 .
#393000000000
0!
0"
1#
0%
0&
1'
#393050000000
1!
1"
0#
1%
1&
0'
b100 )
b01100100100101101001100000000010 .
#393100000000
0!
0"
1#
0%
0&
1'
#393150000000
1!
1"
0#
1%
1&
0'
b11 )
b00110010010010110100110000000001 .
#393200000000
0!
0"
1#
0%
0&
1'
#393250000000
1!
1"
0#
1%
1&
0'
b10 )
b11110100100111010010010100100000 .
#393300000000
0!
0"
1#
0%
0&
1'
#393350000000
1!
1"
0#
1%
1&
0'
b1 )
b01111010010011101001001010010000 .
#393400000000
0!
0"
1#
0%
0&
1'
#393450000000
1!
1"
0#
1%
1&
0'
b0 )
b00111101001001110100100101001000 .
#393500000000
0!
0"
1#
0%
0&
1'
#393550000000
1!
1"
0#
1%
1&
0'
b111 )
b100110 *
b00011110100100111010010010100100 .
#393600000000
0!
0"
1#
0%
0&
1'
#393650000000
1!
1"
0#
1%
1&
0'
b110 )
b00001111010010011101001001010010 .
#393700000000
0!
0"
1#
0%
0&
1'
#393750000000
1!
1"
0#
1%
1&
0'
b101 )
b00000111101001001110100100101001 .
#393800000000
0!
0"
1#
0%
0&
1'
#393850000000
1!
1"
0#
1%
1&
0'
b100 )
b11101110011010101111011110110100 .
#393900000000
0!
0"
1#
0%
0&
1'
#393950000000
1!
1"
0#
1%
1&
0'
b11 )
b01110111001101010111101111011010 .
#394000000000
0!
0"
1#
0%
0&
1'
#394050000000
1!
1"
0#
1%
1&
0'
b10 )
b00111011100110101011110111101101 .
#394100000000
0!
0"
1#
0%
0&
1'
#394150000000
1!
1"
0#
1%
1&
0'
b1 )
b11110000011101011101110111010110 .
#394200000000
0!
0"
1#
0%
0&
1'
#394250000000
1!
1"
0#
1%
1&
0'
b0 )
b01111000001110101110111011101011 .
#394300000000
0!
0"
1#
0%
0&
1'
#394350000000
1!
1"
0#
1%
1&
0'
b111 )
b100111 *
b11010001101001011111010001010101 .
#394400000000
0!
0"
1#
0%
0&
1'
#394450000000
1!
1"
0#
1%
1&
0'
b110 )
b10000101011010100111100100001010 .
#394500000000
0!
0"
1#
0%
0&
1'
#394550000000
1!
1"
0#
1%
1&
0'
b101 )
b01000010101101010011110010000101 .
#394600000000
0!
0"
1#
0%
0&
1'
#394650000000
1!
1"
0#
1%
1&
0'
b100 )
b11001100111000100001110101100010 .
#394700000000
0!
0"
1#
0%
0&
1'
#394750000000
1!
1"
0#
1%
1&
0'
b11 )
b01100110011100010000111010110001 .
#394800000000
0!
0"
1#
0%
0&
1'
#394850000000
1!
1"
0#
1%
1&
0'
b10 )
b11011110100000000000010001111000 .
#394900000000
0!
0"
1#
0%
0&
1'
#394950000000
1!
1"
0#
1%
1&
0'
b1 )
b01101111010000000000001000111100 .
#395000000000
0!
0"
1#
0%
0&
1'
#395050000000
1!
1"
0#
1%
1&
0'
b0 )
b00110111101000000000000100011110 .
#395100000000
0!
0"
1#
0%
0&
1'
#395150000000
1!
1"
0#
1%
1&
0'
b111 )
b101000 *
b00011011110100000000000010001111 .
#395200000000
0!
0"
1#
0%
0&
1'
#395250000000
1!
1"
0#
1%
1&
0'
b110 )
b11100000010100001000001101100111 .
#395300000000
0!
0"
1#
0%
0&
1'
#395350000000
1!
1"
0#
1%
1&
0'
b101 )
b10011101100100001100001010010011 .
#395400000000
0!
0"
1#
0%
0&
1'
#395450000000
1!
1"
0#
1%
1&
0'
b100 )
b10100011011100001110001001101001 .
#395500000000
0!
0"
1#
0%
0&
1'
#395550000000
1!
1"
0#
1%
1&
0'
b11 )
b10111100000000001111001000010100 .
#395600000000
0!
0"
1#
0%
0&
1'
#395650000000
1!
1"
0#
1%
1&
0'
b10 )
b01011110000000000111100100001010 .
#395700000000
0!
0"
1#
0%
0&
1'
#395750000000
1!
1"
0#
1%
1&
0'
b1 )
b00101111000000000011110010000101 .
#395800000000
0!
0"
1#
0%
0&
1'
#395850000000
1!
1"
0#
1%
1&
0'
b0 )
b11111010001110001001110101100010 .
#395900000000
0!
0"
1#
0%
0&
1'
#395950000000
1!
1"
0#
1%
1&
0'
b111 )
b101001 *
b01111101000111000100111010110001 .
#396000000000
0!
0"
1#
0%
0&
1'
#396050000000
1!
1"
0#
1%
1&
0'
b110 )
b11010011001101101010010001111000 .
#396100000000
0!
0"
1#
0%
0&
1'
#396150000000
1!
1"
0#
1%
1&
0'
b101 )
b01101001100110110101001000111100 .
#396200000000
0!
0"
1#
0%
0&
1'
#396250000000
1!
1"
0#
1%
1&
0'
b100 )
b00110100110011011010100100011110 .
#396300000000
0!
0"
1#
0%
0&
1'
#396350000000
1!
1"
0#
1%
1&
0'
b11 )
b00011010011001101101010010001111 .
#396400000000
0!
0"
1#
0%
0&
1'
#396450000000
1!
1"
0#
1%
1&
0'
b10 )
b11100000100010111110100101100111 .
#396500000000
0!
0"
1#
0%
0&
1'
#396550000000
1!
1"
0#
1%
1&
0'
b1 )
b10011101111111010111011110010011 .
#396600000000
0!
0"
1#
0%
0&
1'
#396650000000
1!
1"
0#
1%
1&
0'
b0 )
b10100011010001100011100011101001 .
#396700000000
0!
0"
1#
0%
0&
1'
#396750000000
1!
1"
0#
1%
1&
0'
b111 )
b101010 *
b10111100000110111001111101010100 .
#396800000000
0!
0"
1#
0%
0&
1'
#396850000000
1!
1"
0#
1%
1&
0'
b110 )
b01011110000011011100111110101010 .
#396900000000
0!
0"
1#
0%
0&
1'
#396950000000
1!
1"
0#
1%
1&
0'
b101 )
b00101111000001101110011111010101 .
#397000000000
0!
0"
1#
0%
0&
1'
#397050000000
1!
1"
0#
1%
1&
0'
b100 )
b11111010001110111111000011001010 .
#397100000000
0!
0"
1#
0%
0&
1'
#397150000000
1!
1"
0#
1%
1&
0'
b11 )
b01111101000111011111100001100101 .
#397200000000
0!
0"
1#
0%
0&
1'
#397250000000
1!
1"
0#
1%
1&
0'
b10 )
b11010011001101100111111100010010 .
#397300000000
0!
0"
1#
0%
0&
1'
#397350000000
1!
1"
0#
1%
1&
0'
b1 )
b01101001100110110011111110001001 .
#397400000000
0!
0"
1#
0%
0&
1'
#397450000000
1!
1"
0#
1%
1&
0'
b0 )
b11011001011101010001110011100100 .
#397500000000
0!
0"
1#
0%
0&
1'
#397550000000
1!
1"
0#
1%
1&
0'
b111 )
b101011 *
b01101100101110101000111001110010 .
#397600000000
0!
0"
1#
0%
0&
1'
#397650000000
1!
1"
0#
1%
1&
0'
b110 )
b00110110010111010100011100111001 .
#397700000000
0!
0"
1#
0%
0&
1'
#397750000000
1!
1"
0#
1%
1&
0'
b101 )
b11110110100101100010000010111100 .
#397800000000
0!
0"
1#
0%
0&
1'
#397850000000
1!
1"
0#
1%
1&
0'
b100 )
b01111011010010110001000001011110 .
#397900000000
0!
0"
1#
0%
0&
1'
#397950000000
1!
1"
0#
1%
1&
0'
b11 )
b00111101101001011000100000101111 .
#398000000000
0!
0"
1#
0%
0&
1'
#398050000000
1!
1"
0#
1%
1&
0'
b10 )
b11110011011010100100011100110111 .
#398100000000
0!
0"
1#
0%
0&
1'
#398150000000
1!
1"
0#
1%
1&
0'
b1 )
b10010100000011011010000010111011 .
#398200000000
0!
0"
1#
0%
0&
1'
#398250000000
1!
1"
0#
1%
1&
0'
b0 )
b10100111101111100101001101111101 .
#398300000000
0!
0"
1#
0%
0&
1'
#398350000000
1!
1"
0#
1%
1&
0'
b111 )
b101100 *
b10111110011001111010101010011110 .
#398400000000
0!
0"
1#
0%
0&
1'
#398450000000
1!
1"
0#
1%
1&
0'
b110 )
b01011111001100111101010101001111 .
#398500000000
0!
0"
1#
0%
0&
1'
#398550000000
1!
1"
0#
1%
1&
0'
b101 )
b11000010001000010110100110000111 .
#398600000000
0!
0"
1#
0%
0&
1'
#398650000000
1!
1"
0#
1%
1&
0'
b100 )
b10001100101010000011011111100011 .
#398700000000
0!
0"
1#
0%
0&
1'
#398750000000
1!
1"
0#
1%
1&
0'
b11 )
b10101011111011001001100011010001 .
#398800000000
0!
0"
1#
0%
0&
1'
#398850000000
1!
1"
0#
1%
1&
0'
b10 )
b10111000010011101100111101001000 .
#398900000000
0!
0"
1#
0%
0&
1'
#398950000000
1!
1"
0#
1%
1&
0'
b1 )
b01011100001001110110011110100100 .
#399000000000
0!
0"
1#
0%
0&
1'
#399050000000
1!
1"
0#
1%
1&
0'
b0 )
b00101110000100111011001111010010 .
#399100000000
0!
0"
1#
0%
0&
1'
#399150000000
1!
1"
0#
1%
1&
0'
b111 )
b101101 *
b00010111000010011101100111101001 .
#399200000000
0!
0"
1#
0%
0&
1'
#399250000000
1!
1"
0#
1%
1&
0'
b110 )
b11100110001111000110111111010100 .
#399300000000
0!
0"
1#
0%
0&
1'
#399350000000
1!
1"
0#
1%
1&
0'
b101 )
b01110011000111100011011111101010 .
#399400000000
0!
0"
1#
0%
0&
1'
#399450000000
1!
1"
0#
1%
1&
0'
b100 )
b00111001100011110001101111110101 .
#399500000000
0!
0"
1#
0%
0&
1'
#399550000000
1!
1"
0#
1%
1&
0'
b11 )
b11110001011111110000111011011010 .
#399600000000
0!
0"
1#
0%
0&
1'
#399650000000
1!
1"
0#
1%
1&
0'
b10 )
b01111000101111111000011101101101 .
#399700000000
0!
0"
1#
0%
0&
1'
#399750000000
1!
1"
0#
1%
1&
0'
b1 )
b11010001111001110100000010010110 .
#399800000000
0!
0"
1#
0%
0&
1'
#399850000000
1!
1"
0#
1%
1&
0'
b0 )
b01101000111100111010000001001011 .
#399900000000
0!
0"
1#
0%
0&
1'
#399950000000
1!
1"
0#
1%
1&
0'
b111 )
b0 *
b11011001110000010101001100000101 .
#400000000000
0!
0"
1#
0%
0&
1'
#400050000000
1!
1"
0#
1%
1&
0'
b1 ,
#400100000000
0!
0"
1#
0%
0&
1'
#400150000000
1!
1"
0#
1%
1&
0'
b10 ,
1-
#400200000000
0!
0"
0%
0&
#400250000000
1!
1"
1#
1%
1&
1'
b11 ,
0-
#400300000000
0!
0"
0%
0&
#400350000000
1!
1"
0#
1%
1&
0'
b100 ,
1-
#400400000000
0!
0"
0%
0&
#400450000000
1!
1"
1#
1%
1&
1'
b101 ,
#400500000000
0!
0"
0#
0%
0&
0'
#400550000000
1!
1"
1#
1%
1&
1'
b110 ,
#400600000000
0!
0"
0#
0%
0&
0'
#400650000000
1!
1"
1#
1%
1&
1'
b111 ,
#400700000000
0!
0"
0#
0%
0&
0'
#400750000000
1!
1"
1#
1%
1&
1'
b1000 ,
#400800000000
0!
0"
0#
0%
0&
0'
#400850000000
1!
1"
1#
1%
1&
1'
b1001 ,
0-
#400900000000
0!
0"
0%
0&
#400950000000
1!
1"
0#
1%
1&
0'
b1010 ,
#401000000000
0!
0"
1#
0%
0&
1'
#401050000000
1!
1"
0#
1%
1&
0'
b1011 ,
1-
#401100000000
0!
0"
0%
0&
#401150000000
1!
1"
1#
1%
1&
1'
b1100 ,
#401200000000
0!
0"
0#
0%
0&
0'
#401250000000
1!
1"
1#
1%
1&
1'
b1101 ,
0-
#401300000000
0!
0"
0%
0&
#401350000000
1!
1"
0#
1%
1&
0'
b1110 ,
1-
#401400000000
0!
0"
0%
0&
#401450000000
1!
1"
1#
1%
1&
1'
b1111 ,
0-
#401500000000
0!
0"
0%
0&
#401550000000
1!
1"
0#
1%
1&
0'
b10000 ,
1-
#401600000000
0!
0"
0%
0&
#401650000000
1!
1"
1#
1%
1&
1'
b10001 ,
0-
#401700000000
0!
0"
0%
0&
#401750000000
1!
1"
0#
1%
1&
0'
b10010 ,
1-
#401800000000
0!
0"
0%
0&
#401850000000
1!
1"
1#
1%
1&
1'
b10011 ,
#401900000000
0!
0"
0#
0%
0&
0'
#401950000000
1!
1"
1#
1%
1&
1'
b10100 ,
#402000000000
0!
0"
0#
0%
0&
0'
#402050000000
1!
1"
1#
1%
1&
1'
b10101 ,
#402100000000
0!
0"
0#
0%
0&
0'
#402150000000
1!
1"
1#
1%
1&
1'
b10110 ,
#402200000000
0!
0"
0#
0%
0&
0'
#402250000000
1!
1"
1#
1%
1&
1'
b10111 ,
0-
#402300000000
0!
0"
0%
0&
#402350000000
1!
1"
0#
1%
1&
0'
b11000 ,
#402400000000
0!
0"
1#
0%
0&
1'
#402450000000
1!
1"
0#
1%
1&
0'
b11001 ,
#402500000000
0!
0"
1#
0%
0&
1'
#402550000000
1!
1"
0#
1%
1&
0'
b11010 ,
1-
#402600000000
0!
0"
0%
0&
#402650000000
1!
1"
1#
1%
1&
1'
b11011 ,
#402700000000
0!
0"
0#
0%
0&
0'
#402750000000
1!
1"
1#
1%
1&
1'
b11100 ,
0-
#402800000000
0!
0"
0%
0&
#402850000000
1!
1"
0#
1%
1&
0'
b11101 ,
#402900000000
0!
0"
1#
0%
0&
1'
#402950000000
1!
1"
0#
1%
1&
0'
b11110 ,
1-
#403000000000
0!
0"
0%
0&
#403050000000
1!
1"
1#
1%
1&
1'
b11111 ,
0-
#403100000000
0!
0"
0%
0&
#403150000000
1!
1"
0#
0$
1%
1&
0'
0(
b0 ,
#403200000000
0!
0"
0%
0&
#403250000000
1!
1"
1%
1&
b1 +
#403300000000
0!
0"
0%
0&
#403350000000
1!
1"
1%
1&
b10 +
#403400000000
0!
0"
0%
0&
#403450000000
1!
1"
1%
1&
b11 +
#403500000000
0!
0"
0%
0&
#403550000000
1!
1"
1%
1&
b100 +
#403600000000
0!
0"
0%
0&
#403650000000
1!
1"
1%
1&
b101 +
#403700000000
0!
0"
0%
0&
#403750000000
1!
1"
1%
1&
b110 +
#403800000000
0!
0"
0%
0&
#403850000000
1!
1"
1%
1&
b111 +
#403900000000
0!
0"
0%
0&
#403950000000
1!
1"
1%
1&
b1000 +
#404000000000
0!
0"
0%
0&
#404050000000
1!
1"
1%
1&
b1001 +
#404100000000
0!
0"
0%
0&
#404150000000
1!
1"
1%
1&
b1010 +
#404200000000
0!
0"
0%
0&
#404250000000
1!
1"
1%
1&
b1011 +
#404300000000
0!
0"
0%
0&
#404350000000
1!
1"
1%
1&
b1100 +
#404400000000
0!
0"
0%
0&
#404450000000
1!
1"
1%
1&
b1101 +
#404500000000
0!
0"
0%
0&
#404550000000
1!
1"
1%
1&
b1110 +
#404600000000
0!
0"
0%
0&
#404650000000
1!
1"
1%
1&
b1111 +
#404700000000
0!
0"
0%
0&
#404750000000
1!
1"
1%
1&
b10000 +
#404800000000
0!
0"
0%
0&
#404850000000
1!
1"
1%
1&
b10001 +
#404900000000
0!
0"
0%
0&
#404950000000
1!
1"
1%
1&
b10010 +
#405000000000
0!
0"
0%
0&
#405050000000
1!
1"
1%
1&
b10011 +
#405100000000
0!
0"
0%
0&
#405150000000
1!
1"
1%
1&
b10100 +
#405200000000
0!
0"
0%
0&
#405250000000
1!
1"
1%
1&
b10101 +
#405300000000
0!
0"
0%
0&
#405350000000
1!
1"
1%
1&
b10110 +
#405400000000
0!
0"
0%
0&
#405450000000
1!
1"
1%
1&
b10111 +
#405500000000
0!
0"
0%
0&
#405550000000
1!
1"
1%
1&
b11000 +
#405600000000
0!
0"
0%
0&
#405650000000
1!
1"
1%
1&
b11001 +
#405700000000
0!
0"
0%
0&
#405750000000
1!
1"
1%
1&
b11010 +
#405800000000
0!
0"
0%
0&
#405850000000
1!
1"
1%
1&
b11011 +
#405900000000
0!
0"
0%
0&
#405950000000
1!
1"
1%
1&
b11100 +
#406000000000
0!
0"
0%
0&
#406050000000
1!
1"
1%
1&
b11101 +
#406100000000
0!
0"
0%
0&
#406150000000
1!
1"
1%
1&
b11110 +
#406200000000
0!
0"
0%
0&
#406250000000
1!
1"
1%
1&
b11111 +
#406300000000
0!
0"
0%
0&
#406350000000
1!
1"
1%
1&
b100000 +
#406400000000
0!
0"
0%
0&
#406450000000
1!
1"
1%
1&
b100001 +
#406500000000
0!
0"
0%
0&
#406550000000
1!
1"
1%
1&
b100010 +
#406600000000
0!
0"
0%
0&
#406650000000
1!
1"
1%
1&
b100011 +
#406700000000
0!
0"
0%
0&
#406750000000
1!
1"
1%
1&
b100100 +
#406800000000
0!
0"
0%
0&
#406850000000
1!
1"
1%
1&
b100101 +
#406900000000
0!
0"
0%
0&
#406950000000
1!
1"
1%
1&
b100110 +
#407000000000
0!
0"
0%
0&
#407050000000
1!
1"
1%
1&
b100111 +
#407100000000
0!
0"
0%
0&
#407150000000
1!
1"
1%
1&
b101000 +
#407200000000
0!
0"
0%
0&
#407250000000
1!
1"
1%
1&
b101001 +
#407300000000
0!
0"
0%
0&
#407350000000
1!
1"
1%
1&
b101010 +
#407400000000
0!
0"
0%
0&
#407450000000
1!
1"
1%
1&
b101011 +
#407500000000
0!
0"
0%
0&
#407550000000
1!
1"
1%
1&
b101100 +
#407600000000
0!
0"
0%
0&
#407650000000
1!
1"
1%
1&
b101101 +
#407700000000
0!
0"
0%
0&
#407750000000
1!
1"
1%
1&
b101110 +
#407800000000
0!
0"
0%
0&
#407850000000
1!
1"
1%
1&
b101111 +
#407900000000
0!
0"
0%
0&
#407950000000
1!
1"
1%
1&
b110000 +
#408000000000
0!
0"
0%
0&
#408050000000
1!
1"
1%
1&
b110001 +
#408100000000
0!
0"
0%
0&
#408150000000
1!
1"
1%
1&
b110010 +
#408200000000
0!
0"
0%
0&
#408250000000
1!
1"
1%
1&
b110011 +
#408300000000
0!
0"
0%
0&
#408350000000
1!
1"
1%
1&
b110100 +
#408400000000
0!
0"
0%
0&
#408450000000
1!
1"
1%
1&
b110101 +
#408500000000
0!
0"
0%
0&
#408550000000
1!
1"
1%
1&
b110110 +
#408600000000
0!
0"
0%
0&
#408650000000
1!
1"
1%
1&
b110111 +
#408700000000
0!
0"
0%
0&
#408750000000
1!
1"
1%
1&
b111000 +
#408800000000
0!
0"
0%
0&
#408850000000
1!
1"
1%
1&
b111001 +
#408900000000
0!
0"
0%
0&
#408950000000
1!
1"
1%
1&
b111010 +
#409000000000
0!
0"
0%
0&
#409050000000
1!
1"
1%
1&
b111011 +
#409100000000
0!
0"
0%
0&
#409150000000
1!
1"
1%
1&
b111100 +
#409200000000
0!
0"
0%
0&
#409250000000
1!
1"
1%
1&
b111101 +
#409300000000
0!
0"
0%
0&
#409350000000
1!
1"
1%
1&
b111110 +
#409400000000
0!
0"
0%
0&
#409450000000
1!
1"
1%
1&
b111111 +
#409500000000
0!
0"
0%
0&
#409550000000
1!
1"
1%
1&
b1000000 +
#409600000000
0!
0"
0%
0&
#409650000000
1!
1"
1%
1&
b1000001 +
#409700000000
0!
0"
0%
0&
#409750000000
1!
1"
1%
1&
b1000010 +
#409800000000
0!
0"
0%
0&
#409850000000
1!
1"
1%
1&
b1000011 +
#409900000000
0!
0"
0%
0&
#409950000000
1!
1"
1%
1&
b1000100 +
#410000000000
0!
0"
0%
0&
#410050000000
1!
1"
1%
1&
b1000101 +
#410100000000
0!
0"
0%
0&
#410150000000
1!
1"
1%
1&
b1000110 +
#410200000000
0!
0"
0%
0&
#410250000000
1!
1"
1%
1&
b1000111 +
#410300000000
0!
0"
0%
0&
#410350000000
1!
1"
1%
1&
b1001000 +
#410400000000
0!
0"
0%
0&
#410450000000
1!
1"
1%
1&
b1001001 +
#410500000000
0!
0"
0%
0&
#410550000000
1!
1"
1%
1&
b1001010 +
#410600000000
0!
0"
0%
0&
#410650000000
1!
1"
1%
1&
b1001011 +
#410700000000
0!
0"
0%
0&
#410750000000
1!
1"
1%
1&
b1001100 +
#410800000000
0!
0"
0%
0&
#410850000000
1!
1"
1%
1&
b1001101 +
#410900000000
0!
0"
0%
0&
#410950000000
1!
1"
1%
1&
b1001110 +
#411000000000
0!
0"
0%
0&
#411050000000
1!
1"
1%
1&
b1001111 +
#411100000000
0!
0"
0%
0&
#411150000000
1!
1"
1%
1&
b1010000 +
#411200000000
0!
0"
0%
0&
#411250000000
1!
1"
1%
1&
b1010001 +
#411300000000
0!
0"
0%
0&
#411350000000
1!
1"
1%
1&
b1010010 +
#411400000000
0!
0"
0%
0&
#411450000000
1!
1"
1%
1&
b1010011 +
#411500000000
0!
0"
0%
0&
#411550000000
1!
1"
1%
1&
b1010100 +
#411600000000
0!
0"
0%
0&
#411650000000
1!
1"
1%
1&
b1010101 +
#411700000000
0!
0"
0%
0&
#411750000000
1!
1"
1%
1&
b1010110 +
#411800000000
0!
0"
0%
0&
#411850000000
1!
1"
1%
1&
b1010111 +
#411900000000
0!
0"
0%
0&
#411950000000
1!
1"
1%
1&
b1011000 +
#412000000000
0!
0"
0%
0&
#412050000000
1!
1"
1%
1&
b1011001 +
#412100000000
0!
0"
0%
0&
#412150000000
1!
1"
1%
1&
b1011010 +
#412200000000
0!
0"
0%
0&
#412250000000
1!
1"
1%
1&
b1011011 +
#412300000000
0!
0"
0%
0&
#412350000000
1!
1"
1%
1&
b1011100 +
#412400000000
0!
0"
0%
0&
#412450000000
1!
1"
1%
1&
b1011101 +
#412500000000
0!
0"
0%
0&
#412550000000
1!
1"
1%
1&
b1011110 +
#412600000000
0!
0"
0%
0&
#412650000000
1!
1"
1%
1&
b1011111 +
#412700000000
0!
0"
0%
0&
#412750000000
1!
1"
1$
1%
1&
1(
b0 +
#412800000000
0!
0"
1#
0%
0&
1'
#412850000000
1!
1"
0#
1%
1&
0'
b110 )
1-
#412900000000
0!
0"
0%
0&
#412950000000
1!
1"
1#
1%
1&
1'
b101 )
0-
#413000000000
0!
0"
0%
0&
#413050000000
1!
1"
0#
1%
1&
0'
b100 )
1-
#413100000000
0!
0"
0%
0&
#413150000000
1!
1"
1#
1%
1&
1'
b11 )
0-
#413200000000
0!
0"
0%
0&
#413250000000
1!
1"
0#
1%
1&
0'
b10 )
1-
#413300000000
0!
0"
0%
0&
#413350000000
1!
1"
1#
1%
1&
1'
b1 )
0-
#413400000000
0!
0"
0%
0&
#413450000000
1!
1"
0#
1%
1&
0'
b0 )
1-
#413500000000
0!
0"
0%
0&
#413550000000
1!
1"
1#
1%
1&
1'
b111 )
b1 *
0-
#413600000000
0!
0"
0%
0&
#413650000000
1!
1"
0#
1%
1&
0'
b110 )
1-
#413700000000
0!
0"
0%
0&
#413750000000
1!
1"
1#
1%
1&
1'
b101 )
0-
#413800000000
0!
0"
0%
0&
#413850000000
1!
1"
0#
1%
1&
0'
b100 )
1-
#413900000000
0!
0"
0%
0&
#413950000000
1!
1"
1#
1%
1&
1'
b11 )
0-
#414000000000
0!
0"
0%
0&
#414050000000
1!
1"
0#
1%
1&
0'
b10 )
1-
#414100000000
0!
0"
0%
0&
#414150000000
1!
1"
1#
1%
1&
1'
b1 )
0-
#414200000000
0!
0"
0%
0&
#414250000000
1!
1"
0#
1%
1&
0'
b0 )
1-
#414300000000
0!
0"
0%
0&
#414350000000
1!
1"
1#
1%
1&
1'
b111 )
b10 *
0-
#414400000000
0!
0"
0%
0&
#414450000000
1!
1"
0#
1%
1&
0'
b110 )
1-
#414500000000
0!
0"
0%
0&
#414550000000
1!
1"
1#
1%
1&
1'
b101 )
0-
#414600000000
0!
0"
0%
0&
#414650000000
1!
1"
0#
1%
1&
0'
b100 )
1-
#414700000000
0!
0"
0%
0&
#414750000000
1!
1"
1#
1%
1&
1'
b11 )
0-
#414800000000
0!
0"
0%
0&
#414850000000
1!
1"
0#
1%
1&
0'
b10 )
1-
#414900000000
0!
0"
0%
0&
#414950000000
1!
1"
1#
1%
1&
1'
b1 )
0-
#415000000000
0!
0"
0%
0&
#415050000000
1!
1"
0#
1%
1&
0'
b0 )
1-
#415100000000
0!
0"
0%
0&
#415150000000
1!
1"
1#
1%
1&
1'
b111 )
b11 *
0-
#415200000000
0!
0"
0%
0&
#415250000000
1!
1"
0#
1%
1&
0'
b110 )
1-
#415300000000
0!
0"
0%
0&
#415350000000
1!
1"
1#
1%
1&
1'
b101 )
0-
#415400000000
0!
0"
0%
0&
#415450000000
1!
1"
0#
1%
1&
0'
b100 )
1-
#415500000000
0!
0"
0%
0&
#415550000000
1!
1"
1#
1%
1&
1'
b11 )
0-
#415600000000
0!
0"
0%
0&
#415650000000
1!
1"
0#
1%
1&
0'
b10 )
1-
#415700000000
0!
0"
0%
0&
#415750000000
1!
1"
1#
1%
1&
1'
b1 )
0-
#415800000000
0!
0"
0%
0&
#415850000000
1!
1"
0#
1%
1&
0'
b0 )
1-
#415900000000
0!
0"
0%
0&
#415950000000
1!
1"
1#
1%
1&
1'
b111 )
b100 *
0-
#416000000000
0!
0"
0%
0&
#416050000000
1!
1"
0#
1%
1&
0'
b110 )
1-
#416100000000
0!
0"
0%
0&
#416150000000
1!
1"
1#
1%
1&
1'
b101 )
0-
#416200000000
0!
0"
0%
0&
#416250000000
1!
1"
0#
1%
1&
0'
b100 )
1-
#416300000000
0!
0"
0%
0&
#416350000000
1!
1"
1#
1%
1&
1'
b11 )
0-
#416400000000
0!
0"
0%
0&
#416450000000
1!
1"
0#
1%
1&
0'
b10 )
1-
#416500000000
0!
0"
0%
0&
#416550000000
1!
1"
1#
1%
1&
1'
b1 )
0-
#416600000000
0!
0"
0%
0&
#416650000000
1!
1"
0#
1%
1&
0'
b0 )
1-
#416700000000
0!
0"
0%
0&
#416750000000
1!
1"
1#
1%
1&
1'
b111 )
b101 *
0-
#416800000000
0!
0"
0%
0&
#416850000000
1!
1"
0#
1%
1&
0'
b110 )
1-
#416900000000
0!
0"
0%
0&
#416950000000
1!
1"
1#
1%
1&
1'
b101 )
0-
#417000000000
0!
0"
0%
0&
#417050000000
1!
1"
0#
1%
1&
0'
b100 )
1-
#417100000000
0!
0"
0%
0&
#417150000000
1!
1"
1#
1%
1&
1'
b11 )
0-
#417200000000
0!
0"
0%
0&
#417250000000
1!
1"
0#
1%
1&
0'
b10 )
1-
#417300000000
0!
0"
0%
0&
#417350000000
1!
1"
1#
1%
1&
1'
b1 )
0-
#417400000000
0!
0"
0%
0&
#417450000000
1!
1"
0#
1%
1&
0'
b0 )
1-
#417500000000
0!
0"
0%
0&
#417550000000
1!
1"
1#
1%
1&
1'
b111 )
b110 *
0-
#417600000000
0!
0"
0%
0&
#417650000000
1!
1"
0#
1%
1&
0'
b110 )
1-
#417700000000
0!
0"
0%
0&
#417750000000
1!
1"
1#
1%
1&
1'
b101 )
0-
#417800000000
0!
0"
0%
0&
#417850000000
1!
1"
0#
1%
1&
0'
b100 )
1-
#417900000000
0!
0"
0%
0&
#417950000000
1!
1"
1#
1%
1&
1'
b11 )
0-
#418000000000
0!
0"
0%
0&
#418050000000
1!
1"
0#
1%
1&
0'
b10 )
1-
#418100000000
0!
0"
0%
0&
#418150000000
1!
1"
1#
1%
1&
1'
b1 )
0-
#418200000000
0!
0"
0%
0&
#418250000000
1!
1"
0#
1%
1&
0'
b0 )
1-
#418300000000
0!
0"
0%
0&
#418350000000
1!
1"
1#
1%
1&
1'
b111 )
b0 *
0-
#418400000000
0!
0"
0%
0&
#418450000000
1!
1"
0#
1%
1&
0'
b110 )
1-
#418500000000
0!
0"
0%
0&
#418550000000
1!
1"
1#
1%
1&
1'
b101 )
0-
#418600000000
0!
0"
0%
0&
#418650000000
1!
1"
0#
1%
1&
0'
b100 )
1-
#418700000000
0!
0"
0%
0&
#418750000000
1!
1"
1#
1%
1&
1'
b11 )
0-
#418800000000
0!
0"
0%
0&
#418850000000
1!
1"
0#
1%
1&
0'
b10 )
1-
#418900000000
0!
0"
0%
0&
#418950000000
1!
1"
1#
1%
1&
1'
b1 )
0-
#419000000000
0!
0"
0%
0&
#419050000000
1!
1"
0#
1%
1&
0'
b0 )
1-
#419100000000
0!
0"
0%
0&
#419150000000
1!
1"
1#
1%
1&
1'
b111 )
b11111111111111111111111111111111 .
#419200000000
0!
0"
0#
0%
0&
0'
#419250000000
1!
1"
1#
1%
1&
1'
b110 )
b01111111111111111111111111111111 .
#419300000000
0!
0"
0#
0%
0&
0'
#419350000000
1!
1"
1#
1%
1&
1'
b101 )
b00111111111111111111111111111111 .
#419400000000
0!
0"
0#
0%
0&
0'
#419450000000
1!
1"
1#
1%
1&
1'
b100 )
b00011111111111111111111111111111 .
#419500000000
0!
0"
0#
0%
0&
0'
#419550000000
1!
1"
1#
1%
1&
1'
b11 )
b00001111111111111111111111111111 .
#419600000000
0!
0"
0#
0%
0&
0'
#419650000000
1!
1"
1#
1%
1&
1'
b10 )
b00000111111111111111111111111111 .
#419700000000
0!
0"
0#
0%
0&
0'
#419750000000
1!
1"
1#
1%
1&
1'
b1 )
b00000011111111111111111111111111 .
#419800000000
0!
0"
0#
0%
0&
0'
#419850000000
1!
1"
1#
1%
1&
1'
b0 )
b00000001111111111111111111111111 .
#419900000000
0!
0"
0#
0%
0&
0'
#419950000000
1!
1"
1#
1%
1&
1'
b111 )
b1 *
b00000000111111111111111111111111 .
#420000000000
0!
0"
0#
0%
0&
0'
#420050000000
1!
1"
1#
1%
1&
1'
b110 )
b00000000011111111111111111111111 .
#420100000000
0!
0"
0#
0%
0&
0'
#420150000000
1!
1"
1#
1%
1&
1'
b101 )
b00000000001111111111111111111111 .
#420200000000
0!
0"
0#
0%
0&
0'
#420250000000
1!
1"
1#
1%
1&
1'
b100 )
b00000000000111111111111111111111 .
#420300000000
0!
0"
0#
0%
0&
0'
#420350000000
1!
1"
1#
1%
1&
1'
b11 )
b00000000000011111111111111111111 .
#420400000000
0!
0"
0#
0%
0&
0'
#420450000000
1!
1"
1#
1%
1&
1'
b10 )
b00000000000001111111111111111111 .
#420500000000
0!
0"
0#
0%
0&
0'
#420550000000
1!
1"
1#
1%
1&
1'
b1 )
b00000000000000111111111111111111 .
#420600000000
0!
0"
0#
0%
0&
0'
#420650000000
1!
1"
1#
1%
1&
1'
b0 )
b00000000000000011111111111111111 .
#420700000000
0!
0"
0#
0%
0&
0'
#420750000000
1!
1"
1#
1%
1&
1'
b111 )
b10 *
b00000000000000001111111111111111 .
#420800000000
0!
0"
0#
0%
0&
0'
#420850000000
1!
1"
1#
1%
1&
1'
b110 )
b00000000000000000111111111111111 .
#420900000000
0!
0"
0#
0%
0&
0'
#420950000000
1!
1"
1#
1%
1&
1'
b101 )
b00000000000000000011111111111111 .
#421000000000
0!
0"
0#
0%
0&
0'
#421050000000
1!
1"
1#
1%
1&
1'
b100 )
b00000000000000000001111111111111 .
#421100000000
0!
0"
0#
0%
0&
0'
#421150000000
1!
1"
1#
1%
1&
1'
b11 )
b00000000000000000000111111111111 .
#421200000000
0!
0"
0#
0%
0&
0'
#421250000000
1!
1"
1#
1%
1&
1'
b10 )
b00000000000000000000011111111111 .
#421300000000
0!
0"
0#
0%
0&
0'
#421350000000
1!
1"
1#
1%
1&
1'
b1 )
b00000000000000000000001111111111 .
#421400000000
0!
0"
0#
0%
0&
0'
#421450000000
1!
1"
1#
1%
1&
1'
b0 )
b00000000000000000000000111111111 .
#421500000000
0!
0"
0#
0%
0&
0'
#421550000000
1!
1"
1#
1%
1&
1'
b111 )
b11 *
b00000000000000000000000011111111 .
#421600000000
0!
0"
0#
0%
0&
0'
#421650000000
1!
1"
1#
1%
1&
1'
b110 )
b00000000000000000000000001111111 .
#421700000000
0!
0"
0#
0%
0&
0'
#421750000000
1!
1"
1#
1%
1&
1'
b101 )
b00000000000000000000000000111111 .
#421800000000
0!
0"
0#
0%
0&
0'
#421850000000
1!
1"
1#
1%
1&
1'
b100 )
b00000000000000000000000000011111 .
#421900000000
0!
0"
0#
0%
0&
0'
#421950000000
1!
1"
1#
1%
1&
1'
b11 )
b00000000000000000000000000001111 .
#422000000000
0!
0"
0#
0%
0&
0'
#422050000000
1!
1"
1#
1%
1&
1'
b10 )
b00000000000000000000000000000111 .
#422100000000
0!
0"
0#
0%
0&
0'
#422150000000
1!
1"
1#
1%
1&
1'
b1 )
b00000000000000000000000000000011 .
#422200000000
0!
0"
0#
0%
0&
0'
#422250000000
1!
1"
1#
1%
1&
1'
b0 )
b00000000000000000000000000000001 .
#422300000000
0!
0"
0#
0%
0&
0'
#422350000000
1!
1"
1#
1%
1&
1'
b111 )
b100 *
b00000000000000000000000000000000 .
#422400000000
0!
0"
0#
0%
0&
0'
#422450000000
1!
1"
1#
1%
1&
1'
b110 )
b11101101101110001000001100100000 .
#422500000000
0!
0"
0#
0%
0&
0'
#422550000000
1!
1"
1#
1%
1&
1'
b101 )
b10011011011001001100001010110000 .
#422600000000
0!
0"
0#
0%
0&
0'
#422650000000
1!
1"
1#
1%
1&
1'
b100 )
b10100000000010101110001001111000 .
#422700000000
0!
0"
0#
0%
0&
0'
#422750000000
1!
1"
1#
1%
1&
1'
b11 )
b10111101101111011111001000011100 .
#422800000000
0!
0"
0#
0%
0&
0'
#422850000000
1!
1"
1#
1%
1&
1'
b10 )
b10110011011001100111101000101110 .
#422900000000
0!
0"
0#
0%
0&
0'
#422950000000
1!
1"
1#
1%
1&
1'
b1 )
b10110100000010111011111000110111 .
#423000000000
0!
0"
0#
0%
0&
0'
#423050000000
1!
1"
1#
1%
1&
1'
b0 )
b01011010000001011101111100011011 .
#423100000000
0!
0"
0#
0%
0&
0'
#423150000000
1!
1"
1#
1%
1&
1'
b111 )
b101 *
b00101101000000101110111110001101 .
#423200000000
0!
0"
0#
0%
0&
0'
#423250000000
1!
1"
1#
1%
1&
1'
b110 )
b00010110100000010111011111000110 .
#423300000000
0!
0"
0#
0%
0&
0'
#423350000000
1!
1"
1#
1%
1&
1'
b101 )
b11100110111110000011100011000011 .
#423400000000
0!
0"
0#
0%
0&
0'
#423450000000
1!
1"
1#
1%
1&
1'
b100 )
b01110011011111000001110001100001 .
#423500000000
0!
0"
0#
0%
0&
0'
#423550000000
1!
1"
1#
1%
1&
1'
b11 )
b00111001101111100000111000110000 .
#423600000000
0!
0"
0#
0%
0&
0'
#423650000000
1!
1"
1#
1%
1&
1'
b10 )
b11110001011001111000010000111000 .
#423700000000
0!
0"
0#
0%
0&
0'
#423750000000
1!
1"
1#
1%
1&
1'
b1 )
b10010101000010110100000100111100 .
#423800000000
0!
0"
0#
0%
0&
0'
#423850000000
1!
1"
1#
1%
1&
1'
b0 )
b10100111001111010010001110111110 .
#423900000000
0!
0"
0#
0%
0&
0'
#423950000000
1!
1"
1#
1%
1&
1'
b111 )
b0 *
b10111110001001100001001011111111 .
#424000000000
0!
0"
0#
0%
0&
0'
#424050000000
1!
1"
1#
1%
1&
1'
b110 )
0-
b10110010101010111000101001011111 .
#424100000000
0!
0"
0%
0&
#424150000000
1!
1"
0#
1%
1&
0'
b101 )
b10110100111011010100011000001111 .
#424200000000
0!
0"
1#
0%
0&
1'
#424250000000
1!
1"
0#
1%
1&
0'
b100 )
b10110111110011100010000000100111 .
#424300000000
0!
0"
1#
0%
0&
1'
#424350000000
1!
1"
0#
1%
1&
0'
b11 )
b10110110010111111001001100110011 .
#424400000000
0!
0"
1#
0%
0&
1'
#424450000000
1!
1"
0#
1%
1&
0'
b10 )
1-
b01011011001011111100100110011001 .
#424500000000
0!
0"
0%
0&
#424550000000
1!
1"
1#
1%
1&
1'
b1 )
0-
b11000000001011110110011111101100 .
#424600000000
0!
0"
0%
0&
#424650000000
1!
1"
0#
1%
1&
0'
b0 )
b01100000000101111011001111110110 .
#424700000000
0!
0"
1#
0%
0&
1'
#424750000000
1!
1"
0#
1%
1&
0'
b111 )
b1 *
b00110000000010111101100111111011 .
#424800000000
0!
0"
1#
0%
0&
1'
#424850000000
1!
1"
0#
1%
1&
0'
b110 )
b11110101101111010110111111011101 .
#424900000000
0!
0"
1#
0%
0&
1'
#424950000000
1!
1"
0#
1%
1&
0'
b101 )
1-
b01111010110111101011011111101110 .
#425000000000
0!
0"
0%
0&
#425050000000
1!
1"
1#
1%
1&
1'
b100 )
0-
b00111101011011110101101111110111 .
#425100000000
0!
0"
0%
0&
#425150000000
1!
1"
0#
1%
1&
0'
b11 )
b11110011000011110010111011011011 .
#425200000000
0!
0"
1#
0%
0&
1'
#425250000000
1!
1"
0#
1%
1&
0'
b10 )
b10010100001111110001010001001101 .
#425300000000
0!
0"
1#
0%
0&
1'
#425350000000
1!
1"
0#
1%
1&
0'
b1 )
b10100111101001110000100100000110 .
#425400000000
0!
0"
1#
0%
0&
1'
#425450000000
1!
1"
0#
1%
1&
0'
b0 )
b01010011110100111000010010000011 .
#425500000000
0!
0"
1#
0%
0&
1'
#425550000000
1!
1"
0#
1%
1&
0'
b111 )
b10 *
1-
b00101001111010011100001001000001 .
#425600000000
0!
0"
0%
0&
#425650000000
1!
1"
1#
1%
1&
1'
b110 )
0-
b11111001010011000110001000000000 .
#425700000000
0!
0"
0%
0&
#425750000000
1!
1"
0#
1%
1&
0'
b101 )
1-
b10010001000111101011001000100000 .
#425800000000
0!
0"
0%
0&
#425850000000
1!
1"
1#
1%
1&
1'
b100 )
b10100101001101111101101000110000 .
#425900000000
0!
0"
0#
0%
0&
0'
#425950000000
1!
1"
1#
1%
1&
1'
b11 )
0-
b01010010100110111110110100011000 .
#426000000000
0!
0"
0%
0&
#426050000000
1!
1"
0#
1%
1&
0'
b10 )
b00101001010011011111011010001100 .
#426100000000
0!
0"
1#
0%
0&
1'
#426150000000
1!
1"
0#
1%
1&
0'
b1 )
b00010100101001101111101101000110 .
#426200000000
0!
0"
1#
0%
0&
1'
#426250000000
1!
1"
0#
1%
1&
0'
b0 )
b00001010010100110111110110100011 .
#426300000000
0!
0"
1#
0%
0&
1'
#426350000000
1!
1"
0#
1%
1&
0'
b111 )
b11 *
1-
b00000101001010011011111011010001 .
#426400000000
0!
0"
0%
0&
#426450000000
1!
1"
1#
1%
1&
1'
b110 )
0-
b11101111001011000101110001001000 .
#426500000000
0!
0"
0%
0&
#426550000000
1!
1"
0#
1%
1&
0'
b101 )
b01110111100101100010111000100100 .
#426600000000
0!
0"
1#
0%
0&
1'
#426650000000
1!
1"
0#
1%
1&
0'
b100 )
b00111011110010110001011100010010 .
#426700000000
0!
0"
1#
0%
0&
1'
#426750000000
1!
1"
0#
1%
1&
0'
b11 )
1-
b11110000010111010000100010101001 .
#426800000000
0!
0"
0%
0&
#426850000000
1!
1"
1#
1%
1&
1'
b10 )
b01111000001011101000010001010100 .
#426900000000
0!
0"
0#
0%
0&
0'
#426950000000
1!
1"
1#
1%
1&
1'
b1 )
0-
b00111100000101110100001000101010 .
#427000000000
0!
0"
0%
0&
#427050000000
1!
1"
0#
1%
1&
0'
b0 )
b00011110000010111010000100010101 .
#427100000000
0!
0"
1#
0%
0&
1'
#427150000000
1!
1"
0#
1%
1&
0'
b111 )
b100 *
b11100010101111010101001110101010 .
#427200000000
0!
0"
1#
0%
0&
1'
#427250000000
1!
1"
0#
1%
1&
0'
b110 )
b01110001010111101010100111010101 .
#427300000000
0!
0"
1#
0%
0&
1'
#427350000000
1!
1"
0#
1%
1&
0'
b101 )
1-
b00111000101011110101010011101010 .
#427400000000
0!
0"
0%
0&
#427450000000
1!
1"
1#
1%
1&
1'
b100 )
0-
b00011100010101111010101001110101 .
#427500000000
0!
0"
0%
0&
#427550000000
1!
1"
0#
1%
1&
0'
b11 )
1-
b00001110001010111101010100111010 .
#427600000000
0!
0"
0%
0&
#427650000000
1!
1"
1#
1%
1&
1'
b10 )
0-
b00000111000101011110101010011101 .
#427700000000
0!
0"
0%
0&
#427750000000
1!
1"
0#
1%
1&
0'
b1 )
1-
b00000011100010101111010101001110 .
#427800000000
0!
0"
0%
0&
#427850000000
1!
1"
1#
1%
1&
1'
b0 )
b11101100011111011111100110000111 .
#427900000000
0!
0"
0#
0%
0&
0'
#427950000000
1!
1"
1#
1%
1&
1'
b111 )
b101 *
b01110110001111101111110011000011 .
#428000000000
0!
0"
0#
0%
0&
0'
#428050000000
1!
1"
1#
1%
1&
1'
b110 )
0-
b11010110101001111111110101000001 .
#428100000000
0!
0"
0%
0&
#428150000000
1!
1"
0#
1%
1&
0'
b101 )
b10000110111010110111110110000000 .
#428200000000
0!
0"
1#
0%
0&
1'
#428250000000
1!
1"
0#
1%
1&
0'
b100 )
b01000011011101011011111011000000 .
#428300000000
0!
0"
1#
0%
0&
1'
#428350000000
1!
1"
0#
1%
1&
0'
b11 )
1-
b11001100000000100101110001000000 .
#428400000000
0!
0"
0%
0&
#428450000000
1!
1"
1#
1%
1&
1'
b10 )
0-
b01100110000000010010111000100000 .
#428500000000
0!
0"
0%
0&
#428550000000
1!
1"
0#
1%
1&
0'
b1 )
b00110011000000001001011100010000 .
#428600000000
0!
0"
1#
0%
0&
1'
#428650000000
1!
1"
0#
1%
1&
0'
b0 )
b00011001100000000100101110001000 .
#428700000000
0!
0"
1#
0%
0&
1'
#428750000000
1!
1"
0#
1%
1&
0'
b111 )
b0 *
b00001100110000000010010111000100 .
#428800000000
0!
0"
1#
0%
0&
1'
#428850000000
1!
1"
0#
1%
1&
0'
b110 )
b00000110011000000001001011100010 .
#428900000000
0!
0"
1#
0%
0&
1'
#428950000000
1!
1"
0#
1%
1&
0'
b101 )
b00000011001100000000100101110001 .
#429000000000
0!
0"
1#
0%
0&
1'
#429050000000
1!
1"
0#
1%
1&
0'
b100 )
b11101100001000001000011110011000 .
#429100000000
0!
0"
1#
0%
0&
1'
#429150000000
1!
1"
0#
1%
1&
0'
b11 )
1-
b10011011101010001100000011101100 .
#429200000000
0!
0"
0%
0&
#429250000000
1!
1"
1#
1%
1&
1'
b10 )
0-
b01001101110101000110000001110110 .
#429300000000
0!
0"
0%
0&
#429350000000
1!
1"
0#
1%
1&
0'
b1 )
b00100110111010100011000000111011 .
#429400000000
0!
0"
1#
0%
0&
1'
#429450000000
1!
1"
0#
1%
1&
0'
b0 )
b11111110110011011001101100111101 .
#429500000000
0!
0"
1#
0%
0&
1'
#429550000000
1!
1"
0#
1%
1&
0'
b111 )
b1 *
1-
b01111111011001101100110110011110 .
#429600000000
0!
0"
0%
0&
#429650000000
1!
1"
1#
1%
1&
1'
b110 )
b11010010000010111110010111101111 .
#429700000000
0!
0"
0#
0%
0&
0'
#429750000000
1!
1"
1#
1%
1&
1'
b101 )
0-
b10000100101111010111000111010111 .
#429800000000
0!
0"
0%
0&
#429850000000
1!
1"
0#
1%
1&
0'
b100 )
1-
b01000010010111101011100011101011 .
#429900000000
0!
0"
0%
0&
#429950000000
1!
1"
1#
1%
1&
1'
b11 )
0-
b11001100100101111101111101010101 .
#430000000000
0!
0"
0%
0&
#430050000000
1!
1"
0#
1%
1&
0'
b10 )
1-
b01100110010010111110111110101010 .
#430100000000
0!
0"
0%
0&
#430150000000
1!
1"
1#
1%
1&
1'
b1 )
b11011110100111010111010011110101 .
#430200000000
0!
0"
0#
0%
0&
0'
#430250000000
1!
1"
1#
1%
1&
1'
b0 )
0-
b10000010111101100011100101011010 .
#430300000000
0!
0"
0%
0&
#430350000000
1!
1"
0#
1%
1&
0'
b111 )
b0 *
1-
b10101100110000111001111110001101 .
#430400000000
0!
0"
0%
0&
#430450000000
1!
1"
1#
1%
1&
1'
b110 )
0-
b10111011110110010100110011100110 .
#430500000000
0!
0"
0%
0&
#430550000000
1!
1"
0#
1%
1&
0'
b101 )
b01011101111011001010011001110011 .
#430600000000
0!
0"
1#
0%
0&
1'
#430650000000
1!
1"
0#
1%
1&
0'
b100 )
b11000011010011101101000000011001 .
#430700000000
0!
0"
1#
0%
0&
1'
#430750000000
1!
1"
0#
1%
1&
0'
b11 )
b10001100000111111110101100101100 .
#430800000000
0!
0"
1#
0%
0&
1'
#430850000000
1!
1"
0#
1%
1&
0'
b10 )
b01000110000011111111010110010110 .
#430900000000
0!
0"
1#
0%
0&
1'
#430950000000
1!
1"
0#
1%
1&
0'
b1 )
b00100011000001111111101011001011 .
#431000000000
0!
0"
1#
0%
0&
1'
#431050000000
1!
1"
0#
1%
1&
0'
b0 )
b11111100001110110111111001000101 .
#431100000000
0!
0"
1#
0%
0&
1'
#431150000000
1!
1"
0#
1%
1&
0'
b111 )
b1 *
b10010011101001010011110000000010 .
#431200000000
0!
0"
1#
0%
0&
1'
#431250000000
1!
1"
0#
1%
1&
0'
b110 )
b01001001110100101001111000000001 .
#431300000000
0!
0"
1#
0%
0&
1'
#431350000000
1!
1"
0#
1%
1&
0'
b101 )
b11001001010100011100110000100000 .
#431400000000
0!
0"
1#
0%
0&
1'
#431450000000
1!
1"
0#
1%
1&
0'
b100 )
b01100100101010001110011000010000 .
#431500000000
0!
0"
1#
0%
0&
1'
#431550000000
1!
1"
0#
1%
1&
0'
b11 )
b00110010010101000111001100001000 .
#431600000000
0!
0"
1#
0%
0&
1'
#431650000000
1!
1"
0#
1%
1&
0'
b10 )
b00011001001010100011100110000100 .
#431700000000
0!
0"
1#
0%
0&
1'
#431750000000
1!
1"
0#
1%
1&
0'
b1 )
b00001100100101010001110011000010 .
#431800000000
0!
0"
1#
0%
0&
1'
#431850000000
1!
1"
0#
1%
1&
0'
b0 )
b00000110010010101000111001100001 .
#431900000000
0!
0"
1#
0%
0&
1'
#431950000000
1!
1"
0#
1%
1&
0'
b111 )
b10 *
b11101110100111011100010000010000 .
#432000000000
0!
0"
1#
0%
0&
1'
#432050000000
1!
1"
0#
1%
1&
0'
b110 )
b01110111010011101110001000001000 .
#432100000000
0!
0"
1#
0%
0&
1'
#432150000000
1!
1"
0#
1%
1&
0'
b101 )
b00111011101001110111000100000100 .
#432200000000
0!
0"
1#
0%
0&
1'
#432250000000
1!
1"
0#
1%
1&
0'
b100 )
b00011101110100111011100010000010 .
#432300000000
0!
0"
1#
0%
0&
1'
#432350000000
1!
1"
0#
1%
1&
0'
b11 )
b00001110111010011101110001000001 .
#432400000000
0!
0"
1#
0%
0&
1'
#432450000000
1!
1"
0#
1%
1&
0'
b10 )
b11101010110011000110110100000000 .
#432500000000
0!
0"
1#
0%
0&
1'
#432550000000
1!
1"
0#
1%
1&
0'
b1 )
b01110101011001100011011010000000 .
#432600000000
0!
0"
1#
0%
0&
1'
#432650000000
1!
1"
0#
1%
1&
0'
b0 )
b00111010101100110001101101000000 .
#432700000000
0!
0"
1#
0%
0&
1'
#432750000000
1!
1"
0#
1%
1&
0'
b111 )
b11 *
b00011101010110011000110110100000 .
#432800000000
0!
0"
1#
0%
0&
1'
#432850000000
1!
1"
0#
1%
1&
0'
b110 )
b00001110101011001100011011010000 .
#432900000000
0!
0"
1#
0%
0&
1'
#432950000000
1!
1"
0#
1%
1&
0'
b101 )
b00000111010101100110001101101000 .
#433000000000
0!
0"
1#
0%
0&
1'
#433050000000
1!
1"
0#
1%
1&
0'
b100 )
b00000011101010110011000110110100 .
#433100000000
0!
0"
1#
0%
0&
1'
#433150000000
1!
1"
0#
1%
1&
0'
b11 )
b00000001110101011001100011011010 .
#433200000000
0!
0"
1#
0%
0&
1'
#433250000000
1!
1"
0#
1%
1&
0'
b10 )
b00000000111010101100110001101101 .
#433300000000
0!
0"
1#
0%
0&
1'
#433350000000
1!
1"
0#
1%
1&
0'
b1 )
b11101101110011011110010100010110 .
#433400000000
0!
0"
1#
0%
0&
1'
#433450000000
1!
1"
0#
1%
1&
0'
b0 )
b01110110111001101111001010001011 .
#433500000000
0!
0"
1#
0%
0&
1'
#433550000000
1!
1"
0#
1%
1&
0'
b111 )
b100 *
b11010110110010111111101001100101 .
#433600000000
0!
0"
1#
0%
0&
1'
#433650000000
1!
1"
0#
1%
1&
0'
b110 )
b10000110110111010111111000010010 .
#433700000000
0!
0"
1#
0%
0&
1'
#433750000000
1!
1"
0#
1%
1&
0'
b101 )
b01000011011011101011111100001001 .
#433800000000
0!
0"
1#
0%
0&
1'
#433850000000
1!
1"
0#
1%
1&
0'
b100 )
b11001100000011111101110010100100 .
#433900000000
0!
0"
1#
0%
0&
1'
#433950000000
1!
1"
0#
1%
1&
0'
b11 )
b01100110000001111110111001010010 .
#434000000000
0!
0"
1#
0%
0&
1'
#434050000000
1!
1"
0#
1%
1&
0'
b10 )
b00110011000000111111011100101001 .
#434100000000
0!
0"
1#
0%
0&
1'
#434150000000
1!
1"
0#
1%
1&
0'
b1 )
b11110100001110010111100010110100 .
#434200000000
0!
0"
1#
0%
0&
1'
#434250000000
1!
1"
0#
1%
1&
0'
b0 )
b01111010000111001011110001011010 .
#434300000000
0!
0"
1#
0%
0&
1'
#434350000000
1!
1"
0#
1%
1&
0'
b111 )
b101 *
b00111101000011100101111000101101 .
#434400000000
0!
0"
1#
0%
0&
1'
#434450000000
1!
1"
0#
1%
1&
0'
b110 )
b11110011001111111010110000110110 .
#434500000000
0!
0"
1#
0%
0&
1'
#434550000000
1!
1"
0#
1%
1&
0'
b101 )
b01111001100111111101011000011011 .
#434600000000
0!
0"
1#
0%
0&
1'
#434650000000
1!
1"
0#
1%
1&
0'
b100 )
b11010001011101110110100000101101 .
#434700000000
0!
0"
1#
0%
0&
1'
#434750000000
1!
1"
0#
1%
1&
0'
b11 )
b10000101000000110011011100110110 .
#434800000000
0!
0"
1#
0%
0&
1'
#434850000000
1!
1"
0#
1%
1&
0'
b10 )
b01000010100000011001101110011011 .
#434900000000
0!
0"
1#
0%
0&
1'
#434950000000
1!
1"
0#
1%
1&
0'
b1 )
b11001100111110000100111011101101 .
#435000000000
0!
0"
1#
0%
0&
1'
#435050000000
1!
1"
0#
1%
1&
0'
b0 )
b10001011110001001010010001010110 .
#435100000000
0!
0"
1#
0%
0&
1'
#435150000000
1!
1"
0#
1%
1&
0'
b111 )
b110 *
b01000101111000100101001000101011 .
#435200000000
0!
0"
1#
0%
0&
1'
#435250000000
1!
1"
0#
1%
1&
0'
b110 )
b11001111010010011010101000110101 .
#435300000000
0!
0"
1#
0%
0&
1'
#435350000000
1!
1"
0#
1%
1&
0'
b101 )
b10001010000111000101011000111010 .
#435400000000
0!
0"
1#
0%
0&
1'
#435450000000
1!
1"
0#
1%
1&
0'
b100 )
b01000101000011100010101100011101 .
#435500000000
0!
0"
1#
0%
0&
1'
#435550000000
1!
1"
0#
1%
1&
0'
b11 )
b11001111001111111001011010101110 .
#435600000000
0!
0"
1#
0%
0&
1'
#435650000000
1!
1"
0#
1%
1&
0'
b10 )
b01100111100111111100101101010111 .
#435700000000
0!
0"
1#
0%
0&
1'
#435750000000
1!
1"
0#
1%
1&
0'
b1 )
b11011110011101110110011010001011 .
#435800000000
0!
0"
1#
0%
0&
1'
#435850000000
1!
1"
0#
1%
1&
0'
b0 )
b10000010100000110011000001100101 .
#435900000000
0!
0"
1#
0%
0&
1'
#435950000000
1!
1"
0#
1%
1&
0'
b111 )
b111 *
b10101100111110010001101100010010 .
#436000000000
0!
0"
1#
0%
0&
1'
#436050000000
1!
1"
0#
1%
1&
0'
b110 )
b01010110011111001000110110001001 .
#436100000000
0!
0"
1#
0%
0&
1'
#436150000000
1!
1"
0#
1%
1&
0'
b101 )
b11000110100001101100010111100100 .
#436200000000
0!
0"
1#
0%
0&
1'
#436250000000
1!
1"
0#
1%
1&
0'
b100 )
b01100011010000110110001011110010 .
#436300000000
0!
0"
1#
0%
0&
1'
#436350000000
1!
1"
0#
1%
1&
0'
b11 )
b00110001101000011011000101111001 .
#436400000000
0!
0"
1#
0%
0&
1'
#436450000000
1!
1"
0#
1%
1&
0'
b10 )
b11110101011010000101101110011100 .
#436500000000
0!
0"
1#
0%
0&
1'
#436550000000
1!
1"
0#
1%
1&
0'
b1 )
b01111010101101000010110111001110 .
#436600000000
0!
0"
1#
0%
0&
1'
#436650000000
1!
1"
0#
1%
1&
0'
b0 )
b00111101010110100001011011100111 .
#436700000000
0!
0"
1#
0%
0&
1'
#436750000000
1!
1"
0#
1%
1&
0'
b111 )
b1000 *
b11110011000101011000100001010011 .
#436800000000
0!
0"
1#
0%
0&
1'
#436850000000
1!
1"
0#
1%
1&
0'
b110 )
b10010100001100100100011100001001 .
#436900000000
0!
0"
1#
0%
0&
1'
#436950000000
1!
1"
0#
1%
1&
0'
b101 )
b10100111101000011010000010100100 .
#437000000000
0!
0"
1#
0%
0&
1'
#437050000000
1!
1"
0#
1%
1&
0'
b100 )
b01010011110100001101000001010010 .
#437100000000
0!
0"
1#
0%
0&
1'
#437150000000
1!
1"
0#
1%
1&
0'
b11 )
b00101001111010000110100000101001 .
#437200000000
0!
0"
1#
0%
0&
1'
#437250000000
1!
1"
0#
1%
1&
0'
b10 )
b11111001010011001011011100110100 .
#437300000000
0!
0"
1#
0%
0&
1'
#437350000000
1!
1"
0#
1%
1&
0'
b1 )
b01111100101001100101101110011010 .
#437400000000
0!
0"
1#
0%
0&
1'
#437450000000
1!
1"
0#
1%
1&
0'
b0 )
b00111110010100110010110111001101 .
#437500000000
0!
0"
1#
0%
0&
1'
#437550000000
1!
1"
0#
1%
1&
0'
b111 )
b1001 *
b11110010100100010001010111000110 .
#437600000000
0!
0"
1#
0%
0&
1'
#437650000000
1!
1"
0#
1%
1&
0'
b110 )
b01111001010010001000101011100011 .
#437700000000
0!
0"
1#
0%
0&
1'
#437750000000
1!
1"
0#
1%
1&
0'
b101 )
b11010001000111001100011001010001 .
#437800000000
0!
0"
1#
0%
0&
1'
#437850000000
1!
1"
0#
1%
1&
0'
b100 )
b10000101001101101110000000001000 .
#437900000000
0!
0"
1#
0%
0&
1'
#437950000000
1!
1"
0#
1%
1&
0'
b11 )
b01000010100110110111000000000100 .
#438000000000
0!
0"
1#
0%
0&
1'
#438050000000
1!
1"
0#
1%
1&
0'
b10 )
b00100001010011011011100000000010 .
#438100000000
0!
0"
1#
0%
0&
1'
#438150000000
1!
1"
0#
1%
1&
0'
b1 )
b00010000101001101101110000000001 .
#438200000000
0!
0"
1#
0%
0&
1'
#438250000000
1!
1"
0#
1%
1&
0'
b0 )
b11100101111010111110110100100000 .
#438300000000
0!
0"
1#
0%
0&
1'
#438350000000
1!
1"
0#
1%
1&
0'
b111 )
b1010 *
b01110010111101011111011010010000 .
#438400000000
0!
0"
1#
0%
0&
1'
#438450000000
1!
1"
0#
1%
1&
0'
b110 )
b00111001011110101111101101001000 .
#438500000000
0!
0"
1#
0%
0&
1'
#438550000000
1!
1"
0#
1%
1&
0'
b101 )
b00011100101111010111110110100100 .
#438600000000
0!
0"
1#
0%
0&
1'
#438650000000
1!
1"
0#
1%
1&
0'
b100 )
b00001110010111101011111011010010 .
#438700000000
0!
0"
1#
0%
0&
1'
#438750000000
1!
1"
0#
1%
1&
0'
b11 )
b00000111001011110101111101101001 .
#438800000000
0!
0"
1#
0%
0&
1'
#438850000000
1!
1"
0#
1%
1&
0'
b10 )
b11101110001011110010110010010100 .
#438900000000
0!
0"
1#
0%
0&
1'
#438950000000
1!
1"
0#
1%
1&
0'
b1 )
b01110111000101111001011001001010 .
#439000000000
0!
0"
1#
0%
0&
1'
#439050000000
1!
1"
0#
1%
1&
0'
b0 )
b00111011100010111100101100100101 .
#439100000000
0!
0"
1#
0%
0&
1'
#439150000000
1!
1"
0#
1%
1&
0'
b111 )
b1011 *
b11110000011111010110011010110010 .
#439200000000
0!
0"
1#
0%
0&
1'
#439250000000
1!
1"
0#
1%
1&
0'
b110 )
b01111000001111101011001101011001 .
#439300000000
0!
0"
1#
0%
0&
1'
#439350000000
1!
1"
0#
1%
1&
0'
b101 )
b11010001101001111101101010001100 .
#439400000000
0!
0"
1#
0%
0&
1'
#439450000000
1!
1"
0#
1%
1&
0'
b100 )
b01101000110100111110110101000110 .
#439500000000
0!
0"
1#
0%
0&
1'
#439550000000
1!
1"
0#
1%
1&
0'
b11 )
b00110100011010011111011010100011 .
#439600000000
0!
0"
1#
0%
0&
1'
#439650000000
1!
1"
0#
1%
1&
0'
b10 )
b11110111100011000111100001110001 .
#439700000000
0!
0"
1#
0%
0&
1'
#439750000000
1!
1"
0#
1%
1&
0'
b1 )
b10010110011111101011111100011000 .
#439800000000
0!
0"
1#
0%
0&
1'
#439850000000
1!
1"
0#
1%
1&
0'
b0 )
b01001011001111110101111110001100 .
#439900000000
0!
0"
1#
0%
0&
1'
#439950000000
1!
1"
0#
1%
1&
0'
b111 )
b1100 *
b00100101100111111010111111000110 .
#440000000000
0!
0"
1#
0%
0&
1'
#440050000000
1!
1"
0#
1%
1&
0'
b110 )
b00010010110011111101011111100011 .
#440100000000
0!
0"
1#
0%
0&
1'
#440150000000
1!
1"
0#
1%
1&
0'
b101 )
b11100100110111110110100011010001 .
#440200000000
0!
0"
1#
0%
0&
1'
#440250000000
1!
1"
0#
1%
1&
0'
b100 )
b10011111110101110011011101001000 .
#440300000000
0!
0"
1#
0%
0&
1'
#440350000000
1!
1"
0#
1%
1&
0'
b11 )
b01001111111010111001101110100100 .
#440400000000
0!
0"
1#
0%
0&
1'
#440450000000
1!
1"
0#
1%
1&
0'
b10 )
b00100111111101011100110111010010 .
#440500000000
0!
0"
1#
0%
0&
1'
#440550000000
1!
1"
0#
1%
1&
0'
b1 )
b00010011111110101110011011101001 .
#440600000000
0!
0"
1#
0%
0&
1'
#440650000000
1!
1"
0#
1%
1&
0'
b0 )
b11100100010001011111000001010100 .
#440700000000
0!
0"
1#
0%
0&
1'
#440750000000
1!
1"
0#
1%
1&
0'
b111 )
b1101 *
b01110010001000101111100000101010 .
#440800000000
0!
0"
1#
0%
0&
1'
#440850000000
1!
1"
0#
1%
1&
0'
b110 )
b00111001000100010111110000010101 .
#440900000000
0!
0"
1#
0%
0&
1'
#440950000000
1!
1"
0#
1%
1&
0'
b101 )
b11110001001100000011110100101010 .
#441000000000
0!
0"
1#
0%
0&
1'
#441050000000
1!
1"
0#
1%
1&
0'
b100 )
b01111000100110000001111010010101 .
#441100000000
0!
0"
1#
0%
0&
1'
#441150000000
1!
1"
0#
1%
1&
0'
b11 )
b11010001111101001000110001101010 .
#441200000000
0!
0"
1#
0%
0&
1'
#441250000000
1!
1"
0#
1%
1&
0'
b10 )
b01101000111110100100011000110101 .
#441300000000
0!
0"
1#
0%
0&
1'
#441350000000
1!
1"
0#
1%
1&
0'
b1 )
b11011001110001011010000000111010 .
#441400000000
0!
0"
1#
0%
0&
1'
#441450000000
1!
1"
0#
1%
1&
0'
b0 )
b01101100111000101101000000011101 .
#441500000000
0!
0"
1#
0%
0&
1'
#441550000000
1!
1"
0#
1%
1&
0'
b111 )
b1110 *
b11011011110010011110101100101110 .
#441600000000
0!
0"
1#
0%
0&
1'
#441650000000
1!
1"
0#
1%
1&
0'
b110 )
b01101101111001001111010110010111 .
#441700000000
0!
0"
1#
0%
0&
1'
#441750000000
1!
1"
0#
1%
1&
0'
b101 )
b11011011010010101111100111101011 .
#441800000000
0!
0"
1#
0%
0&
1'
#441850000000
1!
1"
0#
1%
1&
0'
b100 )
b10000000000111011111111111010101 .
#441900000000
0!
0"
1#
0%
0&
1'
#441950000000
1!
1"
0#
1%
1&
0'
b11 )
b10101101101101100111110011001010 .
#442000000000
0!
0"
1#
0%
0&
1'
#442050000000
1!
1"
0#
1%
1&
0'
b10 )
b01010110110110110011111001100101 .
#442100000000
0!
0"
1#
0%
0&
1'
#442150000000
1!
1"
0#
1%
1&
0'
b1 )
b11000110110101010001110000010010 .
#442200000000
0!
0"
1#
0%
0&
1'
#442250000000
1!
1"
0#
1%
1&
0'
b0 )
b01100011011010101000111000001001 .
#442300000000
0!
0"
1#
0%
0&
1'
#442350000000
1!
1"
0#
1%
1&
0'
b111 )
b1111 *
b11011100000011011100010000100100 .
#442400000000
0!
0"
1#
0%
0&
1'
#442450000000
1!
1"
0#
1%
1&
0'
b110 )
b01101110000001101110001000010010 .
#442500000000
0!
0"
1#
0%
0&
1'
#442550000000
1!
1"
0#
1%
1&
0'
b101 )
b00110111000000110111000100001001 .
#442600000000
0!
0"
1#
0%
0&
1'
#442650000000
1!
1"
0#
1%
1&
0'
b100 )
b11110110001110010011101110100100 .
#442700000000
0!
0"
1#
0%
0&
1'
#442750000000
1!
1"
0#
1%
1&
0'
b11 )
b01111011000111001001110111010010 .
#442800000000
0!
0"
1#
0%
0&
1'
#442850000000
1!
1"
0#
1%
1&
0'
b10 )
b00111101100011100100111011101001 .
#442900000000
0!
0"
1#
0%
0&
1'
#442950000000
1!
1"
0#
1%
1&
0'
b1 )
b11110011011111111010010001010100 .
#443000000000
0!
0"
1#
0%
0&
1'
#443050000000
1!
1"
0#
1%
1&
0'
b0 )
b01111001101111111101001000101010 .
#443100000000
0!
0"
1#
0%
0&
1'
#443150000000
1!
1"
0#
1%
1&
0'
b111 )
b10000 *
b00111100110111111110100100010101 .
#443200000000
0!
0"
1#
0%
0&
1'
#443250000000
1!
1"
0#
1%
1&
0'
b110 )
b11110011110101110111011110101010 .
#443300000000
0!
0"
1#
0%
0&
1'
#443350000000
1!
1"
0#
1%
1&
0'
b101 )
b01111001111010111011101111010101 .
#443400000000
0!
0"
1#
0%
0&
1'
#443450000000
1!
1"
0#
1%
1&
0'
b100 )
b11010001010011010101111011001010 .
#443500000000
0!
0"
1#
0%
0&
1'
#443550000000
1!
1"
0#
1%
1&
0'
b11 )
b01101000101001101010111101100101 .
#443600000000
0!
0"
1#
0%
0&
1'
#443650000000
1!
1"
0#
1%
1&
0'
b10 )
b11011001111010111101010010010010 .
#443700000000
0!
0"
1#
0%
0&
1'
#443750000000
1!
1"
0#
1%
1&
0'
b1 )
b01101100111101011110101001001001 .
#443800000000
0!
0"
1#
0%
0&
1'
#443850000000
1!
1"
0#
1%
1&
0'
b0 )
b11011011110000100111011000000100 .
#443900000000
0!
0"
1#
0%
0&
1'
#443950000000
1!
1"
0#
1%
1&
0'
b111 )
b10001 *
b01101101111000010011101100000010 .
#444000000000
0!
0"
1#
0%
0&
1'
#444050000000
1!
1"
0#
1%
1&
0'
b110 )
b00110110111100001001110110000001 .
#444100000000
0!
0"
1#
0%
0&
1'
#444150000000
1!
1"
0#
1%
1&
0'
b101 )
b11110110110000001100110111100000 .
#444200000000
0!
0"
1#
0%
0&
1'
#444250000000
1!
1"
0#
1%
1&
0'
b100 )
b01111011011000000110011011110000 .
#444300000000
0!
0"
1#
0%
0&
1'
#444350000000
1!
1"
0#
1%
1&
0'
b11 )
b00111101101100000011001101111000 .
#444400000000
0!
0"
1#
0%
0&
1'
#444450000000
1!
1"
0#
1%
1&
0'
b10 )
b00011110110110000001100110111100 .
#444500000000
0!
0"
1#
0%
0&
1'
#444550000000
1!
1"
0#
1%
1&
0'
b1 )
b00001111011011000000110011011110 .
#444600000000
0!
0"
1#
0%
0&
1'
#444650000000
1!
1"
0#
1%
1&
0'
b0 )
b00000111101101100000011001101111 .
#444700000000
0!
0"
1#
0%
0&
1'
#444750000000
1!
1"
0#
1%
1&
0'
b111 )
b10010 *
b11101110011000111000000000010111 .
#444800000000
0!
0"
1#
0%
0&
1'
#444850000000
1!
1"
0#
1%
1&
0'
b110 )
b10011010100010010100001100101011 .
#444900000000
0!
0"
1#
0%
0&
1'
#444950000000
1!
1"
0#
1%
1&
0'
b101 )
b10100000111111000010001010110101 .
#445000000000
0!
0"
1#
0%
0&
1'
#445050000000
1!
1"
0#
1%
1&
0'
b100 )
b10111101110001101001001001111010 .
#445100000000
0!
0"
1#
0%
0&
1'
#445150000000
1!
1"
0#
1%
1&
0'
b11 )
b01011110111000110100100100111101 .
#445200000000
0!
0"
1#
0%
0&
1'
#445250000000
1!
1"
0#
1%
1&
0'
b10 )
b11000010110010010010011110111110 .
#445300000000
0!
0"
1#
0%
0&
1'
#445350000000
1!
1"
0#
1%
1&
0'
b1 )
b01100001011001001001001111011111 .
#445400000000
0!
0"
1#
0%
0&
1'
#445450000000
1!
1"
0#
1%
1&
0'
b0 )
b11011101000010101100101011001111 .
#445500000000
0!
0"
1#
0%
0&
1'
#445550000000
1!
1"
0#
1%
1&
0'
b111 )
b10011 *
b10000011001111011110011001000111 .
#445600000000
0!
0"
1#
0%
0&
1'
#445650000000
1!
1"
0#
1%
1&
0'
b110 )
b10101100001001100111000000000011 .
#445700000000
0!
0"
1#
0%
0&
1'
#445750000000
1!
1"
0#
1%
1&
0'
b101 )
b10111011101010111011101100100001 .
#445800000000
0!
0"
1#
0%
0&
1'
#445850000000
1!
1"
0#
1%
1&
0'
b100 )
b10110000011011010101111010110000 .
#445900000000
0!
0"
1#
0%
0&
1'
#445950000000
1!
1"
0#
1%
1&
0'
b11 )
b01011000001101101010111101011000 .
#446000000000
0!
0"
1#
0%
0&
1'
#446050000000
1!
1"
0#
1%
1&
0'
b10 )
b00101100000110110101011110101100 .
#446100000000
0!
0"
1#
0%
0&
1'
#446150000000
1!
1"
0#
1%
1&
0'
b1 )
b00010110000011011010101111010110 .
#446200000000
0!
0"
1#
0%
0&
1'
#446250000000
1!
1"
0#
1%
1&
0'
b0 )
b00001011000001101101010111101011 .
#446300000000
0!
0"
1#
0%
0&
1'
#446350000000
1!
1"
0#
1%
1&
0'
b111 )
b10100 *
b11101000001110111110100111010101 .
#446400000000
0!
0"
1#
0%
0&
1'
#446450000000
1!
1"
0#
1%
1&
0'
b110 )
b10011001101001010111011111001010 .
#446500000000
0!
0"
1#
0%
0&
1'
#446550000000
1!
1"
0#
1%
1&
0'
b101 )
b01001100110100101011101111100101 .
#446600000000
0!
0"
1#
0%
0&
1'
#446650000000
1!
1"
0#
1%
1&
0'
b100 )
b11001011110100011101111011010010 .
#446700000000
0!
0"
1#
0%
0&
1'
#446750000000
1!
1"
0#
1%
1&
0'
b11 )
b01100101111010001110111101101001 .
#446800000000
0!
0"
1#
0%
0&
1'
#446850000000
1!
1"
0#
1%
1&
0'
b10 )
b11011111010011001111010010010100 .
#446900000000
0!
0"
1#
0%
0&
1'
#446950000000
1!
1"
0#
1%
1&
0'
b1 )
b01101111101001100111101001001010 .
#447000000000
0!
0"
1#
0%
0&
1'
#447050000000
1!
1"
0#
1%
1&
0'
b0 )
b00110111110100110011110100100101 .
#447100000000
0!
0"
1#
0%
0&
1'
#447150000000
1!
1"
0#
1%
1&
0'
b111 )
b10101 *
b11110110010100010001110110110010 .
#447200000000
0!
0"
1#
0%
0&
1'
#447250000000
1!
1"
0#
1%
1&
0'
b110 )
b01111011001010001000111011011001 .
#447300000000
0!
0"
1#
0%
0&
1'
#447350000000
1!
1"
0#
1%
1&
0'
b101 )
b11010000001011001100010001001100 .
#447400000000
0!
0"
1#
0%
0&
1'
#447450000000
1!
1"
0#
1%
1&
0'
b100 )
b01101000000101100110001000100110 .
#447500000000
0!
0"
1#
0%
0&
1'
#447550000000
1!
1"
0#
1%
1&
0'
b11 )
b00110100000010110011000100010011 .
#447600000000
0!
0"
1#
0%
0&
1'
#447650000000
1!
1"
0#
1%
1&
0'
b10 )
b11110111101111010001101110101001 .
#447700000000
0!
0"
1#
0%
0&
1'
#447750000000
1!
1"
0#
1%
1&
0'
b1 )
b10010110011001100000111011110100 .
#447800000000
0!
0"
1#
0%
0&
1'
#447850000000
1!
1"
0#
1%
1&
0'
b0 )
b01001011001100110000011101111010 .
#447900000000
0!
0"
1#
0%
0&
1'
#447950000000
1!
1"
0#
1%
1&
0'
b111 )
b10110 *
b00100101100110011000001110111101 .
#448000000000
0!
0"
1#
0%
0&
1'
#448050000000
1!
1"
0#
1%
1&
0'
b110 )
b11111111011101000100001011111110 .
#448100000000
0!
0"
1#
0%
0&
1'
#448150000000
1!
1"
0#
1%
1&
0'
b101 )
b01111111101110100010000101111111 .
#448200000000
0!
0"
1#
0%
0&
1'
#448250000000
1!
1"
0#
1%
1&
0'
b100 )
b11010010011001011001001110011111 .
#448300000000
0!
0"
1#
0%
0&
1'
#448350000000
1!
1"
0#
1%
1&
0'
b11 )
b10000100100010100100101011101111 .
#448400000000
0!
0"
1#
0%
0&
1'
#448450000000
1!
1"
0#
1%
1&
0'
b10 )
b10101111111111011010011001010111 .
#448500000000
0!
0"
1#
0%
0&
1'
#448550000000
1!
1"
0#
1%
1&
0'
b1 )
b10111010010001100101000000001011 .
#448600000000
0!
0"
1#
0%
0&
1'
#448650000000
1!
1"
0#
1%
1&
0'
b0 )
b10110000100110111010101100100101 .
#448700000000
0!
0"
1#
0%
0&
1'
#448750000000
1!
1"
0#
1%
1&
0'
b111 )
b10111 *
b10110101111101010101011010110010 .
#448800000000
0!
0"
1#
0%
0&
1'
#448850000000
1!
1"
0#
1%
1&
0'
b110 )
b01011010111110101010101101011001 .
#448900000000
0!
0"
1#
0%
0&
1'
#448950000000
1!
1"
0#
1%
1&
0'
b101 )
b11000000110001011101011010001100 .
#449000000000
0!
0"
1#
0%
0&
1'
#449050000000
1!
1"
0#
1%
1&
0'
b100 )
b01100000011000101110101101000110 .
#449100000000
0!
0"
1#
0%
0&
1'
#449150000000
1!
1"
0#
1%
1&
0'
b11 )
b00110000001100010111010110100011 .
#449200000000
0!
0"
1#
0%
0&
1'
#449250000000
1!
1"
0#
1%
1&
0'
b10 )
b11110101101000000011100111110001 .
#449300000000
0!
0"
1#
0%
0&
1'
#449350000000
1!
1"
0#
1%
1&
0'
b1 )
b10010111011010001001111111011000 .
#449400000000
0!
0"
1#
0%
0&
1'
#449450000000
1!
1"
0#
1%
1&
0'
b0 )
b01001011101101000100111111101100 .
#449500000000
0!
0"
1#
0%
0&
1'
#449550000000
1!
1"
0#
1%
1&
0'
b111 )
b11000 *
b00100101110110100010011111110110 .
#449600000000
0!
0"
1#
0%
0&
1'
#449650000000
1!
1"
0#
1%
1&
0'
b110 )
b00010010111011010001001111111011 .
#449700000000
0!
0"
1#
0%
0&
1'
#449750000000
1!
1"
0#
1%
1&
0'
b101 )
b11100100110011100000101011011101 .
#449800000000
0!
0"
1#
0%
0&
1'
#449850000000
1!
1"
0#
1%
1&
0'
b100 )
b10011111110111111000011001001110 .
#449900000000
0!
0"
1#
0%
0&
1'
#449950000000
1!
1"
0#
1%
1&
0'
b11 )
b01001111111011111100001100100111 .
#450000000000
0!
0"
1#
0%
0&
1'
#450050000000
1!
1"
0#
1%
1&
0'
b10 )
b11001010010011110110001010110011 .
#450100000000
0!
0"
1#
0%
0&
1'
#450150000000
1!
1"
0#
1%
1&
0'
b1 )
b10001000100111110011001001111001 .
#450200000000
0!
0"
1#
0%
0&
1'
#450250000000
1!
1"
0#
1%
1&
0'
b0 )
b10101001111101110001101000011100 .
#450300000000
0!
0"
1#
0%
0&
1'
#450350000000
1!
1"
0#
1%
1&
0'
b111 )
b11001 *
b01010100111110111000110100001110 .
#450400000000
0!
0"
1#
0%
0&
1'
#450450000000
1!
1"
0#
1%
1&
0'
b110 )
b00101010011111011100011010000111 .
#450500000000
0!
0"
1#
0%
0&
1'
#450550000000
1!
1"
0#
1%
1&
0'
b101 )
b11111000100001100110000001100011 .
#450600000000
0!
0"
1#
0%
0&
1'
#450650000000
1!
1"
0#
1%
1&
0'
b100 )
b10010001111110111011001100010001 .
#450700000000
0!
0"
1#
0%
0&
1'
#450750000000
1!
1"
0#
1%
1&
0'
b11 )
b10100101010001010101101010101000 .
#450800000000
0!
0"
1#
0%
0&
1'
#450850000000
1!
1"
0#
1%
1&
0'
b10 )
b01010010101000101010110101010100 .
#450900000000
0!
0"
1#
0%
0&
1'
#450950000000
1!
1"
0#
1%
1&
0'
b1 )
b00101001010100010101011010101010 .
#451000000000
0!
0"
1#
0%
0&
1'
#451050000000
1!
1"
0#
1%
1&
0'
b0 )
b00010100101010001010101101010101 .
#451100000000
0!
0"
1#
0%
0&
1'
#451150000000
1!
1"
0#
1%
1&
0'
b111 )
b11010 *
b11100111111011001101011010001010 .
#451200000000
0!
0"
1#
0%
0&
1'
#451250000000
1!
1"
0#
1%
1&
0'
b110 )
b01110011111101100110101101000101 .
#451300000000
0!
0"
1#
0%
0&
1'
#451350000000
1!
1"
0#
1%
1&
0'
b101 )
b11010100010000111011011010000010 .
#451400000000
0!
0"
1#
0%
0&
1'
#451450000000
1!
1"
0#
1%
1&
0'
b100 )
b01101010001000011101101101000001 .
#451500000000
0!
0"
1#
0%
0&
1'
#451550000000
1!
1"
0#
1%
1&
0'
b11 )
b11011000101010000110111010000000 .
#451600000000
0!
0"
1#
0%
0&
1'
#451650000000
1!
1"
0#
1%
1&
0'
b10 )
b01101100010101000011011101000000 .
#451700000000
0!
0"
1#
0%
0&
1'
#451750000000
1!
1"
0#
1%
1&
0'
b1 )
b00110110001010100001101110100000 .
#451800000000
0!
0"
1#
0%
0&
1'
#451850000000
1!
1"
0#
1%
1&
0'
b0 )
b00011011000101010000110111010000 .
#451900000000
0!
0"
1#
0%
0&
1'
#451950000000
1!
1"
0#
1%
1&
0'
b111 )
b11011 *
b00001101100010101000011011101000 .
#452000000000
0!
0"
1#
0%
0&
1'
#452050000000
1!
1"
0#
1%
1&
0'
b110 )
b00000110110001010100001101110100 .
#452100000000
0!
0"
1#
0%
0&
1'
#452150000000
1!
1"
0#
1%
1&
0'
b101 )
b00000011011000101010000110111010 .
#452200000000
0!
0"
1#
0%
0&
1'
#452250000000
1!
1"
0#
1%
1&
0'
b100 )
b00000001101100010101000011011101 .
#452300000000
0!
0"
1#
0%
0&
1'
#452350000000
1!
1"
0#
1%
1&
0'
b11 )
b11101101011000000010101101001110 .
#452400000000
0!
0"
1#
0%
0&
1'
#452450000000
1!
1"
0#
1%
1&
0'
b10 )
b01110110101100000001010110100111 .
#452500000000
0!
0"
1#
0%
0&
1'
#452550000000
1!
1"
0#
1%
1&
0'
b1 )
b11010110111000001000100111110011 .
#452600000000
0!
0"
1#
0%
0&
1'
#452650000000
1!
1"
0#
1%
1&
0'
b0 )
b10000110110010001100011111011001 .
#452700000000
0!
0"
1#
0%
0&
1'
#452750000000
1!
1"
0#
1%
1&
0'
b111 )
b11100 *
b10101110110111001110000011001100 .
#452800000000
0!
0"
1#
0%
0&
1'
#452850000000
1!
1"
0#
1%
1&
0'
b110 )
b01010111011011100111000001100110 .
#452900000000
0!
0"
1#
0%
0&
1'
#452950000000
1!
1"
0#
1%
1&
0'
b101 )
b00101011101101110011100000110011 .
#453000000000
0!
0"
1#
0%
0&
1'
#453050000000
1!
1"
0#
1%
1&
0'
b100 )
b11111000011000110001111100111001 .
#453100000000
0!
0"
1#
0%
0&
1'
#453150000000
1!
1"
0#
1%
1&
0'
b11 )
b10010001100010010000110010111100 .
#453200000000
0!
0"
1#
0%
0&
1'
#453250000000
1!
1"
0#
1%
1&
0'
b10 )
b01001000110001001000011001011110 .
#453300000000
0!
0"
1#
0%
0&
1'
#453350000000
1!
1"
0#
1%
1&
0'
b1 )
b00100100011000100100001100101111 .
#453400000000
0!
0"
1#
0%
0&
1'
#453450000000
1!
1"
0#
1%
1&
0'
b0 )
b11111111100010011010001010110111 .
#453500000000
0!
0"
1#
0%
0&
1'
#453550000000
1!
1"
0#
1%
1&
0'
b111 )
b11101 *
b10010010011111000101001001111011 .
#453600000000
0!
0"
1#
0%
0&
1'
#453650000000
1!
1"
0#
1%
1&
0'
b110 )
b10100100100001101010101000011101 .
#453700000000
0!
0"
1#
0%
0&
1'
#453750000000
1!
1"
0#
1%
1&
0'
b101 )
b10111111111110111101011000101110 .
#453800000000
0!
0"
1#
0%
0&
1'
#453850000000
1!
1"
0#
1%
1&
0'
b100 )
b01011111111111011110101100010111 .
#453900000000
0!
0"
1#
0%
0&
1'
#453950000000
1!
1"
0#
1%
1&
0'
b11 )
b11000010010001100111011010101011 .
#454000000000
0!
0"
1#
0%
0&
1'
#454050000000
1!
1"
0#
1%
1&
0'
b10 )
b10001100100110111011100001110101 .
#454100000000
0!
0"
1#
0%
0&
1'
#454150000000
1!
1"
0#
1%
1&
0'
b1 )
b10101011111101010101111100011010 .
#454200000000
0!
0"
1#
0%
0&
1'
#454250000000
1!
1"
0#
1%
1&
0'
b0 )
b01010101111110101010111110001101 .
#454300000000
0!
0"
1#
0%
0&
1'
#454350000000
1!
1"
0#
1%
1&
0'
b111 )
b11110 *
b11000111010001011101010011100110 .
#454400000000
0!
0"
1#
0%
0&
1'
#454450000000
1!
1"
0#
1%
1&
0'
b110 )
b01100011101000101110101001110011 .
#454500000000
0!
0"
1#
0%
0&
1'
#454550000000
1!
1"
0#
1%
1&
0'
b101 )
b11011100011010011111011000011001 .
#454600000000
0!
0"
1#
0%
0&
1'
#454650000000
1!
1"
0#
1%
1&
0'
b100 )
b10000011100011000111100000101100 .
#454700000000
0!
0"
1#
0%
0&
1'
#454750000000
1!
1"
0#
1%
1&
0'
b11 )
b01000001110001100011110000010110 .
#454800000000
0!
0"
1#
0%
0&
1'
#454850000000
1!
1"
0#
1%
1&
0'
b10 )
b00100000111000110001111000001011 .
#454900000000
0!
0"
1#
0%
0&
1'
#454950000000
1!
1"
0#
1%
1&
0'
b1 )
b11111101110010010000110000100101 .
#455000000000
0!
0"
1#
0%
0&
1'
#455050000000
1!
1"
0#
1%
1&
0'
b0 )
b10010011010111000000010100110010 .
#455100000000
0!
0"
1#
0%
0&
1'
#455150000000
1!
1"
0#
1%
1&
0'
b111 )
b11111 *
b01001001101011100000001010011001 .
#455200000000
0!
0"
1#
0%
0&
1'
#455250000000
1!
1"
0#
1%
1&
0'
b110 )
b11001001011011111000001001101100 .
#455300000000
0!
0"
1#
0%
0&
1'
#455350000000
1!
1"
0#
1%
1&
0'
b101 )
b01100100101101111100000100110110 .
#455400000000
0!
0"
1#
0%
0&
1'
#455450000000
1!
1"
0#
1%
1&
0'
b100 )
b00110010010110111110000010011011 .
#455500000000
0!
0"
1#
0%
0&
1'
#455550000000
1!
1"
0#
1%
1&
0'
b11 )
b11110100100101010111001101101101 .
#455600000000
0!
0"
1#
0%
0&
1'
#455650000000
1!
1"
0#
1%
1&
0'
b10 )
b10010111111100100011101010010110 .
#455700000000
0!
0"
1#
0%
0&
1'
#455750000000
1!
1"
0#
1%
1&
0'
b1 )
b01001011111110010001110101001011 .
#455800000000
0!
0"
1#
0%
0&
1'
#455850000000
1!
1"
0#
1%
1&
0'
b0 )
b11001000010001000000110110000101 .
#455900000000
0!
0"
1#
0%
0&
1'
#455950000000
1!
1"
0#
1%
1&
0'
b111 )
b100000 *
b10001001100110101000010111100010 .
#456000000000
0!
0"
1#
0%
0&
1'
#456050000000
1!
1"
0#
1%
1&
0'
b110 )
b01000100110011010100001011110001 .
#456100000000
0!
0"
1#
0%
0&
1'
#456150000000
1!
1"
0#
1%
1&
0'
b101 )
b11001111110111100010001001011000 .
#456200000000
0!
0"
1#
0%
0&
1'
#456250000000
1!
1"
0#
1%
1&
0'
b100 )
b01100111111011110001000100101100 .
#456300000000
0!
0"
1#
0%
0&
1'
#456350000000
1!
1"
0#
1%
1&
0'
b11 )
b00110011111101111000100010010110 .
#456400000000
0!
0"
1#
0%
0&
1'
#456450000000
1!
1"
0#
1%
1&
0'
b10 )
b00011001111110111100010001001011 .
#456500000000
0!
0"
1#
0%
0&
1'
#456550000000
1!
1"
0#
1%
1&
0'
b1 )
b11100001010001010110000100000101 .
#456600000000
0!
0"
1#
0%
0&
1'
#456650000000
1!
1"
0#
1%
1&
0'
b0 )
b10011101000110100011001110100010 .
#456700000000
0!
0"
1#
0%
0&
1'
#456750000000
1!
1"
0#
1%
1&
0'
b111 )
b100001 *
b01001110100011010001100111010001 .
#456800000000
0!
0"
1#
0%
0&
1'
#456850000000
1!
1"
0#
1%
1&
0'
b110 )
b11001010111111100000111111001000 .
#456900000000
0!
0"
1#
0%
0&
1'
#456950000000
1!
1"
0#
1%
1&
0'
b101 )
b01100101011111110000011111100100 .
#457000000000
0!
0"
1#
0%
0&
1'
#457050000000
1!
1"
0#
1%
1&
0'
b100 )
b00110010101111111000001111110010 .
#457100000000
0!
0"
1#
0%
0&
1'
#457150000000
1!
1"
0#
1%
1&
0'
b11 )
b00011001010111111100000111111001 .
#457200000000
0!
0"
1#
0%
0&
1'
#457250000000
1!
1"
0#
1%
1&
0'
b10 )
b11100001000101110110001111011100 .
#457300000000
0!
0"
1#
0%
0&
1'
#457350000000
1!
1"
0#
1%
1&
0'
b1 )
b01110000100010111011000111101110 .
#457400000000
0!
0"
1#
0%
0&
1'
#457450000000
1!
1"
0#
1%
1&
0'
b0 )
b00111000010001011101100011110111 .
#457500000000
0!
0"
1#
0%
0&
1'
#457550000000
1!
1"
0#
1%
1&
0'
b111 )
b100010 *
b11110001100110100110111101011011 .
#457600000000
0!
0"
1#
0%
0&
1'
#457650000000
1!
1"
0#
1%
1&
0'
b110 )
b10010101011101011011010010001101 .
#457700000000
0!
0"
1#
0%
0&
1'
#457750000000
1!
1"
0#
1%
1&
0'
b101 )
b10100111000000100101100101100110 .
#457800000000
0!
0"
1#
0%
0&
1'
#457850000000
1!
1"
0#
1%
1&
0'
b100 )
b01010011100000010010110010110011 .
#457900000000
0!
0"
1#
0%
0&
1'
#457950000000
1!
1"
0#
1%
1&
0'
b11 )
b11000100011110000001010101111001 .
#458000000000
0!
0"
1#
0%
0&
1'
#458050000000
1!
1"
0#
1%
1&
0'
b10 )
b10001111100001001000100110011100 .
#458100000000
0!
0"
1#
0%
0&
1'
#458150000000
1!
1"
0#
1%
1&
0'
b1 )
b01000111110000100100010011001110 .
#458200000000
0!
0"
1#
0%
0&
1'
#458250000000
1!
1"
0#
1%
1&
0'
b0 )
b00100011111000010010001001100111 .
#458300000000
0!
0"
1#
0%
0&
1'
#458350000000
1!
1"
0#
1%
1&
0'
b111 )
b100011 *
b11111100010010000001001000010011 .
#458400000000
0!
0"
1#
0%
0&
1'
#458450000000
1!
1"
0#
1%
1&
0'
b110 )
b10010011100111001000101000101001 .
#458500000000
0!
0"
1#
0%
0&
1'
#458550000000
1!
1"
0#
1%
1&
0'
b101 )
b10100100011101101100011000110100 .
#458600000000
0!
0"
1#
0%
0&
1'
#458650000000
1!
1"
0#
1%
1&
0'
b100 )
b01010010001110110110001100011010 .
#458700000000
0!
0"
1#
0%
0&
1'
#458750000000
1!
1"
0#
1%
1&
0'
b11 )
b00101001000111011011000110001101 .
#458800000000
0!
0"
1#
0%
0&
1'
#458850000000
1!
1"
0#
1%
1&
0'
b10 )
b11111001001101100101101111100110 .
#458900000000
0!
0"
1#
0%
0&
1'
#458950000000
1!
1"
0#
1%
1&
0'
b1 )
b01111100100110110010110111110011 .
#459000000000
0!
0"
1#
0%
0&
1'
#459050000000
1!
1"
0#
1%
1&
0'
b0 )
b11010011111101010001010111011001 .
#459100000000
0!
0"
1#
0%
0&
1'
#459150000000
1!
1"
0#
1%
1&
0'
b111 )
b100100 *
b10000100010000100000100111001100 .
#459200000000
0!
0"
1#
0%
0&
1'
#459250000000
1!
1"
0#
1%
1&
0'
b110 )
b01000010001000010000010011100110 .
#459300000000
0!
0"
1#
0%
0&
1'
#459350000000
1!
1"
0#
1%
1&
0'
b101 )
b00100001000100001000001001110011 .
#459400000000
0!
0"
1#
0%
0&
1'
#459450000000
1!
1"
0#
1%
1&
0'
b100 )
b11111101001100001100001000011001 .
#459500000000
0!
0"
1#
0%
0&
1'
#459550000000
1!
1"
0#
1%
1&
0'
b11 )
b10010011001000001110001000101100 .
#459600000000
0!
0"
1#
0%
0&
1'
#459650000000
1!
1"
0#
1%
1&
0'
b10 )
b01001001100100000111000100010110 .
#459700000000
0!
0"
1#
0%
0&
1'
#459750000000
1!
1"
0#
1%
1&
0'
b1 )
b00100100110010000011100010001011 .
#459800000000
0!
0"
1#
0%
0&
1'
#459850000000
1!
1"
0#
1%
1&
0'
b0 )
b11111111110111001001111101100101 .
#459900000000
0!
0"
1#
0%
0&
1'
#459950000000
1!
1"
0#
1%
1&
0'
b111 )
b100101 *
b10010010010101101100110010010010 .
#460000000000
0!
0"
1#
0%
0&
1'
#460050000000
1!
1"
0#
1%
1&
0'
b110 )
b01001001001010110110011001001001 .
#460100000000
0!
0"
1#
0%
0&
1'
#460150000000
1!
1"
0#
1%
1&
0'
b101 )
b11001001001011010011000000000100 .
#460200000000
0!
0"
1#
0%
0&
1'
#460250000000
1!
1"
0#
1%
1&
0'
b100 )
b01100100100101101001100000000010 .
#460300000000
0!
0"
1#
0%
0&
1'
#460350000000
1!
1"
0#
1%
1&
0'
b11 )
b00110010010010110100110000000001 .
#460400000000
0!
0"
1#
0%
0&
1'
#460450000000
1!
1"
0#
1%
1&
0'
b10 )
b11110100100111010010010100100000 .
#460500000000
0!
0"
1#
0%
0&
1'
#460550000000
1!
1"
0#
1%
1&
0'
b1 )
b01111010010011101001001010010000 .
#460600000000
0!
0"
1#
0%
0&
1'
#460650000000
1!
1"
0#
1%
1&
0'
b0 )
b00111101001001110100100101001000 .
#460700000000
0!
0"
1#
0%
0&
1'
#460750000000
1!
1"
0#
1%
1&
0'
b111 )
b100110 *
b00011110100100111010010010100100 .
#460800000000
0!
0"
1#
0%
0&
1'
#460850000000
1!
1"
0#
1%
1&
0'
b110 )
b00001111010010011101001001010010 .
#460900000000
0!
0"
1#
0%
0&
1'
#460950000000
1!
1"
0#
1%
1&
0'
b101 )
b00000111101001001110100100101001 .
#461000000000
0!
0"
1#
0%
0&
1'
#461050000000
1!
1"
0#
1%
1&
0'
b100 )
b11101110011010101111011110110100 .
#461100000000
0!
0"
1#
0%
0&
1'
#461150000000
1!
1"
0#
1%
1&
0'
b11 )
b01110111001101010111101111011010 .
#461200000000
0!
0"
1#
0%
0&
1'
#461250000000
1!
1"
0#
1%
1&
0'
b10 )
b00111011100110101011110111101101 .
#461300000000
0!
0"
1#
0%
0&
1'
#461350000000
1!
1"
0#
1%
1&
0'
b1 )
b11110000011101011101110111010110 .
#461400000000
0!
0"
1#
0%
0&
1'
#461450000000
1!
1"
0#
1%
1&
0'
b0 )
b01111000001110101110111011101011 .
#461500000000
0!
0"
1#
0%
0&
1'
#461550000000
1!
1"
0#
1%
1&
0'
b111 )
b100111 *
b11010001101001011111010001010101 .
#461600000000
0!
0"
1#
0%
0&
1'
#461650000000
1!
1"
0#
1%
1&
0'
b110 )
b10000101011010100111100100001010 .
#461700000000
0!
0"
1#
0%
0&
1'
#461750000000
1!
1"
0#
1%
1&
0'
b101 )
b01000010101101010011110010000101 .
#461800000000
0!
0"
1#
0%
0&
1'
#461850000000
1!
1"
0#
1%
1&
0'
b100 )
b11001100111000100001110101100010 .
#461900000000
0!
0"
1#
0%
0&
1'
#461950000000
1!
1"
0#
1%
1&
0'
b11 )
b01100110011100010000111010110001 .
#462000000000
0!
0"
1#
0%
0&
1'
#462050000000
1!
1"
0#
1%
1&
0'
b10 )
b11011110100000000000010001111000 .
#462100000000
0!
0"
1#
0%
0&
1'
#462150000000
1!
1"
0#
1%
1&
0'
b1 )
b01101111010000000000001000111100 .
#462200000000
0!
0"
1#
0%
0&
1'
#462250000000
1!
1"
0#
1%
1&
0'
b0 )
b00110111101000000000000100011110 .
#462300000000
0!
0"
1#
0%
0&
1'
#462350000000
1!
1"
0#
1%
1&
0'
b111 )
b101000 *
b00011011110100000000000010001111 .
#462400000000
0!
0"
1#
0%
0&
1'
#462450000000
1!
1"
0#
1%
1&
0'
b110 )
b11100000010100001000001101100111 .
#462500000000
0!
0"
1#
0%
0&
1'
#462550000000
1!
1"
0#
1%
1&
0'
b101 )
b10011101100100001100001010010011 .
#462600000000
0!
0"
1#
0%
0&
1'
#462650000000
1!
1"
0#
1%
1&
0'
b100 )
b10100011011100001110001001101001 .
#462700000000
0!
0"
1#
0%
0&
1'
#462750000000
1!
1"
0#
1%
1&
0'
b11 )
b10111100000000001111001000010100 .
#462800000000
0!
0"
1#
0%
0&
1'
#462850000000
1!
1"
0#
1%
1&
0'
b10 )
b01011110000000000111100100001010 .
#462900000000
0!
0"
1#
0%
0&
1'
#462950000000
1!
1"
0#
1%
1&
0'
b1 )
b00101111000000000011110010000101 .
#463000000000
0!
0"
1#
0%
0&
1'
#463050000000
1!
1"
0#
1%
1&
0'
b0 )
b11111010001110001001110101100010 .
#463100000000
0!
0"
1#
0%
0&
1'
#463150000000
1!
1"
0#
1%
1&
0'
b111 )
b101001 *
b01111101000111000100111010110001 .
#463200000000
0!
0"
1#
0%
0&
1'
#463250000000
1!
1"
0#
1%
1&
0'
b110 )
b11010011001101101010010001111000 .
#463300000000
0!
0"
1#
0%
0&
1'
#463350000000
1!
1"
0#
1%
1&
0'
b101 )
b01101001100110110101001000111100 .
#463400000000
0!
0"
1#
0%
0&
1'
#463450000000
1!
1"
0#
1%
1&
0'
b100 )
b00110100110011011010100100011110 .
#463500000000
0!
0"
1#
0%
0&
1'
#463550000000
1!
1"
0#
1%
1&
0'
b11 )
b00011010011001101101010010001111 .
#463600000000
0!
0"
1#
0%
0&
1'
#463650000000
1!
1"
0#
1%
1&
0'
b10 )
b11100000100010111110100101100111 .
#463700000000
0!
0"
1#
0%
0&
1'
#463750000000
1!
1"
0#
1%
1&
0'
b1 )
b10011101111111010111011110010011 .
#463800000000
0!
0"
1#
0%
0&
1'
#463850000000
1!
1"
0#
1%
1&
0'
b0 )
b10100011010001100011100011101001 .
#463900000000
0!
0"
1#
0%
0&
1'
#463950000000
1!
1"
0#
1%
1&
0'
b111 )
b101010 *
b10111100000110111001111101010100 .
#464000000000
0!
0"
1#
0%
0&
1'
#464050000000
1!
1"
0#
1%
1&
0'
b110 )
b01011110000011011100111110101010 .
#464100000000
0!
0"
1#
0%
0&
1'
#464150000000
1!
1"
0#
1%
1&
0'
b101 )
b00101111000001101110011111010101 .
#464200000000
0!
0"
1#
0%
0&
1'
#464250000000
1!
1"
0#
1%
1&
0'
b100 )
b11111010001110111111000011001010 .
#464300000000
0!
0"
1#
0%
0&
1'
#464350000000
1!
1"
0#
1%
1&
0'
b11 )
b01111101000111011111100001100101 .
#464400000000
0!
0"
1#
0%
0&
1'
#464450000000
1!
1"
0#
1%
1&
0'
b10 )
b11010011001101100111111100010010 .
#464500000000
0!
0"
1#
0%
0&
1'
#464550000000
1!
1"
0#
1%
1&
0'
b1 )
b01101001100110110011111110001001 .
#464600000000
0!
0"
1#
0%
0&
1'
#464650000000
1!
1"
0#
1%
1&
0'
b0 )
b11011001011101010001110011100100 .
#464700000000
0!
0"
1#
0%
0&
1'
#464750000000
1!
1"
0#
1%
1&
0'
b111 )
b101011 *
b01101100101110101000111001110010 .
#464800000000
0!
0"
1#
0%
0&
1'
#464850000000
1!
1"
0#
1%
1&
0'
b110 )
b00110110010111010100011100111001 .
#464900000000
0!
0"
1#
0%
0&
1'
#464950000000
1!
1"
0#
1%
1&
0'
b101 )
b11110110100101100010000010111100 .
#465000000000
0!
0"
1#
0%
0&
1'
#465050000000
1!
1"
0#
1%
1&
0'
b100 )
b01111011010010110001000001011110 .
#465100000000
0!
0"
1#
0%
0&
1'
#465150000000
1!
1"
0#
1%
1&
0'
b11 )
b00111101101001011000100000101111 .
#465200000000
0!
0"
1#
0%
0&
1'
#465250000000
1!
1"
0#
1%
1&
0'
b10 )
b11110011011010100100011100110111 .
#465300000000
0!
0"
1#
0%
0&
1'
#465350000000
1!
1"
0#
1%
1&
0'
b1 )
b10010100000011011010000010111011 .
#465400000000
0!
0"
1#
0%
0&
1'
#465450000000
1!
1"
0#
1%
1&
0'
b0 )
b10100111101111100101001101111101 .
#465500000000
0!
0"
1#
0%
0&
1'
#465550000000
1!
1"
0#
1%
1&
0'
b111 )
b101100 *
b10111110011001111010101010011110 .
#465600000000
0!
0"
1#
0%
0&
1'
#465650000000
1!
1"
0#
1%
1&
0'
b110 )
b01011111001100111101010101001111 .
#465700000000
0!
0"
1#
0%
0&
1'
#465750000000
1!
1"
0#
1%
1&
0'
b101 )
b11000010001000010110100110000111 .
#465800000000
0!
0"
1#
0%
0&
1'
#465850000000
1!
1"
0#
1%
1&
0'
b100 )
b10001100101010000011011111100011 .
#465900000000
0!
0"
1#
0%
0&
1'
#465950000000
1!
1"
0#
1%
1&
0'
b11 )
b10101011111011001001100011010001 .
#466000000000
0!
0"
1#
0%
0&
1'
#466050000000
1!
1"
0#
1%
1&
0'
b10 )
b10111000010011101100111101001000 .
#466100000000
0!
0"
1#
0%
0&
1'
#466150000000
1!
1"
0#
1%
1&
0'
b1 )
b01011100001001110110011110100100 .
#466200000000
0!
0"
1#
0%
0&
1'
#466250000000
1!
1"
0#
1%
1&
0'
b0 )
b00101110000100111011001111010010 .
#466300000000
0!
0"
1#
0%
0&
1'
#466350000000
1!
1"
0#
1%
1&
0'
b111 )
b101101 *
b00010111000010011101100111101001 .
#466400000000
0!
0"
1#
0%
0&
1'
#466450000000
1!
1"
0#
1%
1&
0'
b110 )
b11100110001111000110111111010100 .
#466500000000
0!
0"
1#
0%
0&
1'
#466550000000
1!
1"
0#
1%
1&
0'
b101 )
b01110011000111100011011111101010 .
#466600000000
0!
0"
1#
0%
0&
1'
#466650000000
1!
1"
0#
1%
1&
0'
b100 )
b00111001100011110001101111110101 .
#466700000000
0!
0"
1#
0%
0&
1'
#466750000000
1!
1"
0#
1%
1&
0'
b11 )
b11110001011111110000111011011010 .
#466800000000
0!
0"
1#
0%
0&
1'
#466850000000
1!
1"
0#
1%
1&
0'
b10 )
b01111000101111111000011101101101 .
#466900000000
0!
0"
1#
0%
0&
1'
#466950000000
1!
1"
0#
1%
1&
0'
b1 )
b11010001111001110100000010010110 .
#467000000000
0!
0"
1#
0%
0&
1'
#467050000000
1!
1"
0#
1%
1&
0'
b0 )
b01101000111100111010000001001011 .
#467100000000
0!
0"
1#
0%
0&
1'
#467150000000
1!
1"
0#
1%
1&
0'
b111 )
b0 *
b11011001110000010101001100000101 .
#467200000000
0!
0"
1#
0%
0&
1'
#467250000000
1!
1"
0#
1%
1&
0'
b1 ,
#467300000000
0!
0"
1#
0%
0&
1'
#467350000000
1!
1"
0#
1%
1&
0'
b10 ,
1-
#467400000000
0!
0"
0%
0&
#467450000000
1!
1"
1#
1%
1&
1'
b11 ,
0-
#467500000000
0!
0"
0%
0&
#467550000000
1!
1"
0#
1%
1&
0'
b100 ,
1-
#467600000000
0!
0"
0%
0&
#467650000000
1!
1"
1#
1%
1&
1'
b101 ,
#467700000000
0!
0"
0#
0%
0&
0'
#467750000000
1!
1"
1#
1%
1&
1'
b110 ,
#467800000000
0!
0"
0#
0%
0&
0'
#467850000000
1!
1"
1#
1%
1&
1'
b111 ,
#467900000000
0!
0"
0#
0%
0&
0'
#467950000000
1!
1"
1#
1%
1&
1'
b1000 ,
#468000000000
0!
0"
0#
0%
0&
0'
#468050000000
1!
1"
1#
1%
1&
1'
b1001 ,
0-
#468100000000
0!
0"
0%
0&
#468150000000
1!
1"
0#
1%
1&
0'
b1010 ,
#468200000000
0!
0"
1#
0%
0&
1'
#468250000000
1!
1"
0#
1%
1&
0'
b1011 ,
1-
#468300000000
0!
0"
0%
0&
#468350000000
1!
1"
1#
1%
1&
1'
b1100 ,
#468400000000
0!
0"
0#
0%
0&
0'
#468450000000
1!
1"
1#
1%
1&
1'
b1101 ,
0-
#468500000000
0!
0"
0%
0&
#468550000000
1!
1"
0#
1%
1&
0'
b1110 ,
1-
#468600000000
0!
0"
0%
0&
#468650000000
1!
1"
1#
1%
1&
1'
b1111 ,
0-
#468700000000
0!
0"
0%
0&
#468750000000
1!
1"
0#
1%
1&
0'
b10000 ,
1-
#468800000000
0!
0"
0%
0&
#468850000000
1!
1"
1#
1%
1&
1'
b10001 ,
0-
#468900000000
0!
0"
0%
0&
#468950000000
1!
1"
0#
1%
1&
0'
b10010 ,
1-
#469000000000
0!
0"
0%
0&
#469050000000
1!
1"
1#
1%
1&
1'
b10011 ,
#469100000000
0!
0"
0#
0%
0&
0'
#469150000000
1!
1"
1#
1%
1&
1'
b10100 ,
#469200000000
0!
0"
0#
0%
0&
0'
#469250000000
1!
1"
1#
1%
1&
1'
b10101 ,
#469300000000
0!
0"
0#
0%
0&
0'
#469350000000
1!
1"
1#
1%
1&
1'
b10110 ,
#469400000000
0!
0"
0#
0%
0&
0'
#469450000000
1!
1"
1#
1%
1&
1'
b10111 ,
0-
#469500000000
0!
0"
0%
0&
#469550000000
1!
1"
0#
1%
1&
0'
b11000 ,
#469600000000
0!
0"
1#
0%
0&
1'
#469650000000
1!
1"
0#
1%
1&
0'
b11001 ,
#469700000000
0!
0"
1#
0%
0&
1'
#469750000000
1!
1"
0#
1%
1&
0'
b11010 ,
1-
#469800000000
0!
0"
0%
0&
#469850000000
1!
1"
1#
1%
1&
1'
b11011 ,
#469900000000
0!
0"
0#
0%
0&
0'
#469950000000
1!
1"
1#
1%
1&
1'
b11100 ,
0-
#470000000000
0!
0"
0%
0&
#470050000000
1!
1"
0#
1%
1&
0'
b11101 ,
#470100000000
0!
0"
1#
0%
0&
1'
#470150000000
1!
1"
0#
1%
1&
0'
b11110 ,
1-
#470200000000
0!
0"
0%
0&
#470250000000
1!
1"
1#
1%
1&
1'
b11111 ,
0-
#470300000000
0!
0"
0%
0&
#470350000000
1!
1"
0#
0$
1%
1&
0'
0(
b0 ,
#470400000000
0!
0"
0%
0&
#470450000000
1!
1"
1%
1&
b1 +
#470500000000
0!
0"
0%
0&
#470550000000
1!
1"
1%
1&
b10 +
#470600000000
0!
0"
0%
0&
#470650000000
1!
1"
1%
1&
b11 +
#470700000000
0!
0"
0%
0&
#470750000000
1!
1"
1%
1&
b100 +
#470800000000
0!
0"
0%
0&
#470850000000
1!
1"
1%
1&
b101 +
#470900000000
0!
0"
0%
0&
#470950000000
1!
1"
1%
1&
b110 +
#471000000000
0!
0"
0%
0&
#471050000000
1!
1"
1%
1&
b111 +
#471100000000
0!
0"
0%
0&
#471150000000
1!
1"
1%
1&
b1000 +
#471200000000
0!
0"
0%
0&
#471250000000
1!
1"
1%
1&
b1001 +
#471300000000
0!
0"
0%
0&
#471350000000
1!
1"
1%
1&
b1010 +
#471400000000
0!
0"
0%
0&
#471450000000
1!
1"
1%
1&
b1011 +
#471500000000
0!
0"
0%
0&
#471550000000
1!
1"
1%
1&
b1100 +
#471600000000
0!
0"
0%
0&
#471650000000
1!
1"
1%
1&
b1101 +
#471700000000
0!
0"
0%
0&
#471750000000
1!
1"
1%
1&
b1110 +
#471800000000
0!
0"
0%
0&
#471850000000
1!
1"
1%
1&
b1111 +
#471900000000
0!
0"
0%
0&
#471950000000
1!
1"
1%
1&
b10000 +
#472000000000
0!
0"
0%
0&
#472050000000
1!
1"
1%
1&
b10001 +
#472100000000
0!
0"
0%
0&
#472150000000
1!
1"
1%
1&
b10010 +
#472200000000
0!
0"
0%
0&
#472250000000
1!
1"
1%
1&
b10011 +
#472300000000
0!
0"
0%
0&
#472350000000
1!
1"
1%
1&
b10100 +
#472400000000
0!
0"
0%
0&
#472450000000
1!
1"
1%
1&
b10101 +
#472500000000
0!
0"
0%
0&
#472550000000
1!
1"
1%
1&
b10110 +
#472600000000
0!
0"
0%
0&
#472650000000
1!
1"
1%
1&
b10111 +
#472700000000
0!
0"
0%
0&
#472750000000
1!
1"
1%
1&
b11000 +
#472800000000
0!
0"
0%
0&
#472850000000
1!
1"
1%
1&
b11001 +
#472900000000
0!
0"
0%
0&
#472950000000
1!
1"
1%
1&
b11010 +
#473000000000
0!
0"
0%
0&
#473050000000
1!
1"
1%
1&
b11011 +
#473100000000
0!
0"
0%
0&
#473150000000
1!
1"
1%
1&
b11100 +
#473200000000
0!
0"
0%
0&
#473250000000
1!
1"
1%
1&
b11101 +
#473300000000
0!
0"
0%
0&
#473350000000
1!
1"
1%
1&
b11110 +
#473400000000
0!
0"
0%
0&
#473450000000
1!
1"
1%
1&
b11111 +
#473500000000
0!
0"
0%
0&
#473550000000
1!
1"
1%
1&
b100000 +
#473600000000
0!
0"
0%
0&
#473650000000
1!
1"
1%
1&
b100001 +
#473700000000
0!
0"
0%
0&
#473750000000
1!
1"
1%
1&
b100010 +
#473800000000
0!
0"
0%
0&
#473850000000
1!
1"
1%
1&
b100011 +
#473900000000
0!
0"
0%
0&
#473950000000
1!
1"
1%
1&
b100100 +
#474000000000
0!
0"
0%
0&
#474050000000
1!
1"
1%
1&
b100101 +
#474100000000
0!
0"
0%
0&
#474150000000
1!
1"
1%
1&
b100110 +
#474200000000
0!
0"
0%
0&
#474250000000
1!
1"
1%
1&
b100111 +
#474300000000
0!
0"
0%
0&
#474350000000
1!
1"
1%
1&
b101000 +
#474400000000
0!
0"
0%
0&
#474450000000
1!
1"
1%
1&
b101001 +
#474500000000
0!
0"
0%
0&
#474550000000
1!
1"
1%
1&
b101010 +
#474600000000
0!
0"
0%
0&
#474650000000
1!
1"
1%
1&
b101011 +
#474700000000
0!
0"
0%
0&
#474750000000
1!
1"
1%
1&
b101100 +
#474800000000
0!
0"
0%
0&
#474850000000
1!
1"
1%
1&
b101101 +
#474900000000
0!
0"
0%
0&
#474950000000
1!
1"
1%
1&
b101110 +
#475000000000
0!
0"
0%
0&
#475050000000
1!
1"
1%
1&
b101111 +
#475100000000
0!
0"
0%
0&
#475150000000
1!
1"
1%
1&
b110000 +
#475200000000
0!
0"
0%
0&
#475250000000
1!
1"
1%
1&
b110001 +
#475300000000
0!
0"
0%
0&
#475350000000
1!
1"
1%
1&
b110010 +
#475400000000
0!
0"
0%
0&
#475450000000
1!
1"
1%
1&
b110011 +
#475500000000
0!
0"
0%
0&
#475550000000
1!
1"
1%
1&
b110100 +
#475600000000
0!
0"
0%
0&
#475650000000
1!
1"
1%
1&
b110101 +
#475700000000
0!
0"
0%
0&
#475750000000
1!
1"
1%
1&
b110110 +
#475800000000
0!
0"
0%
0&
#475850000000
1!
1"
1%
1&
b110111 +
#475900000000
0!
0"
0%
0&
#475950000000
1!
1"
1%
1&
b111000 +
#476000000000
0!
0"
0%
0&
#476050000000
1!
1"
1%
1&
b111001 +
#476100000000
0!
0"
0%
0&
#476150000000
1!
1"
1%
1&
b111010 +
#476200000000
0!
0"
0%
0&
#476250000000
1!
1"
1%
1&
b111011 +
#476300000000
0!
0"
0%
0&
#476350000000
1!
1"
1%
1&
b111100 +
#476400000000
0!
0"
0%
0&
#476450000000
1!
1"
1%
1&
b111101 +
#476500000000
0!
0"
0%
0&
#476550000000
1!
1"
1%
1&
b111110 +
#476600000000
0!
0"
0%
0&
#476650000000
1!
1"
1%
1&
b111111 +
#476700000000
0!
0"
0%
0&
#476750000000
1!
1"
1%
1&
b1000000 +
#476800000000
0!
0"
0%
0&
#476850000000
1!
1"
1%
1&
b1000001 +
#476900000000
0!
0"
0%
0&
#476950000000
1!
1"
1%
1&
b1000010 +
#477000000000
0!
0"
0%
0&
#477050000000
1!
1"
1%
1&
b1000011 +
#477100000000
0!
0"
0%
0&
#477150000000
1!
1"
1%
1&
b1000100 +
#477200000000
0!
0"
0%
0&
#477250000000
1!
1"
1%
1&
b1000101 +
#477300000000
0!
0"
0%
0&
#477350000000
1!
1"
1%
1&
b1000110 +
#477400000000
0!
0"
0%
0&
#477450000000
1!
1"
1%
1&
b1000111 +
#477500000000
0!
0"
0%
0&
#477550000000
1!
1"
1%
1&
b1001000 +
#477600000000
0!
0"
0%
0&
#477650000000
1!
1"
1%
1&
b1001001 +
#477700000000
0!
0"
0%
0&
#477750000000
1!
1"
1%
1&
b1001010 +
#477800000000
0!
0"
0%
0&
#477850000000
1!
1"
1%
1&
b1001011 +
#477900000000
0!
0"
0%
0&
#477950000000
1!
1"
1%
1&
b1001100 +
#478000000000
0!
0"
0%
0&
#478050000000
1!
1"
1%
1&
b1001101 +
#478100000000
0!
0"
0%
0&
#478150000000
1!
1"
1%
1&
b1001110 +
#478200000000
0!
0"
0%
0&
#478250000000
1!
1"
1%
1&
b1001111 +
#478300000000
0!
0"
0%
0&
#478350000000
1!
1"
1%
1&
b1010000 +
#478400000000
0!
0"
0%
0&
#478450000000
1!
1"
1%
1&
b1010001 +
#478500000000
0!
0"
0%
0&
#478550000000
1!
1"
1%
1&
b1010010 +
#478600000000
0!
0"
0%
0&
#478650000000
1!
1"
1%
1&
b1010011 +
#478700000000
0!
0"
0%
0&
#478750000000
1!
1"
1%
1&
b1010100 +
#478800000000
0!
0"
0%
0&
#478850000000
1!
1"
1%
1&
b1010101 +
#478900000000
0!
0"
0%
0&
#478950000000
1!
1"
1%
1&
b1010110 +
#479000000000
0!
0"
0%
0&
#479050000000
1!
1"
1%
1&
b1010111 +
#479100000000
0!
0"
0%
0&
#479150000000
1!
1"
1%
1&
b1011000 +
#479200000000
0!
0"
0%
0&
#479250000000
1!
1"
1%
1&
b1011001 +
#479300000000
0!
0"
0%
0&
#479350000000
1!
1"
1%
1&
b1011010 +
#479400000000
0!
0"
0%
0&
#479450000000
1!
1"
1%
1&
b1011011 +
#479500000000
0!
0"
0%
0&
#479550000000
1!
1"
1%
1&
b1011100 +
#479600000000
0!
0"
0%
0&
#479650000000
1!
1"
1%
1&
b1011101 +
#479700000000
0!
0"
0%
0&
#479750000000
1!
1"
1%
1&
b1011110 +
#479800000000
0!
0"
0%
0&
#479850000000
1!
1"
1%
1&
b1011111 +
#479900000000
0!
0"
0%
0&
#479950000000
1!
1"
1$
1%
1&
1(
b0 +
#480000000000
0!
0"
1#
0%
0&
1'
#480050000000
1!
1"
0#
1%
1&
0'
b110 )
1-
#480100000000
0!
0"
0%
0&
#480150000000
1!
1"
1#
1%
1&
1'
b101 )
0-
#480200000000
0!
0"
0%
0&
#480250000000
1!
1"
0#
1%
1&
0'
b100 )
1-
#480300000000
0!
0"
0%
0&
#480350000000
1!
1"
1#
1%
1&
1'
b11 )
0-
#480400000000
0!
0"
0%
0&
#480450000000
1!
1"
0#
1%
1&
0'
b10 )
1-
#480500000000
0!
0"
0%
0&
#480550000000
1!
1"
1#
1%
1&
1'
b1 )
0-
#480600000000
0!
0"
0%
0&
#480650000000
1!
1"
0#
1%
1&
0'
b0 )
1-
#480700000000
0!
0"
0%
0&
#480750000000
1!
1"
1#
1%
1&
1'
b111 )
b1 *
0-
#480800000000
0!
0"
0%
0&
#480850000000
1!
1"
0#
1%
1&
0'
b110 )
1-
#480900000000
0!
0"
0%
0&
#480950000000
1!
1"
1#
1%
1&
1'
b101 )
0-
#481000000000
0!
0"
0%
0&
#481050000000
1!
1"
0#
1%
1&
0'
b100 )
1-
#481100000000
0!
0"
0%
0&
#481150000000
1!
1"
1#
1%
1&
1'
b11 )
0-
#481200000000
0!
0"
0%
0&
#481250000000
1!
1"
0#
1%
1&
0'
b10 )
1-
#481300000000
0!
0"
0%
0&
#481350000000
1!
1"
1#
1%
1&
1'
b1 )
0-
#481400000000
0!
0"
0%
0&
#481450000000
1!
1"
0#
1%
1&
0'
b0 )
1-
#481500000000
0!
0"
0%
0&
#481550000000
1!
1"
1#
1%
1&
1'
b111 )
b10 *
0-
#481600000000
0!
0"
0%
0&
#481650000000
1!
1"
0#
1%
1&
0'
b110 )
1-
#481700000000
0!
0"
0%
0&
#481750000000
1!
1"
1#
1%
1&
1'
b101 )
0-
#481800000000
0!
0"
0%
0&
#481850000000
1!
1"
0#
1%
1&
0'
b100 )
1-
#481900000000
0!
0"
0%
0&
#481950000000
1!
1"
1#
1%
1&
1'
b11 )
0-
#482000000000
0!
0"
0%
0&
#482050000000
1!
1"
0#
1%
1&
0'
b10 )
1-
#482100000000
0!
0"
0%
0&
#482150000000
1!
1"
1#
1%
1&
1'
b1 )
0-
#482200000000
0!
0"
0%
0&
#482250000000
1!
1"
0#
1%
1&
0'
b0 )
1-
#482300000000
0!
0"
0%
0&
#482350000000
1!
1"
1#
1%
1&
1'
b111 )
b11 *
0-
#482400000000
0!
0"
0%
0&
#482450000000
1!
1"
0#
1%
1&
0'
b110 )
1-
#482500000000
0!
0"
0%
0&
#482550000000
1!
1"
1#
1%
1&
1'
b101 )
0-
#482600000000
0!
0"
0%
0&
#482650000000
1!
1"
0#
1%
1&
0'
b100 )
1-
#482700000000
0!
0"
0%
0&
#482750000000
1!
1"
1#
1%
1&
1'
b11 )
0-
#482800000000
0!
0"
0%
0&
#482850000000
1!
1"
0#
1%
1&
0'
b10 )
1-
#482900000000
0!
0"
0%
0&
#482950000000
1!
1"
1#
1%
1&
1'
b1 )
0-
#483000000000
0!
0"
0%
0&
#483050000000
1!
1"
0#
1%
1&
0'
b0 )
1-
#483100000000
0!
0"
0%
0&
#483150000000
1!
1"
1#
1%
1&
1'
b111 )
b100 *
0-
#483200000000
0!
0"
0%
0&
#483250000000
1!
1"
0#
1%
1&
0'
b110 )
1-
#483300000000
0!
0"
0%
0&
#483350000000
1!
1"
1#
1%
1&
1'
b101 )
0-
#483400000000
0!
0"
0%
0&
#483450000000
1!
1"
0#
1%
1&
0'
b100 )
1-
#483500000000
0!
0"
0%
0&
#483550000000
1!
1"
1#
1%
1&
1'
b11 )
0-
#483600000000
0!
0"
0%
0&
#483650000000
1!
1"
0#
1%
1&
0'
b10 )
1-
#483700000000
0!
0"
0%
0&
#483750000000
1!
1"
1#
1%
1&
1'
b1 )
0-
#483800000000
0!
0"
0%
0&
#483850000000
1!
1"
0#
1%
1&
0'
b0 )
1-
#483900000000
0!
0"
0%
0&
#483950000000
1!
1"
1#
1%
1&
1'
b111 )
b101 *
0-
#484000000000
0!
0"
0%
0&
#484050000000
1!
1"
0#
1%
1&
0'
b110 )
1-
#484100000000
0!
0"
0%
0&
#484150000000
1!
1"
1#
1%
1&
1'
b101 )
0-
#484200000000
0!
0"
0%
0&
#484250000000
1!
1"
0#
1%
1&
0'
b100 )
1-
#484300000000
0!
0"
0%
0&
#484350000000
1!
1"
1#
1%
1&
1'
b11 )
0-
#484400000000
0!
0"
0%
0&
#484450000000
1!
1"
0#
1%
1&
0'
b10 )
1-
#484500000000
0!
0"
0%
0&
#484550000000
1!
1"
1#
1%
1&
1'
b1 )
0-
#484600000000
0!
0"
0%
0&
#484650000000
1!
1"
0#
1%
1&
0'
b0 )
1-
#484700000000
0!
0"
0%
0&
#484750000000
1!
1"
1#
1%
1&
1'
b111 )
b110 *
0-
#484800000000
0!
0"
0%
0&
#484850000000
1!
1"
0#
1%
1&
0'
b110 )
1-
#484900000000
0!
0"
0%
0&
#484950000000
1!
1"
1#
1%
1&
1'
b101 )
0-
#485000000000
0!
0"
0%
0&
#485050000000
1!
1"
0#
1%
1&
0'
b100 )
1-
#485100000000
0!
0"
0%
0&
#485150000000
1!
1"
1#
1%
1&
1'
b11 )
0-
#485200000000
0!
0"
0%
0&
#485250000000
1!
1"
0#
1%
1&
0'
b10 )
1-
#485300000000
0!
0"
0%
0&
#485350000000
1!
1"
1#
1%
1&
1'
b1 )
0-
#485400000000
0!
0"
0%
0&
#485450000000
1!
1"
0#
1%
1&
0'
b0 )
1-
#485500000000
0!
0"
0%
0&
#485550000000
1!
1"
1#
1%
1&
1'
b111 )
b0 *
0-
#485600000000
0!
0"
0%
0&
#485650000000
1!
1"
0#
1%
1&
0'
b110 )
1-
#485700000000
0!
0"
0%
0&
#485750000000
1!
1"
1#
1%
1&
1'
b101 )
0-
#485800000000
0!
0"
0%
0&
#485850000000
1!
1"
0#
1%
1&
0'
b100 )
1-
#485900000000
0!
0"
0%
0&
#485950000000
1!
1"
1#
1%
1&
1'
b11 )
0-
#486000000000
0!
0"
0%
0&
#486050000000
1!
1"
0#
1%
1&
0'
b10 )
1-
#486100000000
0!
0"
0%
0&
#486150000000
1!
1"
1#
1%
1&
1'
b1 )
0-
#486200000000
0!
0"
0%
0&
#486250000000
1!
1"
0#
1%
1&
0'
b0 )
1-
#486300000000
0!
0"
0%
0&
#486350000000
1!
1"
1#
1%
1&
1'
b111 )
b11111111111111111111111111111111 .
#486400000000
0!
0"
0#
0%
0&
0'
#486450000000
1!
1"
1#
1%
1&
1'
b110 )
b01111111111111111111111111111111 .
#486500000000
0!
0"
0#
0%
0&
0'
#486550000000
1!
1"
1#
1%
1&
1'
b101 )
b00111111111111111111111111111111 .
#486600000000
0!
0"
0#
0%
0&
0'
#486650000000
1!
1"
1#
1%
1&
1'
b100 )
b00011111111111111111111111111111 .
#486700000000
0!
0"
0#
0%
0&
0'
#486750000000
1!
1"
1#
1%
1&
1'
b11 )
b00001111111111111111111111111111 .
#486800000000
0!
0"
0#
0%
0&
0'
#486850000000
1!
1"
1#
1%
1&
1'
b10 )
b00000111111111111111111111111111 .
#486900000000
0!
0"
0#
0%
0&
0'
#486950000000
1!
1"
1#
1%
1&
1'
b1 )
b00000011111111111111111111111111 .
#487000000000
0!
0"
0#
0%
0&
0'
#487050000000
1!
1"
1#
1%
1&
1'
b0 )
b00000001111111111111111111111111 .
#487100000000
0!
0"
0#
0%
0&
0'
#487150000000
1!
1"
1#
1%
1&
1'
b111 )
b1 *
b00000000111111111111111111111111 .
#487200000000
0!
0"
0#
0%
0&
0'
#487250000000
1!
1"
1#
1%
1&
1'
b110 )
b00000000011111111111111111111111 .
#487300000000
0!
0"
0#
0%
0&
0'
#487350000000
1!
1"
1#
1%
1&
1'
b101 )
b00000000001111111111111111111111 .
#487400000000
0!
0"
0#
0%
0&
0'
#487450000000
1!
1"
1#
1%
1&
1'
b100 )
b00000000000111111111111111111111 .
#487500000000
0!
0"
0#
0%
0&
0'
#487550000000
1!
1"
1#
1%
1&
1'
b11 )
b00000000000011111111111111111111 .
#487600000000
0!
0"
0#
0%
0&
0'
#487650000000
1!
1"
1#
1%
1&
1'
b10 )
b00000000000001111111111111111111 .
#487700000000
0!
0"
0#
0%
0&
0'
#487750000000
1!
1"
1#
1%
1&
1'
b1 )
b00000000000000111111111111111111 .
#487800000000
0!
0"
0#
0%
0&
0'
#487850000000
1!
1"
1#
1%
1&
1'
b0 )
b00000000000000011111111111111111 .
#487900000000
0!
0"
0#
0%
0&
0'
#487950000000
1!
1"
1#
1%
1&
1'
b111 )
b10 *
b00000000000000001111111111111111 .
#488000000000
0!
0"
0#
0%
0&
0'
#488050000000
1!
1"
1#
1%
1&
1'
b110 )
b00000000000000000111111111111111 .
#488100000000
0!
0"
0#
0%
0&
0'
#488150000000
1!
1"
1#
1%
1&
1'
b101 )
b00000000000000000011111111111111 .
#488200000000
0!
0"
0#
0%
0&
0'
#488250000000
1!
1"
1#
1%
1&
1'
b100 )
b00000000000000000001111111111111 .
#488300000000
0!
0"
0#
0%
0&
0'
#488350000000
1!
1"
1#
1%
1&
1'
b11 )
b00000000000000000000111111111111 .
#488400000000
0!
0"
0#
0%
0&
0'
#488450000000
1!
1"
1#
1%
1&
1'
b10 )
b00000000000000000000011111111111 .
#488500000000
0!
0"
0#
0%
0&
0'
#488550000000
1!
1"
1#
1%
1&
1'
b1 )
b00000000000000000000001111111111 .
#488600000000
0!
0"
0#
0%
0&
0'
#488650000000
1!
1"
1#
1%
1&
1'
b0 )
b00000000000000000000000111111111 .
#488700000000
0!
0"
0#
0%
0&
0'
#488750000000
1!
1"
1#
1%
1&
1'
b111 )
b11 *
b00000000000000000000000011111111 .
#488800000000
0!
0"
0#
0%
0&
0'
#488850000000
1!
1"
1#
1%
1&
1'
b110 )
b00000000000000000000000001111111 .
#488900000000
0!
0"
0#
0%
0&
0'
#488950000000
1!
1"
1#
1%
1&
1'
b101 )
b00000000000000000000000000111111 .
#489000000000
0!
0"
0#
0%
0&
0'
#489050000000
1!
1"
1#
1%
1&
1'
b100 )
b00000000000000000000000000011111 .
#489100000000
0!
0"
0#
0%
0&
0'
#489150000000
1!
1"
1#
1%
1&
1'
b11 )
b00000000000000000000000000001111 .
#489200000000
0!
0"
0#
0%
0&
0'
#489250000000
1!
1"
1#
1%
1&
1'
b10 )
b00000000000000000000000000000111 .
#489300000000
0!
0"
0#
0%
0&
0'
#489350000000
1!
1"
1#
1%
1&
1'
b1 )
b00000000000000000000000000000011 .
#489400000000
0!
0"
0#
0%
0&
0'
#489450000000
1!
1"
1#
1%
1&
1'
b0 )
b00000000000000000000000000000001 .
#489500000000
0!
0"
0#
0%
0&
0'
#489550000000
1!
1"
1#
1%
1&
1'
b111 )
b100 *
b00000000000000000000000000000000 .
#489600000000
0!
0"
0#
0%
0&
0'
#489650000000
1!
1"
1#
1%
1&
1'
b110 )
b11101101101110001000001100100000 .
#489700000000
0!
0"
0#
0%
0&
0'
#489750000000
1!
1"
1#
1%
1&
1'
b101 )
b10011011011001001100001010110000 .
#489800000000
0!
0"
0#
0%
0&
0'
#489850000000
1!
1"
1#
1%
1&
1'
b100 )
b10100000000010101110001001111000 .
#489900000000
0!
0"
0#
0%
0&
0'
#489950000000
1!
1"
1#
1%
1&
1'
b11 )
b10111101101111011111001000011100 .
#490000000000
0!
0"
0#
0%
0&
0'
#490050000000
1!
1"
1#
1%
1&
1'
b10 )
b10110011011001100111101000101110 .
#490100000000
0!
0"
0#
0%
0&
0'
#490150000000
1!
1"
1#
1%
1&
1'
b1 )
b10110100000010111011111000110111 .
#490200000000
0!
0"
0#
0%
0&
0'
#490250000000
1!
1"
1#
1%
1&
1'
b0 )
b01011010000001011101111100011011 .
#490300000000
0!
0"
0#
0%
0&
0'
#490350000000
1!
1"
1#
1%
1&
1'
b111 )
b101 *
b00101101000000101110111110001101 .
#490400000000
0!
0"
0#
0%
0&
0'
#490450000000
1!
1"
1#
1%
1&
1'
b110 )
b00010110100000010111011111000110 .
#490500000000
0!
0"
0#
0%
0&
0'
#490550000000
1!
1"
1#
1%
1&
1'
b101 )
b11100110111110000011100011000011 .
#490600000000
0!
0"
0#
0%
0&
0'
#490650000000
1!
1"
1#
1%
1&
1'
b100 )
b01110011011111000001110001100001 .
#490700000000
0!
0"
0#
0%
0&
0'
#490750000000
1!
1"
1#
1%
1&
1'
b11 )
b00111001101111100000111000110000 .
#490800000000
0!
0"
0#
0%
0&
0'
#490850000000
1!
1"
1#
1%
1&
1'
b10 )
b11110001011001111000010000111000 .
#490900000000
0!
0"
0#
0%
0&
0'
#490950000000
1!
1"
1#
1%
1&
1'
b1 )
b10010101000010110100000100111100 .
#491000000000
0!
0"
0#
0%
0&
0'
#491050000000
1!
1"
1#
1%
1&
1'
b0 )
b10100111001111010010001110111110 .
#491100000000
0!
0"
0#
0%
0&
0'
#491150000000
1!
1"
1#
1%
1&
1'
b111 )
b0 *
b10111110001001100001001011111111 .
#491200000000
0!
0"
0#
0%
0&
0'
#491250000000
1!
1"
1#
1%
1&
1'
b110 )
0-
b10110010101010111000101001011111 .
#491300000000
0!
0"
0%
0&
#491350000000
1!
1"
0#
1%
1&
0'
b101 )
b10110100111011010100011000001111 .
#491400000000
0!
0"
1#
0%
0&
1'
#491450000000
1!
1"
0#
1%
1&
0'
b100 )
b10110111110011100010000000100111 .
#491500000000
0!
0"
1#
0%
0&
1'
#491550000000
1!
1"
0#
1%
1&
0'
b11 )
b10110110010111111001001100110011 .
#491600000000
0!
0"
1#
0%
0&
1'
#491650000000
1!
1"
0#
1%
1&
0'
b10 )
1-
b01011011001011111100100110011001 .
#491700000000
0!
0"
0%
0&
#491750000000
1!
1"
1#
1%
1&
1'
b1 )
0-
b11000000001011110110011111101100 .
#491800000000
0!
0"
0%
0&
#491850000000
1!
1"
0#
1%
1&
0'
b0 )
b01100000000101111011001111110110 .
#491900000000
0!
0"
1#
0%
0&
1'
#491950000000
1!
1"
0#
1%
1&
0'
b111 )
b1 *
b00110000000010111101100111111011 .
#492000000000
0!
0"
1#
0%
0&
1'
#492050000000
1!
1"
0#
1%
1&
0'
b110 )
b11110101101111010110111111011101 .
#492100000000
0!
0"
1#
0%
0&
1'
#492150000000
1!
1"
0#
1%
1&
0'
b101 )
1-
b01111010110111101011011111101110 .
#492200000000
0!
0"
0%
0&
#492250000000
1!
1"
1#
1%
1&
1'
b100 )
0-
b00111101011011110101101111110111 .
#492300000000
0!
0"
0%
0&
#492350000000
1!
1"
0#
1%
1&
0'
b11 )
b11110011000011110010111011011011 .
#492400000000
0!
0"
1#
0%
0&
1'
#492450000000
1!
1"
0#
1%
1&
0'
b10 )
b10010100001111110001010001001101 .
#492500000000
0!
0"
1#
0%
0&
1'
#492550000000
1!
1"
0#
1%
1&
0'
b1 )
b10100111101001110000100100000110 .
#492600000000
0!
0"
1#
0%
0&
1'
#492650000000
1!
1"
0#
1%
1&
0'
b0 )
b01010011110100111000010010000011 .
#492700000000
0!
0"
1#
0%
0&
1'
#492750000000
1!
1"
0#
1%
1&
0'
b111 )
b10 *
1-
b00101001111010011100001001000001 .
#492800000000
0!
0"
0%
0&
#492850000000
1!
1"
1#
1%
1&
1'
b110 )
0-
b11111001010011000110001000000000 .
#492900000000
0!
0"
0%
0&
#492950000000
1!
1"
0#
1%
1&
0'
b101 )
1-
b10010001000111101011001000100000 .
#493000000000
0!
0"
0%
0&
#493050000000
1!
1"
1#
1%
1&
1'
b100 )
b10100101001101111101101000110000 .
#493100000000
0!
0"
0#
0%
0&
0'
#493150000000
1!
1"
1#
1%
1&
1'
b11 )
0-
b01010010100110111110110100011000 .
#493200000000
0!
0"
0%
0&
#493250000000
1!
1"
0#
1%
1&
0'
b10 )
b00101001010011011111011010001100 .
#493300000000
0!
0"
1#
0%
0&
1'
#493350000000
1!
1"
0#
1%
1&
0'
b1 )
b00010100101001101111101101000110 .
#493400000000
0!
0"
1#
0%
0&
1'
#493450000000
1!
1"
0#
1%
1&
0'
b0 )
b00001010010100110111110110100011 .
#493500000000
0!
0"
1#
0%
0&
1'
#493550000000
1!
1"
0#
1%
1&
0'
b111 )
b11 *
1-
b00000101001010011011111011010001 .
#493600000000
0!
0"
0%
0&
#493650000000
1!
1"
1#
1%
1&
1'
b110 )
0-
b11101111001011000101110001001000 .
#493700000000
0!
0"
0%
0&
#493750000000
1!
1"
0#
1%
1&
0'
b101 )
b01110111100101100010111000100100 .
#493800000000
0!
0"
1#
0%
0&
1'
#493850000000
1!
1"
0#
1%
1&
0'
b100 )
b00111011110010110001011100010010 .
#493900000000
0!
0"
1#
0%
0&
1'
#493950000000
1!
1"
0#
1%
1&
0'
b11 )
1-
b11110000010111010000100010101001 .
#494000000000
0!
0"
0%
0&
#494050000000
1!
1"
1#
1%
1&
1'
b10 )
b01111000001011101000010001010100 .
#494100000000
0!
0"
0#
0%
0&
0'
#494150000000
1!
1"
1#
1%
1&
1'
b1 )
0-
b00111100000101110100001000101010 .
#494200000000
0!
0"
0%
0&
#494250000000
1!
1"
0#
1%
1&
0'
b0 )
b00011110000010111010000100010101 .
#494300000000
0!
0"
1#
0%
0&
1'
#494350000000
1!
1"
0#
1%
1&
0'
b111 )
b100 *
b11100010101111010101001110101010 .
#494400000000
0!
0"
1#
0%
0&
1'
#494450000000
1!
1"
0#
1%
1&
0'
b110 )
b01110001010111101010100111010101 .
#494500000000
0!
0"
1#
0%
0&
1'
#494550000000
1!
1"
0#
1%
1&
0'
b101 )
1-
b00111000101011110101010011101010 .
#494600000000
0!
0"
0%
0&
#494650000000
1!
1"
1#
1%
1&
1'
b100 )
0-
b00011100010101111010101001110101 .
#494700000000
0!
0"
0%
0&
#494750000000
1!
1"
0#
1%
1&
0'
b11 )
1-
b00001110001010111101010100111010 .
#494800000000
0!
0"
0%
0&
#494850000000
1!
1"
1#
1%
1&
1'
b10 )
0-
b00000111000101011110101010011101 .
#494900000000
0!
0"
0%
0&
#494950000000
1!
1"
0#
1%
1&
0'
b1 )
1-
b00000011100010101111010101001110 .
#495000000000
0!
0"
0%
0&
#495050000000
1!
1"
1#
1%
1&
1'
b0 )
b11101100011111011111100110000111 .
#495100000000
0!
0"
0#
0%
0&
0'
#495150000000
1!
1"
1#
1%
1&
1'
b111 )
b101 *
b01110110001111101111110011000011 .
#495200000000
0!
0"
0#
0%
0&
0'
#495250000000
1!
1"
1#
1%
1&
1'
b110 )
0-
b11010110101001111111110101000001 .
#495300000000
0!
0"
0%
0&
#495350000000
1!
1"
0#
1%
1&
0'
b101 )
b10000110111010110111110110000000 .
#495400000000
0!
0"
1#
0%
0&
1'
#495450000000
1!
1"
0#
1%
1&
0'
b100 )
b01000011011101011011111011000000 .
#495500000000
0!
0"
1#
0%
0&
1'
#495550000000
1!
1"
0#
1%
1&
0'
b11 )
1-
b11001100000000100101110001000000 .
#495600000000
0!
0"
0%
0&
#495650000000
1!
1"
1#
1%
1&
1'
b10 )
0-
b01100110000000010010111000100000 .
#495700000000
0!
0"
0%
0&
#495750000000
1!
1"
0#
1%
1&
0'
b1 )
b00110011000000001001011100010000 .
#495800000000
0!
0"
1#
0%
0&
1'
#495850000000
1!
1"
0#
1%
1&
0'
b0 )
b00011001100000000100101110001000 .
#495900000000
0!
0"
1#
0%
0&
1'
#495950000000
1!
1"
0#
1%
1&
0'
b111 )
b0 *
b00001100110000000010010111000100 .
#496000000000
0!
0"
1#
0%
0&
1'
#496050000000
1!
1"
0#
1%
1&
0'
b110 )
b00000110011000000001001011100010 .
#496100000000
0!
0"
1#
0%
0&
1'
#496150000000
1!
1"
0#
1%
1&
0'
b101 )
b00000011001100000000100101110001 .
#496200000000
0!
0"
1#
0%
0&
1'
#496250000000
1!
1"
0#
1%
1&
0'
b100 )
b11101100001000001000011110011000 .
#496300000000
0!
0"
1#
0%
0&
1'
#496350000000
1!
1"
0#
1%
1&
0'
b11 )
1-
b10011011101010001100000011101100 .
#496400000000
0!
0"
0%
0&
#496450000000
1!
1"
1#
1%
1&
1'
b10 )
0-
b01001101110101000110000001110110 .
#496500000000
0!
0"
0%
0&
#496550000000
1!
1"
0#
1%
1&
0'
b1 )
b00100110111010100011000000111011 .
#496600000000
0!
0"
1#
0%
0&
1'
#496650000000
1!
1"
0#
1%
1&
0'
b0 )
b11111110110011011001101100111101 .
#496700000000
0!
0"
1#
0%
0&
1'
#496750000000
1!
1"
0#
1%
1&
0'
b111 )
b1 *
1-
b01111111011001101100110110011110 .
#496800000000
0!
0"
0%
0&
#496850000000
1!
1"
1#
1%
1&
1'
b110 )
b11010010000010111110010111101111 .
#496900000000
0!
0"
0#
0%
0&
0'
#496950000000
1!
1"
1#
1%
1&
1'
b101 )
0-
b10000100101111010111000111010111 .
#497000000000
0!
0"
0%
0&
#497050000000
1!
1"
0#
1%
1&
0'
b100 )
1-
b01000010010111101011100011101011 .
#497100000000
0!
0"
0%
0&
#497150000000
1!
1"
1#
1%
1&
1'
b11 )
0-
b11001100100101111101111101010101 .
#497200000000
0!
0"
0%
0&
#497250000000
1!
1"
0#
1%
1&
0'
b10 )
1-
b01100110010010111110111110101010 .
#497300000000
0!
0"
0%
0&
#497350000000
1!
1"
1#
1%
1&
1'
b1 )
b11011110100111010111010011110101 .
#497400000000
0!
0"
0#
0%
0&
0'
#497450000000
1!
1"
1#
1%
1&
1'
b0 )
0-
b10000010111101100011100101011010 .
#497500000000
0!
0"
0%
0&
#497550000000
1!
1"
0#
1%
1&
0'
b111 )
b0 *
1-
b10101100110000111001111110001101 .
#497600000000
0!
0"
0%
0&
#497650000000
1!
1"
1#
1%
1&
1'
b110 )
0-
b10111011110110010100110011100110 .
#497700000000
0!
0"
0%
0&
#497750000000
1!
1"
0#
1%
1&
0'
b101 )
b01011101111011001010011001110011 .
#497800000000
0!
0"
1#
0%
0&
1'
#497850000000
1!
1"
0#
1%
1&
0'
b100 )
b11000011010011101101000000011001 .
#497900000000
0!
0"
1#
0%
0&
1'
#497950000000
1!
1"
0#
1%
1&
0'
b11 )
b10001100000111111110101100101100 .
#498000000000
0!
0"
1#
0%
0&
1'
#498050000000
1!
1"
0#
1%
1&
0'
b10 )
b01000110000011111111010110010110 .
#498100000000
0!
0"
1#
0%
0&
1'
#498150000000
1!
1"
0#
1%
1&
0'
b1 )
b00100011000001111111101011001011 .
#498200000000
0!
0"
1#
0%
0&
1'
#498250000000
1!
1"
0#
1%
1&
0'
b0 )
b11111100001110110111111001000101 .
#498300000000
0!
0"
1#
0%
0&
1'
#498350000000
1!
1"
0#
1%
1&
0'
b111 )
b1 *
b10010011101001010011110000000010 .
#498400000000
0!
0"
1#
0%
0&
1'
#498450000000
1!
1"
0#
1%
1&
0'
b110 )
b01001001110100101001111000000001 .
#498500000000
0!
0"
1#
0%
0&
1'
#498550000000
1!
1"
0#
1%
1&
0'
b101 )
b11001001010100011100110000100000 .
#498600000000
0!
0"
1#
0%
0&
1'
#498650000000
1!
1"
0#
1%
1&
0'
b100 )
b01100100101010001110011000010000 .
#498700000000
0!
0"
1#
0%
0&
1'
#498750000000
1!
1"
0#
1%
1&
0'
b11 )
b00110010010101000111001100001000 .
#498800000000
0!
0"
1#
0%
0&
1'
#498850000000
1!
1"
0#
1%
1&
0'
b10 )
b00011001001010100011100110000100 .
#498900000000
0!
0"
1#
0%
0&
1'
#498950000000
1!
1"
0#
1%
1&
0'
b1 )
b00001100100101010001110011000010 .
#499000000000
0!
0"
1#
0%
0&
1'
#499050000000
1!
1"
0#
1%
1&
0'
b0 )
b00000110010010101000111001100001 .
#499100000000
0!
0"
1#
0%
0&
1'
#499150000000
1!
1"
0#
1%
1&
0'
b111 )
b10 *
b11101110100111011100010000010000 .
#499200000000
0!
0"
1#
0%
0&
1'
#499250000000
1!
1"
0#
1%
1&
0'
b110 )
b01110111010011101110001000001000 .
#499300000000
0!
0"
1#
0%
0&
1'
#499350000000
1!
1"
0#
1%
1&
0'
b101 )
b00111011101001110111000100000100 .
#499400000000
0!
0"
1#
0%
0&
1'
#499450000000
1!
1"
0#
1%
1&
0'
b100 )
b00011101110100111011100010000010 .
#499500000000
0!
0"
1#
0%
0&
1'
#499550000000
1!
1"
0#
1%
1&
0'
b11 )
b00001110111010011101110001000001 .
#499600000000
0!
0"
1#
0%
0&
1'
#499650000000
1!
1"
0#
1%
1&
0'
b10 )
b11101010110011000110110100000000 .
#499700000000
0!
0"
1#
0%
0&
1'
#499750000000
1!
1"
0#
1%
1&
0'
b1 )
b01110101011001100011011010000000 .
#499800000000
0!
0"
1#
0%
0&
1'
#499850000000
1!
1"
0#
1%
1&
0'
b0 )
b00111010101100110001101101000000 .
#499900000000
0!
0"
1#
0%
0&
1'
#499950000000
1!
1"
0#
1%
1&
0'
b111 )
b11 *
b00011101010110011000110110100000 .
#500000000000
0!
0"
1#
0%
0&
1'
#500050000000
1!
1"
0#
1%
1&
0'
b110 )
b00001110101011001100011011010000 .
#500100000000
0!
0"
1#
0%
0&
1'
#500150000000
1!
1"
0#
1%
1&
0'
b101 )
b00000111010101100110001101101000 .
#500200000000
0!
0"
1#
0%
0&
1'
#500250000000
1!
1"
0#
1%
1&
0'
b100 )
b00000011101010110011000110110100 .
#500300000000
0!
0"
1#
0%
0&
1'
#500350000000
1!
1"
0#
1%
1&
0'
b11 )
b00000001110101011001100011011010 .
#500400000000
0!
0"
1#
0%
0&
1'
#500450000000
1!
1"
0#
1%
1&
0'
b10 )
b00000000111010101100110001101101 .
#500500000000
0!
0"
1#
0%
0&
1'
#500550000000
1!
1"
0#
1%
1&
0'
b1 )
b11101101110011011110010100010110 .
#500600000000
0!
0"
1#
0%
0&
1'
#500650000000
1!
1"
0#
1%
1&
0'
b0 )
b01110110111001101111001010001011 .
#500700000000
0!
0"
1#
0%
0&
1'
#500750000000
1!
1"
0#
1%
1&
0'
b111 )
b100 *
b11010110110010111111101001100101 .
#500800000000
0!
0"
1#
0%
0&
1'
#500850000000
1!
1"
0#
1%
1&
0'
b110 )
b10000110110111010111111000010010 .
#500900000000
0!
0"
1#
0%
0&
1'
#500950000000
1!
1"
0#
1%
1&
0'
b101 )
b01000011011011101011111100001001 .
#501000000000
0!
0"
1#
0%
0&
1'
#501050000000
1!
1"
0#
1%
1&
0'
b100 )
b11001100000011111101110010100100 .
#501100000000
0!
0"
1#
0%
0&
1'
#501150000000
1!
1"
0#
1%
1&
0'
b11 )
b01100110000001111110111001010010 .
#501200000000
0!
0"
1#
0%
0&
1'
#501250000000
1!
1"
0#
1%
1&
0'
b10 )
b00110011000000111111011100101001 .
#501300000000
0!
0"
1#
0%
0&
1'
#501350000000
1!
1"
0#
1%
1&
0'
b1 )
b11110100001110010111100010110100 .
#501400000000
0!
0"
1#
0%
0&
1'
#501450000000
1!
1"
0#
1%
1&
0'
b0 )
b01111010000111001011110001011010 .
#501500000000
0!
0"
1#
0%
0&
1'
#501550000000
1!
1"
0#
1%
1&
0'
b111 )
b101 *
b00111101000011100101111000101101 .
#501600000000
0!
0"
1#
0%
0&
1'
#501650000000
1!
1"
0#
1%
1&
0'
b110 )
b11110011001111111010110000110110 .
#501700000000
0!
0"
1#
0%
0&
1'
#501750000000
1!
1"
0#
1%
1&
0'
b101 )
b01111001100111111101011000011011 .
#501800000000
0!
0"
1#
0%
0&
1'
#501850000000
1!
1"
0#
1%
1&
0'
b100 )
b11010001011101110110100000101101 .
#501900000000
0!
0"
1#
0%
0&
1'
#501950000000
1!
1"
0#
1%
1&
0'
b11 )
b10000101000000110011011100110110 .
#502000000000
0!
0"
1#
0%
0&
1'
#502050000000
1!
1"
0#
1%
1&
0'
b10 )
b01000010100000011001101110011011 .
#502100000000
0!
0"
1#
0%
0&
1'
#502150000000
1!
1"
0#
1%
1&
0'
b1 )
b11001100111110000100111011101101 .
#502200000000
0!
0"
1#
0%
0&
1'
#502250000000
1!
1"
0#
1%
1&
0'
b0 )
b10001011110001001010010001010110 .
#502300000000
0!
0"
1#
0%
0&
1'
#502350000000
1!
1"
0#
1%
1&
0'
b111 )
b110 *
b01000101111000100101001000101011 .
#502400000000
0!
0"
1#
0%
0&
1'
#502450000000
1!
1"
0#
1%
1&
0'
b110 )
b11001111010010011010101000110101 .
#502500000000
0!
0"
1#
0%
0&
1'
#502550000000
1!
1"
0#
1%
1&
0'
b101 )
b10001010000111000101011000111010 .
#502600000000
0!
0"
1#
0%
0&
1'
#502650000000
1!
1"
0#
1%
1&
0'
b100 )
b01000101000011100010101100011101 .
#502700000000
0!
0"
1#
0%
0&
1'
#502750000000
1!
1"
0#
1%
1&
0'
b11 )
b11001111001111111001011010101110 .
#502800000000
0!
0"
1#
0%
0&
1'
#502850000000
1!
1"
0#
1%
1&
0'
b10 )
b01100111100111111100101101010111 .
#502900000000
0!
0"
1#
0%
0&
1'
#502950000000
1!
1"
0#
1%
1&
0'
b1 )
b11011110011101110110011010001011 .
#503000000000
0!
0"
1#
0%
0&
1'
#503050000000
1!
1"
0#
1%
1&
0'
b0 )
b10000010100000110011000001100101 .
#503100000000
0!
0"
1#
0%
0&
1'
#503150000000
1!
1"
0#
1%
1&
0'
b111 )
b111 *
b10101100111110010001101100010010 .
#503200000000
0!
0"
1#
0%
0&
1'
#503250000000
1!
1"
0#
1%
1&
0'
b110 )
b01010110011111001000110110001001 .
#503300000000
0!
0"
1#
0%
0&
1'
#503350000000
1!
1"
0#
1%
1&
0'
b101 )
b11000110100001101100010111100100 .
#503400000000
0!
0"
1#
0%
0&
1'
#503450000000
1!
1"
0#
1%
1&
0'
b100 )
b01100011010000110110001011110010 .
#503500000000
0!
0"
1#
0%
0&
1'
#503550000000
1!
1"
0#
1%
1&
0'
b11 )
b00110001101000011011000101111001 .
#503600000000
0!
0"
1#
0%
0&
1'
#503650000000
1!
1"
0#
1%
1&
0'
b10 )
b11110101011010000101101110011100 .
#503700000000
0!
0"
1#
0%
0&
1'
#503750000000
1!
1"
0#
1%
1&
0'
b1 )
b01111010101101000010110111001110 .
#503800000000
0!
0"
1#
0%
0&
1'
#503850000000
1!
1"
0#
1%
1&
0'
b0 )
b00111101010110100001011011100111 .
#503900000000
0!
0"
1#
0%
0&
1'
#503950000000
1!
1"
0#
1%
1&
0'
b111 )
b1000 *
b11110011000101011000100001010011 .
#504000000000
0!
0"
1#
0%
0&
1'
#504050000000
1!
1"
0#
1%
1&
0'
b110 )
b10010100001100100100011100001001 .
#504100000000
0!
0"
1#
0%
0&
1'
#504150000000
1!
1"
0#
1%
1&
0'
b101 )
b10100111101000011010000010100100 .
#504200000000
0!
0"
1#
0%
0&
1'
#504250000000
1!
1"
0#
1%
1&
0'
b100 )
b01010011110100001101000001010010 .
#504300000000
0!
0"
1#
0%
0&
1'
#504350000000
1!
1"
0#
1%
1&
0'
b11 )
b00101001111010000110100000101001 .
#504400000000
0!
0"
1#
0%
0&
1'
#504450000000
1!
1"
0#
1%
1&
0'
b10 )
b11111001010011001011011100110100 .
#504500000000
0!
0"
1#
0%
0&
1'
#504550000000
1!
1"
0#
1%
1&
0'
b1 )
b01111100101001100101101110011010 .
#504600000000
0!
0"
1#
0%
0&
1'
#504650000000
1!
1"
0#
1%
1&
0'
b0 )
b00111110010100110010110111001101 .
#504700000000
0!
0"
1#
0%
0&
1'
#504750000000
1!
1"
0#
1%
1&
0'
b111 )
b1001 *
b11110010100100010001010111000110 .
#504800000000
0!
0"
1#
0%
0&
1'
#504850000000
1!
1"
0#
1%
1&
0'
b110 )
b01111001010010001000101011100011 .
#504900000000
0!
0"
1#
0%
0&
1'
#504950000000
1!
1"
0#
1%
1&
0'
b101 )
b11010001000111001100011001010001 .
#505000000000
0!
0"
1#
0%
0&
1'
#505050000000
1!
1"
0#
1%
1&
0'
b100 )
b10000101001101101110000000001000 .
#505100000000
0!
0"
1#
0%
0&
1'
#505150000000
1!
1"
0#
1%
1&
0'
b11 )
b01000010100110110111000000000100 .
#505200000000
0!
0"
1#
0%
0&
1'
#505250000000
1!
1"
0#
1%
1&
0'
b10 )
b00100001010011011011100000000010 .
#505300000000
0!
0"
1#
0%
0&
1'
#505350000000
1!
1"
0#
1%
1&
0'
b1 )
b00010000101001101101110000000001 .
#505400000000
0!
0"
1#
0%
0&
1'
#505450000000
1!
1"
0#
1%
1&
0'
b0 )
b11100101111010111110110100100000 .
#505500000000
0!
0"
1#
0%
0&
1'
#505550000000
1!
1"
0#
1%
1&
0'
b111 )
b1010 *
b01110010111101011111011010010000 .
#505600000000
0!
0"
1#
0%
0&
1'
#505650000000
1!
1"
0#
1%
1&
0'
b110 )
b00111001011110101111101101001000 .
#505700000000
0!
0"
1#
0%
0&
1'
#505750000000
1!
1"
0#
1%
1&
0'
b101 )
b00011100101111010111110110100100 .
#505800000000
0!
0"
1#
0%
0&
1'
#505850000000
1!
1"
0#
1%
1&
0'
b100 )
b00001110010111101011111011010010 .
#505900000000
0!
0"
1#
0%
0&
1'
#505950000000
1!
1"
0#
1%
1&
0'
b11 )
b00000111001011110101111101101001 .
#506000000000
0!
0"
1#
0%
0&
1'
#506050000000
1!
1"
0#
1%
1&
0'
b10 )
b11101110001011110010110010010100 .
#506100000000
0!
0"
1#
0%
0&
1'
#506150000000
1!
1"
0#
1%
1&
0'
b1 )
b01110111000101111001011001001010 .
#506200000000
0!
0"
1#
0%
0&
1'
#506250000000
1!
1"
0#
1%
1&
0'
b0 )
b00111011100010111100101100100101 .
#506300000000
0!
0"
1#
0%
0&
1'
#506350000000
1!
1"
0#
1%
1&
0'
b111 )
b1011 *
b11110000011111010110011010110010 .
#506400000000
0!
0"
1#
0%
0&
1'
#506450000000
1!
1"
0#
1%
1&
0'
b110 )
b01111000001111101011001101011001 .
#506500000000
0!
0"
1#
0%
0&
1'
#506550000000
1!
1"
0#
1%
1&
0'
b101 )
b11010001101001111101101010001100 .
#506600000000
0!
0"
1#
0%
0&
1'
#506650000000
1!
1"
0#
1%
1&
0'
b100 )
b01101000110100111110110101000110 .
#506700000000
0!
0"
1#
0%
0&
1'
#506750000000
1!
1"
0#
1%
1&
0'
b11 )
b00110100011010011111011010100011 .
#506800000000
0!
0"
1#
0%
0&
1'
#506850000000
1!
1"
0#
1%
1&
0'
b10 )
b11110111100011000111100001110001 .
#506900000000
0!
0"
1#
0%
0&
1'
#506950000000
1!
1"
0#
1%
1&
0'
b1 )
b10010110011111101011111100011000 .
#507000000000
0!
0"
1#
0%
0&
1'
#507050000000
1!
1"
0#
1%
1&
0'
b0 )
b01001011001111110101111110001100 .
#507100000000
0!
0"
1#
0%
0&
1'
#507150000000
1!
1"
0#
1%
1&
0'
b111 )
b1100 *
b00100101100111111010111111000110 .
#507200000000
0!
0"
1#
0%
0&
1'
#507250000000
1!
1"
0#
1%
1&
0'
b110 )
b00010010110011111101011111100011 .
#507300000000
0!
0"
1#
0%
0&
1'
#507350000000
1!
1"
0#
1%
1&
0'
b101 )
b11100100110111110110100011010001 .
#507400000000
0!
0"
1#
0%
0&
1'
#507450000000
1!
1"
0#
1%
1&
0'
b100 )
b10011111110101110011011101001000 .
#507500000000
0!
0"
1#
0%
0&
1'
#507550000000
1!
1"
0#
1%
1&
0'
b11 )
b01001111111010111001101110100100 .
#507600000000
0!
0"
1#
0%
0&
1'
#507650000000
1!
1"
0#
1%
1&
0'
b10 )
b00100111111101011100110111010010 .
#507700000000
0!
0"
1#
0%
0&
1'
#507750000000
1!
1"
0#
1%
1&
0'
b1 )
b00010011111110101110011011101001 .
#507800000000
0!
0"
1#
0%
0&
1'
#507850000000
1!
1"
0#
1%
1&
0'
b0 )
b11100100010001011111000001010100 .
#507900000000
0!
0"
1#
0%
0&
1'
#507950000000
1!
1"
0#
1%
1&
0'
b111 )
b1101 *
b01110010001000101111100000101010 .
#508000000000
0!
0"
1#
0%
0&
1'
#508050000000
1!
1"
0#
1%
1&
0'
b110 )
b00111001000100010111110000010101 .
#508100000000
0!
0"
1#
0%
0&
1'
#508150000000
1!
1"
0#
1%
1&
0'
b101 )
b11110001001100000011110100101010 .
#508200000000
0!
0"
1#
0%
0&
1'
#508250000000
1!
1"
0#
1%
1&
0'
b100 )
b01111000100110000001111010010101 .
#508300000000
0!
0"
1#
0%
0&
1'
#508350000000
1!
1"
0#
1%
1&
0'
b11 )
b11010001111101001000110001101010 .
#508400000000
0!
0"
1#
0%
0&
1'
#508450000000
1!
1"
0#
1%
1&
0'
b10 )
b01101000111110100100011000110101 .
#508500000000
0!
0"
1#
0%
0&
1'
#508550000000
1!
1"
0#
1%
1&
0'
b1 )
b11011001110001011010000000111010 .
#508600000000
0!
0"
1#
0%
0&
1'
#508650000000
1!
1"
0#
1%
1&
0'
b0 )
b01101100111000101101000000011101 .
#508700000000
0!
0"
1#
0%
0&
1'
#508750000000
1!
1"
0#
1%
1&
0'
b111 )
b1110 *
b11011011110010011110101100101110 .
#508800000000
0!
0"
1#
0%
0&
1'
#508850000000
1!
1"
0#
1%
1&
0'
b110 )
b01101101111001001111010110010111 .
#508900000000
0!
0"
1#
0%
0&
1'
#508950000000
1!
1"
0#
1%
1&
0'
b101 )
b11011011010010101111100111101011 .
#509000000000
0!
0"
1#
0%
0&
1'
#509050000000
1!
1"
0#
1%
1&
0'
b100 )
b10000000000111011111111111010101 .
#509100000000
0!
0"
1#
0%
0&
1'
#509150000000
1!
1"
0#
1%
1&
0'
b11 )
b10101101101101100111110011001010 .
#509200000000
0!
0"
1#
0%
0&
1'
#509250000000
1!
1"
0#
1%
1&
0'
b10 )
b01010110110110110011111001100101 .
#509300000000
0!
0"
1#
0%
0&
1'
#509350000000
1!
1"
0#
1%
1&
0'
b1 )
b11000110110101010001110000010010 .
#509400000000
0!
0"
1#
0%
0&
1'
#509450000000
1!
1"
0#
1%
1&
0'
b0 )
b01100011011010101000111000001001 .
#509500000000
0!
0"
1#
0%
0&
1'
#509550000000
1!
1"
0#
1%
1&
0'
b111 )
b1111 *
b11011100000011011100010000100100 .
#509600000000
0!
0"
1#
0%
0&
1'
#509650000000
1!
1"
0#
1%
1&
0'
b110 )
b01101110000001101110001000010010 .
#509700000000
0!
0"
1#
0%
0&
1'
#509750000000
1!
1"
0#
1%
1&
0'
b101 )
b00110111000000110111000100001001 .
#509800000000
0!
0"
1#
0%
0&
1'
#509850000000
1!
1"
0#
1%
1&
0'
b100 )
b11110110001110010011101110100100 .
#509900000000
0!
0"
1#
0%
0&
1'
#509950000000
1!
1"
0#
1%
1&
0'
b11 )
b01111011000111001001110111010010 .
#510000000000
0!
0"
1#
0%
0&
1'
#510050000000
1!
1"
0#
1%
1&
0'
b10 )
b00111101100011100100111011101001 .
#510100000000
0!
0"
1#
0%
0&
1'
#510150000000
1!
1"
0#
1%
1&
0'
b1 )
b11110011011111111010010001010100 .
#510200000000
0!
0"
1#
0%
0&
1'
#510250000000
1!
1"
0#
1%
1&
0'
b0 )
b01111001101111111101001000101010 .
#510300000000
0!
0"
1#
0%
0&
1'
#510350000000
1!
1"
0#
1%
1&
0'
b111 )
b10000 *
b00111100110111111110100100010101 .
#510400000000
0!
0"
1#
0%
0&
1'
#510450000000
1!
1"
0#
1%
1&
0'
b110 )
b11110011110101110111011110101010 .
#510500000000
0!
0"
1#
0%
0&
1'
#510550000000
1!
1"
0#
1%
1&
0'
b101 )
b01111001111010111011101111010101 .
#510600000000
0!
0"
1#
0%
0&
1'
#510650000000
1!
1"
0#
1%
1&
0'
b100 )
b11010001010011010101111011001010 .
#510700000000
0!
0"
1#
0%
0&
1'
#510750000000
1!
1"
0#
1%
1&
0'
b11 )
b01101000101001101010111101100101 .
#510800000000
0!
0"
1#
0%
0&
1'
#510850000000
1!
1"
0#
1%
1&
0'
b10 )
b11011001111010111101010010010010 .
#510900000000
0!
0"
1#
0%
0&
1'
#510950000000
1!
1"
0#
1%
1&
0'
b1 )
b01101100111101011110101001001001 .
#511000000000
0!
0"
1#
0%
0&
1'
#511050000000
1!
1"
0#
1%
1&
0'
b0 )
b11011011110000100111011000000100 .
#511100000000
0!
0"
1#
0%
0&
1'
#511150000000
1!
1"
0#
1%
1&
0'
b111 )
b10001 *
b01101101111000010011101100000010 .
#511200000000
0!
0"
1#
0%
0&
1'
#511250000000
1!
1"
0#
1%
1&
0'
b110 )
b00110110111100001001110110000001 .
#511300000000
0!
0"
1#
0%
0&
1'
#511350000000
1!
1"
0#
1%
1&
0'
b101 )
b11110110110000001100110111100000 .
#511400000000
0!
0"
1#
0%
0&
1'
#511450000000
1!
1"
0#
1%
1&
0'
b100 )
b01111011011000000110011011110000 .
#511500000000
0!
0"
1#
0%
0&
1'
#511550000000
1!
1"
0#
1%
1&
0'
b11 )
b00111101101100000011001101111000 .
#511600000000
0!
0"
1#
0%
0&
1'
#511650000000
1!
1"
0#
1%
1&
0'
b10 )
b00011110110110000001100110111100 .
#511700000000
0!
0"
1#
0%
0&
1'
#511750000000
1!
1"
0#
1%
1&
0'
b1 )
b00001111011011000000110011011110 .
#511800000000
0!
0"
1#
0%
0&
1'
#511850000000
1!
1"
0#
1%
1&
0'
b0 )
b00000111101101100000011001101111 .
#511900000000
0!
0"
1#
0%
0&
1'
#511950000000
1!
1"
0#
1%
1&
0'
b111 )
b10010 *
b11101110011000111000000000010111 .
#512000000000
0!
0"
1#
0%
0&
1'
#512050000000
1!
1"
0#
1%
1&
0'
b110 )
b10011010100010010100001100101011 .
#512100000000
0!
0"
1#
0%
0&
1'
#512150000000
1!
1"
0#
1%
1&
0'
b101 )
b10100000111111000010001010110101 .
#512200000000
0!
0"
1#
0%
0&
1'
#512250000000
1!
1"
0#
1%
1&
0'
b100 )
b10111101110001101001001001111010 .
#512300000000
0!
0"
1#
0%
0&
1'
#512350000000
1!
1"
0#
1%
1&
0'
b11 )
b01011110111000110100100100111101 .
#512400000000
0!
0"
1#
0%
0&
1'
#512450000000
1!
1"
0#
1%
1&
0'
b10 )
b11000010110010010010011110111110 .
#512500000000
0!
0"
1#
0%
0&
1'
#512550000000
1!
1"
0#
1%
1&
0'
b1 )
b01100001011001001001001111011111 .
#512600000000
0!
0"
1#
0%
0&
1'
#512650000000
1!
1"
0#
1%
1&
0'
b0 )
b11011101000010101100101011001111 .
#512700000000
0!
0"
1#
0%
0&
1'
#512750000000
1!
1"
0#
1%
1&
0'
b111 )
b10011 *
b10000011001111011110011001000111 .
#512800000000
0!
0"
1#
0%
0&
1'
#512850000000
1!
1"
0#
1%
1&
0'
b110 )
b10101100001001100111000000000011 .
#512900000000
0!
0"
1#
0%
0&
1'
#512950000000
1!
1"
0#
1%
1&
0'
b101 )
b10111011101010111011101100100001 .
#513000000000
0!
0"
1#
0%
0&
1'
#513050000000
1!
1"
0#
1%
1&
0'
b100 )
b10110000011011010101111010110000 .
#513100000000
0!
0"
1#
0%
0&
1'
#513150000000
1!
1"
0#
1%
1&
0'
b11 )
b01011000001101101010111101011000 .
#513200000000
0!
0"
1#
0%
0&
1'
#513250000000
1!
1"
0#
1%
1&
0'
b10 )
b00101100000110110101011110101100 .
#513300000000
0!
0"
1#
0%
0&
1'
#513350000000
1!
1"
0#
1%
1&
0'
b1 )
b00010110000011011010101111010110 .
#513400000000
0!
0"
1#
0%
0&
1'
#513450000000
1!
1"
0#
1%
1&
0'
b0 )
b00001011000001101101010111101011 .
#513500000000
0!
0"
1#
0%
0&
1'
#513550000000
1!
1"
0#
1%
1&
0'
b111 )
b10100 *
b11101000001110111110100111010101 .
#513600000000
0!
0"
1#
0%
0&
1'
#513650000000
1!
1"
0#
1%
1&
0'
b110 )
b10011001101001010111011111001010 .
#513700000000
0!
0"
1#
0%
0&
1'
#513750000000
1!
1"
0#
1%
1&
0'
b101 )
b01001100110100101011101111100101 .
#513800000000
0!
0"
1#
0%
0&
1'
#513850000000
1!
1"
0#
1%
1&
0'
b100 )
b11001011110100011101111011010010 .
#513900000000
0!
0"
1#
0%
0&
1'
#513950000000
1!
1"
0#
1%
1&
0'
b11 )
b01100101111010001110111101101001 .
#514000000000
0!
0"
1#
0%
0&
1'
#514050000000
1!
1"
0#
1%
1&
0'
b10 )
b11011111010011001111010010010100 .
#514100000000
0!
0"
1#
0%
0&
1'
#514150000000
1!
1"
0#
1%
1&
0'
b1 )
b01101111101001100111101001001010 .
#514200000000
0!
0"
1#
0%
0&
1'
#514250000000
1!
1"
0#
1%
1&
0'
b0 )
b00110111110100110011110100100101 .
#514300000000
0!
0"
1#
0%
0&
1'
#514350000000
1!
1"
0#
1%
1&
0'
b111 )
b10101 *
b11110110010100010001110110110010 .
#514400000000
0!
0"
1#
0%
0&
1'
#514450000000
1!
1"
0#
1%
1&
0'
b110 )
b01111011001010001000111011011001 .
#514500000000
0!
0"
1#
0%
0&
1'
#514550000000
1!
1"
0#
1%
1&
0'
b101 )
b11010000001011001100010001001100 .
#514600000000
0!
0"
1#
0%
0&
1'
#514650000000
1!
1"
0#
1%
1&
0'
b100 )
b01101000000101100110001000100110 .
#514700000000
0!
0"
1#
0%
0&
1'
#514750000000
1!
1"
0#
1%
1&
0'
b11 )
b00110100000010110011000100010011 .
#514800000000
0!
0"
1#
0%
0&
1'
#514850000000
1!
1"
0#
1%
1&
0'
b10 )
b11110111101111010001101110101001 .
#514900000000
0!
0"
1#
0%
0&
1'
#514950000000
1!
1"
0#
1%
1&
0'
b1 )
b10010110011001100000111011110100 .
#515000000000
0!
0"
1#
0%
0&
1'
#515050000000
1!
1"
0#
1%
1&
0'
b0 )
b01001011001100110000011101111010 .
#515100000000
0!
0"
1#
0%
0&
1'
#515150000000
1!
1"
0#
1%
1&
0'
b111 )
b10110 *
b00100101100110011000001110111101 .
#515200000000
0!
0"
1#
0%
0&
1'
#515250000000
1!
1"
0#
1%
1&
0'
b110 )
b11111111011101000100001011111110 .
#515300000000
0!
0"
1#
0%
0&
1'
#515350000000
1!
1"
0#
1%
1&
0'
b101 )
b01111111101110100010000101111111 .
#515400000000
0!
0"
1#
0%
0&
1'
#515450000000
1!
1"
0#
1%
1&
0'
b100 )
b11010010011001011001001110011111 .
#515500000000
0!
0"
1#
0%
0&
1'
#515550000000
1!
1"
0#
1%
1&
0'
b11 )
b10000100100010100100101011101111 .
#515600000000
0!
0"
1#
0%
0&
1'
#515650000000
1!
1"
0#
1%
1&
0'
b10 )
b10101111111111011010011001010111 .
#515700000000
0!
0"
1#
0%
0&
1'
#515750000000
1!
1"
0#
1%
1&
0'
b1 )
b10111010010001100101000000001011 .
#515800000000
0!
0"
1#
0%
0&
1'
#515850000000
1!
1"
0#
1%
1&
0'
b0 )
b10110000100110111010101100100101 .
#515900000000
0!
0"
1#
0%
0&
1'
#515950000000
1!
1"
0#
1%
1&
0'
b111 )
b10111 *
b10110101111101010101011010110010 .
#516000000000
0!
0"
1#
0%
0&
1'
#516050000000
1!
1"
0#
1%
1&
0'
b110 )
b01011010111110101010101101011001 .
#516100000000
0!
0"
1#
0%
0&
1'
#516150000000
1!
1"
0#
1%
1&
0'
b101 )
b11000000110001011101011010001100 .
#516200000000
0!
0"
1#
0%
0&
1'
#516250000000
1!
1"
0#
1%
1&
0'
b100 )
b01100000011000101110101101000110 .
#516300000000
0!
0"
1#
0%
0&
1'
#516350000000
1!
1"
0#
1%
1&
0'
b11 )
b00110000001100010111010110100011 .
#516400000000
0!
0"
1#
0%
0&
1'
#516450000000
1!
1"
0#
1%
1&
0'
b10 )
b11110101101000000011100111110001 .
#516500000000
0!
0"
1#
0%
0&
1'
#516550000000
1!
1"
0#
1%
1&
0'
b1 )
b10010111011010001001111111011000 .
#516600000000
0!
0"
1#
0%
0&
1'
#516650000000
1!
1"
0#
1%
1&
0'
b0 )
b01001011101101000100111111101100 .
#516700000000
0!
0"
1#
0%
0&
1'
#516750000000
1!
1"
0#
1%
1&
0'
b111 )
b11000 *
b00100101110110100010011111110110 .
#516800000000
0!
0"
1#
0%
0&
1'
#516850000000
1!
1"
0#
1%
1&
0'
b110 )
b00010010111011010001001111111011 .
#516900000000
0!
0"
1#
0%
0&
1'
#516950000000
1!
1"
0#
1%
1&
0'
b101 )
b11100100110011100000101011011101 .
#517000000000
0!
0"
1#
0%
0&
1'
#517050000000
1!
1"
0#
1%
1&
0'
b100 )
b10011111110111111000011001001110 .
#517100000000
0!
0"
1#
0%
0&
1'
#517150000000
1!
1"
0#
1%
1&
0'
b11 )
b01001111111011111100001100100111 .
#517200000000
0!
0"
1#
0%
0&
1'
#517250000000
1!
1"
0#
1%
1&
0'
b10 )
b11001010010011110110001010110011 .
#517300000000
0!
0"
1#
0%
0&
1'
#517350000000
1!
1"
0#
1%
1&
0'
b1 )
b10001000100111110011001001111001 .
#517400000000
0!
0"
1#
0%
0&
1'
#517450000000
1!
1"
0#
1%
1&
0'
b0 )
b10101001111101110001101000011100 .
#517500000000
0!
0"
1#
0%
0&
1'
#517550000000
1!
1"
0#
1%
1&
0'
b111 )
b11001 *
b01010100111110111000110100001110 .
#517600000000
0!
0"
1#
0%
0&
1'
#517650000000
1!
1"
0#
1%
1&
0'
b110 )
b00101010011111011100011010000111 .
#517700000000
0!
0"
1#
0%
0&
1'
#517750000000
1!
1"
0#
1%
1&
0'
b101 )
b11111000100001100110000001100011 .
#517800000000
0!
0"
1#
0%
0&
1'
#517850000000
1!
1"
0#
1%
1&
0'
b100 )
b10010001111110111011001100010001 .
#517900000000
0!
0"
1#
0%
0&
1'
#517950000000
1!
1"
0#
1%
1&
0'
b11 )
b10100101010001010101101010101000 .
#518000000000
0!
0"
1#
0%
0&
1'
#518050000000
1!
1"
0#
1%
1&
0'
b10 )
b01010010101000101010110101010100 .
#518100000000
0!
0"
1#
0%
0&
1'
#518150000000
1!
1"
0#
1%
1&
0'
b1 )
b00101001010100010101011010101010 .
#518200000000
0!
0"
1#
0%
0&
1'
#518250000000
1!
1"
0#
1%
1&
0'
b0 )
b00010100101010001010101101010101 .
#518300000000
0!
0"
1#
0%
0&
1'
#518350000000
1!
1"
0#
1%
1&
0'
b111 )
b11010 *
b11100111111011001101011010001010 .
#518400000000
0!
0"
1#
0%
0&
1'
#518450000000
1!
1"
0#
1%
1&
0'
b110 )
b01110011111101100110101101000101 .
#518500000000
0!
0"
1#
0%
0&
1'
#518550000000
1!
1"
0#
1%
1&
0'
b101 )
b11010100010000111011011010000010 .
#518600000000
0!
0"
1#
0%
0&
1'
#518650000000
1!
1"
0#
1%
1&
0'
b100 )
b01101010001000011101101101000001 .
#518700000000
0!
0"
1#
0%
0&
1'
#518750000000
1!
1"
0#
1%
1&
0'
b11 )
b11011000101010000110111010000000 .
#518800000000
0!
0"
1#
0%
0&
1'
#518850000000
1!
1"
0#
1%
1&
0'
b10 )
b01101100010101000011011101000000 .
#518900000000
0!
0"
1#
0%
0&
1'
#518950000000
1!
1"
0#
1%
1&
0'
b1 )
b00110110001010100001101110100000 .
#519000000000
0!
0"
1#
0%
0&
1'
#519050000000
1!
1"
0#
1%
1&
0'
b0 )
b00011011000101010000110111010000 .
#519100000000
0!
0"
1#
0%
0&
1'
#519150000000
1!
1"
0#
1%
1&
0'
b111 )
b11011 *
b00001101100010101000011011101000 .
#519200000000
0!
0"
1#
0%
0&
1'
#519250000000
1!
1"
0#
1%
1&
0'
b110 )
b00000110110001010100001101110100 .
#519300000000
0!
0"
1#
0%
0&
1'
#519350000000
1!
1"
0#
1%
1&
0'
b101 )
b00000011011000101010000110111010 .
#519400000000
0!
0"
1#
0%
0&
1'
#519450000000
1!
1"
0#
1%
1&
0'
b100 )
b00000001101100010101000011011101 .
#519500000000
0!
0"
1#
0%
0&
1'
#519550000000
1!
1"
0#
1%
1&
0'
b11 )
b11101101011000000010101101001110 .
#519600000000
0!
0"
1#
0%
0&
1'
#519650000000
1!
1"
0#
1%
1&
0'
b10 )
b01110110101100000001010110100111 .
#519700000000
0!
0"
1#
0%
0&
1'
#519750000000
1!
1"
0#
1%
1&
0'
b1 )
b11010110111000001000100111110011 .
#519800000000
0!
0"
1#
0%
0&
1'
#519850000000
1!
1"
0#
1%
1&
0'
b0 )
b10000110110010001100011111011001 .
#519900000000
0!
0"
1#
0%
0&
1'
#519950000000
1!
1"
0#
1%
1&
0'
b111 )
b11100 *
b10101110110111001110000011001100 .
#520000000000
0!
0"
1#
0%
0&
1'
#520050000000
1!
1"
0#
1%
1&
0'
b110 )
b01010111011011100111000001100110 .
#520100000000
0!
0"
1#
0%
0&
1'
#520150000000
1!
1"
0#
1%
1&
0'
b101 )
b00101011101101110011100000110011 .
#520200000000
0!
0"
1#
0%
0&
1'
#520250000000
1!
1"
0#
1%
1&
0'
b100 )
b11111000011000110001111100111001 .
#520300000000
0!
0"
1#
0%
0&
1'
#520350000000
1!
1"
0#
1%
1&
0'
b11 )
b10010001100010010000110010111100 .
#520400000000
0!
0"
1#
0%
0&
1'
#520450000000
1!
1"
0#
1%
1&
0'
b10 )
b01001000110001001000011001011110 .
#520500000000
0!
0"
1#
0%
0&
1'
#520550000000
1!
1"
0#
1%
1&
0'
b1 )
b00100100011000100100001100101111 .
#520600000000
0!
0"
1#
0%
0&
1'
#520650000000
1!
1"
0#
1%
1&
0'
b0 )
b11111111100010011010001010110111 .
#520700000000
0!
0"
1#
0%
0&
1'
#520750000000
1!
1"
0#
1%
1&
0'
b111 )
b11101 *
b10010010011111000101001001111011 .
#520800000000
0!
0"
1#
0%
0&
1'
#520850000000
1!
1"
0#
1%
1&
0'
b110 )
b10100100100001101010101000011101 .
#520900000000
0!
0"
1#
0%
0&
1'
#520950000000
1!
1"
0#
1%
1&
0'
b101 )
b10111111111110111101011000101110 .
#521000000000
0!
0"
1#
0%
0&
1'
#521050000000
1!
1"
0#
1%
1&
0'
b100 )
b01011111111111011110101100010111 .
#521100000000
0!
0"
1#
0%
0&
1'
#521150000000
1!
1"
0#
1%
1&
0'
b11 )
b11000010010001100111011010101011 .
#521200000000
0!
0"
1#
0%
0&
1'
#521250000000
1!
1"
0#
1%
1&
0'
b10 )
b10001100100110111011100001110101 .
#521300000000
0!
0"
1#
0%
0&
1'
#521350000000
1!
1"
0#
1%
1&
0'
b1 )
b10101011111101010101111100011010 .
#521400000000
0!
0"
1#
0%
0&
1'
#521450000000
1!
1"
0#
1%
1&
0'
b0 )
b01010101111110101010111110001101 .
#521500000000
0!
0"
1#
0%
0&
1'
#521550000000
1!
1"
0#
1%
1&
0'
b111 )
b11110 *
b11000111010001011101010011100110 .
#521600000000
0!
0"
1#
0%
0&
1'
#521650000000
1!
1"
0#
1%
1&
0'
b110 )
b01100011101000101110101001110011 .
#521700000000
0!
0"
1#
0%
0&
1'
#521750000000
1!
1"
0#
1%
1&
0'
b101 )
b11011100011010011111011000011001 .
#521800000000
0!
0"
1#
0%
0&
1'
#521850000000
1!
1"
0#
1%
1&
0'
b100 )
b10000011100011000111100000101100 .
#521900000000
0!
0"
1#
0%
0&
1'
#521950000000
1!
1"
0#
1%
1&
0'
b11 )
b01000001110001100011110000010110 .
#522000000000
0!
0"
1#
0%
0&
1'
#522050000000
1!
1"
0#
1%
1&
0'
b10 )
b00100000111000110001111000001011 .
#522100000000
0!
0"
1#
0%
0&
1'
#522150000000
1!
1"
0#
1%
1&
0'
b1 )
b11111101110010010000110000100101 .
#522200000000
0!
0"
1#
0%
0&
1'
#522250000000
1!
1"
0#
1%
1&
0'
b0 )
b10010011010111000000010100110010 .
#522300000000
0!
0"
1#
0%
0&
1'
#522350000000
1!
1"
0#
1%
1&
0'
b111 )
b11111 *
b01001001101011100000001010011001 .
#522400000000
0!
0"
1#
0%
0&
1'
#522450000000
1!
1"
0#
1%
1&
0'
b110 )
b11001001011011111000001001101100 .
#522500000000
0!
0"
1#
0%
0&
1'
#522550000000
1!
1"
0#
1%
1&
0'
b101 )
b01100100101101111100000100110110 .
#522600000000
0!
0"
1#
0%
0&
1'
#522650000000
1!
1"
0#
1%
1&
0'
b100 )
b00110010010110111110000010011011 .
#522700000000
0!
0"
1#
0%
0&
1'
#522750000000
1!
1"
0#
1%
1&
0'
b11 )
b11110100100101010111001101101101 .
#522800000000
0!
0"
1#
0%
0&
1'
#522850000000
1!
1"
0#
1%
1&
0'
b10 )
b10010111111100100011101010010110 .
#522900000000
0!
0"
1#
0%
0&
1'
#522950000000
1!
1"
0#
1%
1&
0'
b1 )
b01001011111110010001110101001011 .
#523000000000
0!
0"
1#
0%
0&
1'
#523050000000
1!
1"
0#
1%
1&
0'
b0 )
b11001000010001000000110110000101 .
#523100000000
0!
0"
1#
0%
0&
1'
#523150000000
1!
1"
0#
1%
1&
0'
b111 )
b100000 *
b10001001100110101000010111100010 .
#523200000000
0!
0"
1#
0%
0&
1'
#523250000000
1!
1"
0#
1%
1&
0'
b110 )
b01000100110011010100001011110001 .
#523300000000
0!
0"
1#
0%
0&
1'
#523350000000
1!
1"
0#
1%
1&
0'
b101 )
b11001111110111100010001001011000 .
#523400000000
0!
0"
1#
0%
0&
1'
#523450000000
1!
1"
0#
1%
1&
0'
b100 )
b01100111111011110001000100101100 .
#523500000000
0!
0"
1#
0%
0&
1'
#523550000000
1!
1"
0#
1%
1&
0'
b11 )
b00110011111101111000100010010110 .
#523600000000
0!
0"
1#
0%
0&
1'
#523650000000
1!
1"
0#
1%
1&
0'
b10 )
b00011001111110111100010001001011 .
#523700000000
0!
0"
1#
0%
0&
1'
#523750000000
1!
1"
0#
1%
1&
0'
b1 )
b11100001010001010110000100000101 .
#523800000000
0!
0"
1#
0%
0&
1'
#523850000000
1!
1"
0#
1%
1&
0'
b0 )
b10011101000110100011001110100010 .
#523900000000
0!
0"
1#
0%
0&
1'
#523950000000
1!
1"
0#
1%
1&
0'
b111 )
b100001 *
b01001110100011010001100111010001 .
#524000000000
0!
0"
1#
0%
0&
1'
#524050000000
1!
1"
0#
1%
1&
0'
b110 )
b11001010111111100000111111001000 .
#524100000000
0!
0"
1#
0%
0&
1'
#524150000000
1!
1"
0#
1%
1&
0'
b101 )
b01100101011111110000011111100100 .
#524200000000
0!
0"
1#
0%
0&
1'
#524250000000
1!
1"
0#
1%
1&
0'
b100 )
b00110010101111111000001111110010 .
#524300000000
0!
0"
1#
0%
0&
1'
#524350000000
1!
1"
0#
1%
1&
0'
b11 )
b00011001010111111100000111111001 .
#524400000000
0!
0"
1#
0%
0&
1'
#524450000000
1!
1"
0#
1%
1&
0'
b10 )
b11100001000101110110001111011100 .
#524500000000
0!
0"
1#
0%
0&
1'
#524550000000
1!
1"
0#
1%
1&
0'
b1 )
b01110000100010111011000111101110 .
#524600000000
0!
0"
1#
0%
0&
1'
#524650000000
1!
1"
0#
1%
1&
0'
b0 )
b00111000010001011101100011110111 .
#524700000000
0!
0"
1#
0%
0&
1'
#524750000000
1!
1"
0#
1%
1&
0'
b111 )
b100010 *
b11110001100110100110111101011011 .
#524800000000
0!
0"
1#
0%
0&
1'
#524850000000
1!
1"
0#
1%
1&
0'
b110 )
b10010101011101011011010010001101 .
#524900000000
0!
0"
1#
0%
0&
1'
#524950000000
1!
1"
0#
1%
1&
0'
b101 )
b10100111000000100101100101100110 .
#525000000000
0!
0"
1#
0%
0&
1'
#525050000000
1!
1"
0#
1%
1&
0'
b100 )
b01010011100000010010110010110011 .
#525100000000
0!
0"
1#
0%
0&
1'
#525150000000
1!
1"
0#
1%
1&
0'
b11 )
b11000100011110000001010101111001 .
#525200000000
0!
0"
1#
0%
0&
1'
#525250000000
1!
1"
0#
1%
1&
0'
b10 )
b10001111100001001000100110011100 .
#525300000000
0!
0"
1#
0%
0&
1'
#525350000000
1!
1"
0#
1%
1&
0'
b1 )
b01000111110000100100010011001110 .
#525400000000
0!
0"
1#
0%
0&
1'
#525450000000
1!
1"
0#
1%
1&
0'
b0 )
b00100011111000010010001001100111 .
#525500000000
0!
0"
1#
0%
0&
1'
#525550000000
1!
1"
0#
1%
1&
0'
b111 )
b100011 *
b11111100010010000001001000010011 .
#525600000000
0!
0"
1#
0%
0&
1'
#525650000000
1!
1"
0#
1%
1&
0'
b110 )
b10010011100111001000101000101001 .
#525700000000
0!
0"
1#
0%
0&
1'
#525750000000
1!
1"
0#
1%
1&
0'
b101 )
b10100100011101101100011000110100 .
#525800000000
0!
0"
1#
0%
0&
1'
#525850000000
1!
1"
0#
1%
1&
0'
b100 )
b01010010001110110110001100011010 .
#525900000000
0!
0"
1#
0%
0&
1'
#525950000000
1!
1"
0#
1%
1&
0'
b11 )
b00101001000111011011000110001101 .
#526000000000
0!
0"
1#
0%
0&
1'
#526050000000
1!
1"
0#
1%
1&
0'
b10 )
b11111001001101100101101111100110 .
#526100000000
0!
0"
1#
0%
0&
1'
#526150000000
1!
1"
0#
1%
1&
0'
b1 )
b01111100100110110010110111110011 .
#526200000000
0!
0"
1#
0%
0&
1'
#526250000000
1!
1"
0#
1%
1&
0'
b0 )
b11010011111101010001010111011001 .
#526300000000
0!
0"
1#
0%
0&
1'
#526350000000
1!
1"
0#
1%
1&
0'
b111 )
b100100 *
b10000100010000100000100111001100 .
#526400000000
0!
0"
1#
0%
0&
1'
#526450000000
1!
1"
0#
1%
1&
0'
b110 )
b01000010001000010000010011100110 .
#526500000000
0!
0"
1#
0%
0&
1'
#526550000000
1!
1"
0#
1%
1&
0'
b101 )
b00100001000100001000001001110011 .
#526600000000
0!
0"
1#
0%
0&
1'
#526650000000
1!
1"
0#
1%
1&
0'
b100 )
b11111101001100001100001000011001 .
#526700000000
0!
0"
1#
0%
0&
1'
#526750000000
1!
1"
0#
1%
1&
0'
b11 )
b10010011001000001110001000101100 .
#526800000000
0!
0"
1#
0%
0&
1'
#526850000000
1!
1"
0#
1%
1&
0'
b10 )
b01001001100100000111000100010110 .
#526900000000
0!
0"
1#
0%
0&
1'
#526950000000
1!
1"
0#
1%
1&
0'
b1 )
b00100100110010000011100010001011 .
#527000000000
0!
0"
1#
0%
0&
1'
#527050000000
1!
1"
0#
1%
1&
0'
b0 )
b11111111110111001001111101100101 .
#527100000000
0!
0"
1#
0%
0&
1'
#527150000000
1!
1"
0#
1%
1&
0'
b111 )
b100101 *
b10010010010101101100110010010010 .
#527200000000
0!
0"
1#
0%
0&
1'
#527250000000
1!
1"
0#
1%
1&
0'
b110 )
b01001001001010110110011001001001 .
#527300000000
0!
0"
1#
0%
0&
1'
#527350000000
1!
1"
0#
1%
1&
0'
b101 )
b11001001001011010011000000000100 .
#527400000000
0!
0"
1#
0%
0&
1'
#527450000000
1!
1"
0#
1%
1&
0'
b100 )
b01100100100101101001100000000010 .
#527500000000
0!
0"
1#
0%
0&
1'
#527550000000
1!
1"
0#
1%
1&
0'
b11 )
b00110010010010110100110000000001 .
#527600000000
0!
0"
1#
0%
0&
1'
#527650000000
1!
1"
0#
1%
1&
0'
b10 )
b11110100100111010010010100100000 .
#527700000000
0!
0"
1#
0%
0&
1'
#527750000000
1!
1"
0#
1%
1&
0'
b1 )
b01111010010011101001001010010000 .
#527800000000
0!
0"
1#
0%
0&
1'
#527850000000
1!
1"
0#
1%
1&
0'
b0 )
b00111101001001110100100101001000 .
#527900000000
0!
0"
1#
0%
0&
1'
#527950000000
1!
1"
0#
1%
1&
0'
b111 )
b100110 *
b00011110100100111010010010100100 .
#528000000000
0!
0"
1#
0%
0&
1'
#528050000000
1!
1"
0#
1%
1&
0'
b110 )
b00001111010010011101001001010010 .
#528100000000
0!
0"
1#
0%
0&
1'
#528150000000
1!
1"
0#
1%
1&
0'
b101 )
b00000111101001001110100100101001 .
#528200000000
0!
0"
1#
0%
0&
1'
#528250000000
1!
1"
0#
1%
1&
0'
b100 )
b11101110011010101111011110110100 .
#528300000000
0!
0"
1#
0%
0&
1'
#528350000000
1!
1"
0#
1%
1&
0'
b11 )
b01110111001101010111101111011010 .
#528400000000
0!
0"
1#
0%
0&
1'
#528450000000
1!
1"
0#
1%
1&
0'
b10 )
b00111011100110101011110111101101 .
#528500000000
0!
0"
1#
0%
0&
1'
#528550000000
1!
1"
0#
1%
1&
0'
b1 )
b11110000011101011101110111010110 .
#528600000000
0!
0"
1#
0%
0&
1'
#528650000000
1!
1"
0#
1%
1&
0'
b0 )
b01111000001110101110111011101011 .
#528700000000
0!
0"
1#
0%
0&
1'
#528750000000
1!
1"
0#
1%
1&
0'
b111 )
b100111 *
b11010001101001011111010001010101 .
#528800000000
0!
0"
1#
0%
0&
1'
#528850000000
1!
1"
0#
1%
1&
0'
b110 )
b10000101011010100111100100001010 .
#528900000000
0!
0"
1#
0%
0&
1'
#528950000000
1!
1"
0#
1%
1&
0'
b101 )
b01000010101101010011110010000101 .
#529000000000
0!
0"
1#
0%
0&
1'
#529050000000
1!
1"
0#
1%
1&
0'
b100 )
b11001100111000100001110101100010 .
#529100000000
0!
0"
1#
0%
0&
1'
#529150000000
1!
1"
0#
1%
1&
0'
b11 )
b01100110011100010000111010110001 .
#529200000000
0!
0"
1#
0%
0&
1'
#529250000000
1!
1"
0#
1%
1&
0'
b10 )
b11011110100000000000010001111000 .
#529300000000
0!
0"
1#
0%
0&
1'
#529350000000
1!
1"
0#
1%
1&
0'
b1 )
b01101111010000000000001000111100 .
#529400000000
0!
0"
1#
0%
0&
1'
#529450000000
1!
1"
0#
1%
1&
0'
b0 )
b00110111101000000000000100011110 .
#529500000000
0!
0"
1#
0%
0&
1'
#529550000000
1!
1"
0#
1%
1&
0'
b111 )
b101000 *
b00011011110100000000000010001111 .
#529600000000
0!
0"
1#
0%
0&
1'
#529650000000
1!
1"
0#
1%
1&
0'
b110 )
b11100000010100001000001101100111 .
#529700000000
0!
0"
1#
0%
0&
1'
#529750000000
1!
1"
0#
1%
1&
0'
b101 )
b10011101100100001100001010010011 .
#529800000000
0!
0"
1#
0%
0&
1'
#529850000000
1!
1"
0#
1%
1&
0'
b100 )
b10100011011100001110001001101001 .
#529900000000
0!
0"
1#
0%
0&
1'
#529950000000
1!
1"
0#
1%
1&
0'
b11 )
b10111100000000001111001000010100 .
#530000000000
0!
0"
1#
0%
0&
1'
#530050000000
1!
1"
0#
1%
1&
0'
b10 )
b01011110000000000111100100001010 .
#530100000000
0!
0"
1#
0%
0&
1'
#530150000000
1!
1"
0#
1%
1&
0'
b1 )
b00101111000000000011110010000101 .
#530200000000
0!
0"
1#
0%
0&
1'
#530250000000
1!
1"
0#
1%
1&
0'
b0 )
b11111010001110001001110101100010 .
#530300000000
0!
0"
1#
0%
0&
1'
#530350000000
1!
1"
0#
1%
1&
0'
b111 )
b101001 *
b01111101000111000100111010110001 .
#530400000000
0!
0"
1#
0%
0&
1'
#530450000000
1!
1"
0#
1%
1&
0'
b110 )
b11010011001101101010010001111000 .
#530500000000
0!
0"
1#
0%
0&
1'
#530550000000
1!
1"
0#
1%
1&
0'
b101 )
b01101001100110110101001000111100 .
#530600000000
0!
0"
1#
0%
0&
1'
#530650000000
1!
1"
0#
1%
1&
0'
b100 )
b00110100110011011010100100011110 .
#530700000000
0!
0"
1#
0%
0&
1'
#530750000000
1!
1"
0#
1%
1&
0'
b11 )
b00011010011001101101010010001111 .
#530800000000
0!
0"
1#
0%
0&
1'
#530850000000
1!
1"
0#
1%
1&
0'
b10 )
b11100000100010111110100101100111 .
#530900000000
0!
0"
1#
0%
0&
1'
#530950000000
1!
1"
0#
1%
1&
0'
b1 )
b10011101111111010111011110010011 .
#531000000000
0!
0"
1#
0%
0&
1'
#531050000000
1!
1"
0#
1%
1&
0'
b0 )
b10100011010001100011100011101001 .
#531100000000
0!
0"
1#
0%
0&
1'
#531150000000
1!
1"
0#
1%
1&
0'
b111 )
b101010 *
b10111100000110111001111101010100 .
#531200000000
0!
0"
1#
0%
0&
1'
#531250000000
1!
1"
0#
1%
1&
0'
b110 )
b01011110000011011100111110101010 .
#531300000000
0!
0"
1#
0%
0&
1'
#531350000000
1!
1"
0#
1%
1&
0'
b101 )
b00101111000001101110011111010101 .
#531400000000
0!
0"
1#
0%
0&
1'
#531450000000
1!
1"
0#
1%
1&
0'
b100 )
b11111010001110111111000011001010 .
#531500000000
0!
0"
1#
0%
0&
1'
#531550000000
1!
1"
0#
1%
1&
0'
b11 )
b01111101000111011111100001100101 .
#531600000000
0!
0"
1#
0%
0&
1'
#531650000000
1!
1"
0#
1%
1&
0'
b10 )
b11010011001101100111111100010010 .
#531700000000
0!
0"
1#
0%
0&
1'
#531750000000
1!
1"
0#
1%
1&
0'
b1 )
b01101001100110110011111110001001 .
#531800000000
0!
0"
1#
0%
0&
1'
#531850000000
1!
1"
0#
1%
1&
0'
b0 )
b11011001011101010001110011100100 .
#531900000000
0!
0"
1#
0%
0&
1'
#531950000000
1!
1"
0#
1%
1&
0'
b111 )
b101011 *
b01101100101110101000111001110010 .
#532000000000
0!
0"
1#
0%
0&
1'
#532050000000
1!
1"
0#
1%
1&
0'
b110 )
b00110110010111010100011100111001 .
#532100000000
0!
0"
1#
0%
0&
1'
#532150000000
1!
1"
0#
1%
1&
0'
b101 )
b11110110100101100010000010111100 .
#532200000000
0!
0"
1#
0%
0&
1'
#532250000000
1!
1"
0#
1%
1&
0'
b100 )
b01111011010010110001000001011110 .
#532300000000
0!
0"
1#
0%
0&
1'
#532350000000
1!
1"
0#
1%
1&
0'
b11 )
b00111101101001011000100000101111 .
#532400000000
0!
0"
1#
0%
0&
1'
#532450000000
1!
1"
0#
1%
1&
0'
b10 )
b11110011011010100100011100110111 .
#532500000000
0!
0"
1#
0%
0&
1'
#532550000000
1!
1"
0#
1%
1&
0'
b1 )
b10010100000011011010000010111011 .
#532600000000
0!
0"
1#
0%
0&
1'
#532650000000
1!
1"
0#
1%
1&
0'
b0 )
b10100111101111100101001101111101 .
#532700000000
0!
0"
1#
0%
0&
1'
#532750000000
1!
1"
0#
1%
1&
0'
b111 )
b101100 *
b10111110011001111010101010011110 .
#532800000000
0!
0"
1#
0%
0&
1'
#532850000000
1!
1"
0#
1%
1&
0'
b110 )
b01011111001100111101010101001111 .
#532900000000
0!
0"
1#
0%
0&
1'
#532950000000
1!
1"
0#
1%
1&
0'
b101 )
b11000010001000010110100110000111 .
#533000000000
0!
0"
1#
0%
0&
1'
#533050000000
1!
1"
0#
1%
1&
0'
b100 )
b10001100101010000011011111100011 .
#533100000000
0!
0"
1#
0%
0&
1'
#533150000000
1!
1"
0#
1%
1&
0'
b11 )
b10101011111011001001100011010001 .
#533200000000
0!
0"
1#
0%
0&
1'
#533250000000
1!
1"
0#
1%
1&
0'
b10 )
b10111000010011101100111101001000 .
#533300000000
0!
0"
1#
0%
0&
1'
#533350000000
1!
1"
0#
1%
1&
0'
b1 )
b01011100001001110110011110100100 .
#533400000000
0!
0"
1#
0%
0&
1'
#533450000000
1!
1"
0#
1%
1&
0'
b0 )
b00101110000100111011001111010010 .
#533500000000
0!
0"
1#
0%
0&
1'
#533550000000
1!
1"
0#
1%
1&
0'
b111 )
b101101 *
b00010111000010011101100111101001 .
#533600000000
0!
0"
1#
0%
0&
1'
#533650000000
1!
1"
0#
1%
1&
0'
b110 )
b11100110001111000110111111010100 .
#533700000000
0!
0"
1#
0%
0&
1'
#533750000000
1!
1"
0#
1%
1&
0'
b101 )
b01110011000111100011011111101010 .
#533800000000
0!
0"
1#
0%
0&
1'
#533850000000
1!
1"
0#
1%
1&
0'
b100 )
b00111001100011110001101111110101 .
#533900000000
0!
0"
1#
0%
0&
1'
#533950000000
1!
1"
0#
1%
1&
0'
b11 )
b11110001011111110000111011011010 .
#534000000000
0!
0"
1#
0%
0&
1'
#534050000000
1!
1"
0#
1%
1&
0'
b10 )
b01111000101111111000011101101101 .
#534100000000
0!
0"
1#
0%
0&
1'
#534150000000
1!
1"
0#
1%
1&
0'
b1 )
b11010001111001110100000010010110 .
#534200000000
0!
0"
1#
0%
0&
1'
#534250000000
1!
1"
0#
1%
1&
0'
b0 )
b01101000111100111010000001001011 .
#534300000000
0!
0"
1#
0%
0&
1'
#534350000000
1!
1"
0#
1%
1&
0'
b111 )
b0 *
b11011001110000010101001100000101 .
#534400000000
0!
0"
1#
0%
0&
1'
#534450000000
1!
1"
0#
1%
1&
0'
b1 ,
#534500000000
0!
0"
1#
0%
0&
1'
#534550000000
1!
1"
0#
1%
1&
0'
b10 ,
1-
#534600000000
0!
0"
0%
0&
#534650000000
1!
1"
1#
1%
1&
1'
b11 ,
0-
#534700000000
0!
0"
0%
0&
#534750000000
1!
1"
0#
1%
1&
0'
b100 ,
1-
#534800000000
0!
0"
0%
0&
#534850000000
1!
1"
1#
1%
1&
1'
b101 ,
#534900000000
0!
0"
0#
0%
0&
0'
#534950000000
1!
1"
1#
1%
1&
1'
b110 ,
#535000000000
0!
0"
0#
0%
0&
0'
#535050000000
1!
1"
1#
1%
1&
1'
b111 ,
#535100000000
0!
0"
0#
0%
0&
0'
#535150000000
1!
1"
1#
1%
1&
1'
b1000 ,
#535200000000
0!
0"
0#
0%
0&
0'
#535250000000
1!
1"
1#
1%
1&
1'
b1001 ,
0-
#535300000000
0!
0"
0%
0&
#535350000000
1!
1"
0#
1%
1&
0'
b1010 ,
#535400000000
0!
0"
1#
0%
0&
1'
#535450000000
1!
1"
0#
1%
1&
0'
b1011 ,
1-
#535500000000
0!
0"
0%
0&
#535550000000
1!
1"
1#
1%
1&
1'
b1100 ,
#535600000000
0!
0"
0#
0%
0&
0'
#535650000000
1!
1"
1#
1%
1&
1'
b1101 ,
0-
#535700000000
0!
0"
0%
0&
#535750000000
1!
1"
0#
1%
1&
0'
b1110 ,
1-
#535800000000
0!
0"
0%
0&
#535850000000
1!
1"
1#
1%
1&
1'
b1111 ,
0-
#535900000000
0!
0"
0%
0&
#535950000000
1!
1"
0#
1%
1&
0'
b10000 ,
1-
#536000000000
0!
0"
0%
0&
#536050000000
1!
1"
1#
1%
1&
1'
b10001 ,
0-
#536100000000
0!
0"
0%
0&
#536150000000
1!
1"
0#
1%
1&
0'
b10010 ,
1-
#536200000000
0!
0"
0%
0&
#536250000000
1!
1"
1#
1%
1&
1'
b10011 ,
#536300000000
0!
0"
0#
0%
0&
0'
#536350000000
1!
1"
1#
1%
1&
1'
b10100 ,
#536400000000
0!
0"
0#
0%
0&
0'
#536450000000
1!
1"
1#
1%
1&
1'
b10101 ,
#536500000000
0!
0"
0#
0%
0&
0'
#536550000000
1!
1"
1#
1%
1&
1'
b10110 ,
#536600000000
0!
0"
0#
0%
0&
0'
#536650000000
1!
1"
1#
1%
1&
1'
b10111 ,
0-
#536700000000
0!
0"
0%
0&
#536750000000
1!
1"
0#
1%
1&
0'
b11000 ,
#536800000000
0!
0"
1#
0%
0&
1'
#536850000000
1!
1"
0#
1%
1&
0'
b11001 ,
#536900000000
0!
0"
1#
0%
0&
1'
#536950000000
1!
1"
0#
1%
1&
0'
b11010 ,
1-
#537000000000
0!
0"
0%
0&
#537050000000
1!
1"
1#
1%
1&
1'
b11011 ,
#537100000000
0!
0"
0#
0%
0&
0'
#537150000000
1!
1"
1#
1%
1&
1'
b11100 ,
0-
#537200000000
0!
0"
0%
0&
#537250000000
1!
1"
0#
1%
1&
0'
b11101 ,
#537300000000
0!
0"
1#
0%
0&
1'
#537350000000
1!
1"
0#
1%
1&
0'
b11110 ,
1-
#537400000000
0!
0"
0%
0&
#537450000000
1!
1"
1#
1%
1&
1'
b11111 ,
0-
#537500000000
0!
0"
0%
0&
#537550000000
1!
1"
0#
0$
1%
1&
0'
0(
b0 ,
#537600000000
0!
0"
0%
0&
#537650000000
1!
1"
1%
1&
b1 +
#537700000000
0!
0"
0%
0&
#537750000000
1!
1"
1%
1&
b10 +
#537800000000
0!
0"
0%
0&
#537850000000
1!
1"
1%
1&
b11 +
#537900000000
0!
0"
0%
0&
#537950000000
1!
1"
1%
1&
b100 +
#538000000000
0!
0"
0%
0&
#538050000000
1!
1"
1%
1&
b101 +
#538100000000
0!
0"
0%
0&
#538150000000
1!
1"
1%
1&
b110 +
#538200000000
0!
0"
0%
0&
#538250000000
1!
1"
1%
1&
b111 +
#538300000000
0!
0"
0%
0&
#538350000000
1!
1"
1%
1&
b1000 +
#538400000000
0!
0"
0%
0&
#538450000000
1!
1"
1%
1&
b1001 +
#538500000000
0!
0"
0%
0&
#538550000000
1!
1"
1%
1&
b1010 +
#538600000000
0!
0"
0%
0&
#538650000000
1!
1"
1%
1&
b1011 +
#538700000000
0!
0"
0%
0&
#538750000000
1!
1"
1%
1&
b1100 +
#538800000000
0!
0"
0%
0&
#538850000000
1!
1"
1%
1&
b1101 +
#538900000000
0!
0"
0%
0&
#538950000000
1!
1"
1%
1&
b1110 +
#539000000000
0!
0"
0%
0&
#539050000000
1!
1"
1%
1&
b1111 +
#539100000000
0!
0"
0%
0&
#539150000000
1!
1"
1%
1&
b10000 +
#539200000000
0!
0"
0%
0&
#539250000000
1!
1"
1%
1&
b10001 +
#539300000000
0!
0"
0%
0&
#539350000000
1!
1"
1%
1&
b10010 +
#539400000000
0!
0"
0%
0&
#539450000000
1!
1"
1%
1&
b10011 +
#539500000000
0!
0"
0%
0&
#539550000000
1!
1"
1%
1&
b10100 +
#539600000000
0!
0"
0%
0&
#539650000000
1!
1"
1%
1&
b10101 +
#539700000000
0!
0"
0%
0&
#539750000000
1!
1"
1%
1&
b10110 +
#539800000000
0!
0"
0%
0&
#539850000000
1!
1"
1%
1&
b10111 +
#539900000000
0!
0"
0%
0&
#539950000000
1!
1"
1%
1&
b11000 +
#540000000000
0!
0"
0%
0&
#540050000000
1!
1"
1%
1&
b11001 +
#540100000000
0!
0"
0%
0&
#540150000000
1!
1"
1%
1&
b11010 +
#540200000000
0!
0"
0%
0&
#540250000000
1!
1"
1%
1&
b11011 +
#540300000000
0!
0"
0%
0&
#540350000000
1!
1"
1%
1&
b11100 +
#540400000000
0!
0"
0%
0&
#540450000000
1!
1"
1%
1&
b11101 +
#540500000000
0!
0"
0%
0&
#540550000000
1!
1"
1%
1&
b11110 +
#540600000000
0!
0"
0%
0&
#540650000000
1!
1"
1%
1&
b11111 +
#540700000000
0!
0"
0%
0&
#540750000000
1!
1"
1%
1&
b100000 +
#540800000000
0!
0"
0%
0&
#540850000000
1!
1"
1%
1&
b100001 +
#540900000000
0!
0"
0%
0&
#540950000000
1!
1"
1%
1&
b100010 +
#541000000000
0!
0"
0%
0&
#541050000000
1!
1"
1%
1&
b100011 +
#541100000000
0!
0"
0%
0&
#541150000000
1!
1"
1%
1&
b100100 +
#541200000000
0!
0"
0%
0&
#541250000000
1!
1"
1%
1&
b100101 +
#541300000000
0!
0"
0%
0&
#541350000000
1!
1"
1%
1&
b100110 +
#541400000000
0!
0"
0%
0&
#541450000000
1!
1"
1%
1&
b100111 +
#541500000000
0!
0"
0%
0&
#541550000000
1!
1"
1%
1&
b101000 +
#541600000000
0!
0"
0%
0&
#541650000000
1!
1"
1%
1&
b101001 +
#541700000000
0!
0"
0%
0&
#541750000000
1!
1"
1%
1&
b101010 +
#541800000000
0!
0"
0%
0&
#541850000000
1!
1"
1%
1&
b101011 +
#541900000000
0!
0"
0%
0&
#541950000000
1!
1"
1%
1&
b101100 +
#542000000000
0!
0"
0%
0&
#542050000000
1!
1"
1%
1&
b101101 +
#542100000000
0!
0"
0%
0&
#542150000000
1!
1"
1%
1&
b101110 +
#542200000000
0!
0"
0%
0&
#542250000000
1!
1"
1%
1&
b101111 +
#542300000000
0!
0"
0%
0&
#542350000000
1!
1"
1%
1&
b110000 +
#542400000000
0!
0"
0%
0&
#542450000000
1!
1"
1%
1&
b110001 +
#542500000000
0!
0"
0%
0&
#542550000000
1!
1"
1%
1&
b110010 +
#542600000000
0!
0"
0%
0&
#542650000000
1!
1"
1%
1&
b110011 +
#542700000000
0!
0"
0%
0&
#542750000000
1!
1"
1%
1&
b110100 +
#542800000000
0!
0"
0%
0&
#542850000000
1!
1"
1%
1&
b110101 +
#542900000000
0!
0"
0%
0&
#542950000000
1!
1"
1%
1&
b110110 +
#543000000000
0!
0"
0%
0&
#543050000000
1!
1"
1%
1&
b110111 +
#543100000000
0!
0"
0%
0&
#543150000000
1!
1"
1%
1&
b111000 +
#543200000000
0!
0"
0%
0&
#543250000000
1!
1"
1%
1&
b111001 +
#543300000000
0!
0"
0%
0&
#543350000000
1!
1"
1%
1&
b111010 +
#543400000000
0!
0"
0%
0&
#543450000000
1!
1"
1%
1&
b111011 +
#543500000000
0!
0"
0%
0&
#543550000000
1!
1"
1%
1&
b111100 +
#543600000000
0!
0"
0%
0&
#543650000000
1!
1"
1%
1&
b111101 +
#543700000000
0!
0"
0%
0&
#543750000000
1!
1"
1%
1&
b111110 +
#543800000000
0!
0"
0%
0&
#543850000000
1!
1"
1%
1&
b111111 +
#543900000000
0!
0"
0%
0&
#543950000000
1!
1"
1%
1&
b1000000 +
#544000000000
0!
0"
0%
0&
#544050000000
1!
1"
1%
1&
b1000001 +
#544100000000
0!
0"
0%
0&
#544150000000
1!
1"
1%
1&
b1000010 +
#544200000000
0!
0"
0%
0&
#544250000000
1!
1"
1%
1&
b1000011 +
#544300000000
0!
0"
0%
0&
#544350000000
1!
1"
1%
1&
b1000100 +
#544400000000
0!
0"
0%
0&
#544450000000
1!
1"
1%
1&
b1000101 +
#544500000000
0!
0"
0%
0&
#544550000000
1!
1"
1%
1&
b1000110 +
#544600000000
0!
0"
0%
0&
#544650000000
1!
1"
1%
1&
b1000111 +
#544700000000
0!
0"
0%
0&
#544750000000
1!
1"
1%
1&
b1001000 +
#544800000000
0!
0"
0%
0&
#544850000000
1!
1"
1%
1&
b1001001 +
#544900000000
0!
0"
0%
0&
#544950000000
1!
1"
1%
1&
b1001010 +
#545000000000
0!
0"
0%
0&
#545050000000
1!
1"
1%
1&
b1001011 +
#545100000000
0!
0"
0%
0&
#545150000000
1!
1"
1%
1&
b1001100 +
#545200000000
0!
0"
0%
0&
#545250000000
1!
1"
1%
1&
b1001101 +
#545300000000
0!
0"
0%
0&
#545350000000
1!
1"
1%
1&
b1001110 +
#545400000000
0!
0"
0%
0&
#545450000000
1!
1"
1%
1&
b1001111 +
#545500000000
0!
0"
0%
0&
#545550000000
1!
1"
1%
1&
b1010000 +
#545600000000
0!
0"
0%
0&
#545650000000
1!
1"
1%
1&
b1010001 +
#545700000000
0!
0"
0%
0&
#545750000000
1!
1"
1%
1&
b1010010 +
#545800000000
0!
0"
0%
0&
#545850000000
1!
1"
1%
1&
b1010011 +
#545900000000
0!
0"
0%
0&
#545950000000
1!
1"
1%
1&
b1010100 +
#546000000000
0!
0"
0%
0&
#546050000000
1!
1"
1%
1&
b1010101 +
#546100000000
0!
0"
0%
0&
#546150000000
1!
1"
1%
1&
b1010110 +
#546200000000
0!
0"
0%
0&
#546250000000
1!
1"
1%
1&
b1010111 +
#546300000000
0!
0"
0%
0&
#546350000000
1!
1"
1%
1&
b1011000 +
#546400000000
0!
0"
0%
0&
#546450000000
1!
1"
1%
1&
b1011001 +
#546500000000
0!
0"
0%
0&
#546550000000
1!
1"
1%
1&
b1011010 +
#546600000000
0!
0"
0%
0&
#546650000000
1!
1"
1%
1&
b1011011 +
#546700000000
0!
0"
0%
0&
#546750000000
1!
1"
1%
1&
b1011100 +
#546800000000
0!
0"
0%
0&
#546850000000
1!
1"
1%
1&
b1011101 +
#546900000000
0!
0"
0%
0&
#546950000000
1!
1"
1%
1&
b1011110 +
#547000000000
0!
0"
0%
0&
#547050000000
1!
1"
1%
1&
b1011111 +
#547100000000
0!
0"
0%
0&
#547150000000
1!
1"
1$
1%
1&
1(
b0 +
#547200000000
0!
0"
1#
0%
0&
1'
#547250000000
1!
1"
0#
1%
1&
0'
b110 )
1-
#547300000000
0!
0"
0%
0&
#547350000000
1!
1"
1#
1%
1&
1'
b101 )
0-
#547400000000
0!
0"
0%
0&
#547450000000
1!
1"
0#
1%
1&
0'
b100 )
1-
#547500000000
0!
0"
0%
0&
#547550000000
1!
1"
1#
1%
1&
1'
b11 )
0-
#547600000000
0!
0"
0%
0&
#547650000000
1!
1"
0#
1%
1&
0'
b10 )
1-
#547700000000
0!
0"
0%
0&
#547750000000
1!
1"
1#
1%
1&
1'
b1 )
0-
#547800000000
0!
0"
0%
0&
#547850000000
1!
1"
0#
1%
1&
0'
b0 )
1-
#547900000000
0!
0"
0%
0&
#547950000000
1!
1"
1#
1%
1&
1'
b111 )
b1 *
0-
#548000000000
0!
0"
0%
0&
#548050000000
1!
1"
0#
1%
1&
0'
b110 )
1-
#548100000000
0!
0"
0%
0&
#548150000000
1!
1"
1#
1%
1&
1'
b101 )
0-
#548200000000
0!
0"
0%
0&
#548250000000
1!
1"
0#
1%
1&
0'
b100 )
1-
#548300000000
0!
0"
0%
0&
#548350000000
1!
1"
1#
1%
1&
1'
b11 )
0-
#548400000000
0!
0"
0%
0&
#548450000000
1!
1"
0#
1%
1&
0'
b10 )
1-
#548500000000
0!
0"
0%
0&
#548550000000
1!
1"
1#
1%
1&
1'
b1 )
0-
#548600000000
0!
0"
0%
0&
#548650000000
1!
1"
0#
1%
1&
0'
b0 )
1-
#548700000000
0!
0"
0%
0&
#548750000000
1!
1"
1#
1%
1&
1'
b111 )
b10 *
0-
#548800000000
0!
0"
0%
0&
#548850000000
1!
1"
0#
1%
1&
0'
b110 )
1-
#548900000000
0!
0"
0%
0&
#548950000000
1!
1"
1#
1%
1&
1'
b101 )
0-
#549000000000
0!
0"
0%
0&
#549050000000
1!
1"
0#
1%
1&
0'
b100 )
1-
#549100000000
0!
0"
0%
0&
#549150000000
1!
1"
1#
1%
1&
1'
b11 )
0-
#549200000000
0!
0"
0%
0&
#549250000000
1!
1"
0#
1%
1&
0'
b10 )
1-
#549300000000
0!
0"
0%
0&
#549350000000
1!
1"
1#
1%
1&
1'
b1 )
0-
#549400000000
0!
0"
0%
0&
#549450000000
1!
1"
0#
1%
1&
0'
b0 )
1-
#549500000000
0!
0"
0%
0&
#549550000000
1!
1"
1#
1%
1&
1'
b111 )
b11 *
0-
#549600000000
0!
0"
0%
0&
#549650000000
1!
1"
0#
1%
1&
0'
b110 )
1-
#549700000000
0!
0"
0%
0&
#549750000000
1!
1"
1#
1%
1&
1'
b101 )
0-
#549800000000
0!
0"
0%
0&
#549850000000
1!
1"
0#
1%
1&
0'
b100 )
1-
#549900000000
0!
0"
0%
0&
#549950000000
1!
1"
1#
1%
1&
1'
b11 )
0-
#550000000000
0!
0"
0%
0&
#550050000000
1!
1"
0#
1%
1&
0'
b10 )
1-
#550100000000
0!
0"
0%
0&
#550150000000
1!
1"
1#
1%
1&
1'
b1 )
0-
#550200000000
0!
0"
0%
0&
#550250000000
1!
1"
0#
1%
1&
0'
b0 )
1-
#550300000000
0!
0"
0%
0&
#550350000000
1!
1"
1#
1%
1&
1'
b111 )
b100 *
0-
#550400000000
0!
0"
0%
0&
#550450000000
1!
1"
0#
1%
1&
0'
b110 )
1-
#550500000000
0!
0"
0%
0&
#550550000000
1!
1"
1#
1%
1&
1'
b101 )
0-
#550600000000
0!
0"
0%
0&
#550650000000
1!
1"
0#
1%
1&
0'
b100 )
1-
#550700000000
0!
0"
0%
0&
#550750000000
1!
1"
1#
1%
1&
1'
b11 )
0-
#550800000000
0!
0"
0%
0&
#550850000000
1!
1"
0#
1%
1&
0'
b10 )
1-
#550900000000
0!
0"
0%
0&
#550950000000
1!
1"
1#
1%
1&
1'
b1 )
0-
#551000000000
0!
0"
0%
0&
#551050000000
1!
1"
0#
1%
1&
0'
b0 )
1-
#551100000000
0!
0"
0%
0&
#551150000000
1!
1"
1#
1%
1&
1'
b111 )
b101 *
0-
#551200000000
0!
0"
0%
0&
#551250000000
1!
1"
0#
1%
1&
0'
b110 )
1-
#551300000000
0!
0"
0%
0&
#551350000000
1!
1"
1#
1%
1&
1'
b101 )
0-
#551400000000
0!
0"
0%
0&
#551450000000
1!
1"
0#
1%
1&
0'
b100 )
1-
#551500000000
0!
0"
0%
0&
#551550000000
1!
1"
1#
1%
1&
1'
b11 )
0-
#551600000000
0!
0"
0%
0&
#551650000000
1!
1"
0#
1%
1&
0'
b10 )
1-
#551700000000
0!
0"
0%
0&
#551750000000
1!
1"
1#
1%
1&
1'
b1 )
0-
#551800000000
0!
0"
0%
0&
#551850000000
1!
1"
0#
1%
1&
0'
b0 )
1-
#551900000000
0!
0"
0%
0&
#551950000000
1!
1"
1#
1%
1&
1'
b111 )
b110 *
0-
#552000000000
0!
0"
0%
0&
#552050000000
1!
1"
0#
1%
1&
0'
b110 )
1-
#552100000000
0!
0"
0%
0&
#552150000000
1!
1"
1#
1%
1&
1'
b101 )
0-
#552200000000
0!
0"
0%
0&
#552250000000
1!
1"
0#
1%
1&
0'
b100 )
1-
#552300000000
0!
0"
0%
0&
#552350000000
1!
1"
1#
1%
1&
1'
b11 )
0-
#552400000000
0!
0"
0%
0&
#552450000000
1!
1"
0#
1%
1&
0'
b10 )
1-
#552500000000
0!
0"
0%
0&
#552550000000
1!
1"
1#
1%
1&
1'
b1 )
0-
#552600000000
0!
0"
0%
0&
#552650000000
1!
1"
0#
1%
1&
0'
b0 )
1-
#552700000000
0!
0"
0%
0&
#552750000000
1!
1"
1#
1%
1&
1'
b111 )
b0 *
0-
#552800000000
0!
0"
0%
0&
#552850000000
1!
1"
0#
1%
1&
0'
b110 )
1-
#552900000000
0!
0"
0%
0&
#552950000000
1!
1"
1#
1%
1&
1'
b101 )
0-
#553000000000
0!
0"
0%
0&
#553050000000
1!
1"
0#
1%
1&
0'
b100 )
1-
#553100000000
0!
0"
0%
0&
#553150000000
1!
1"
1#
1%
1&
1'
b11 )
0-
#553200000000
0!
0"
0%
0&
#553250000000
1!
1"
0#
1%
1&
0'
b10 )
1-
#553300000000
0!
0"
0%
0&
#553350000000
1!
1"
1#
1%
1&
1'
b1 )
0-
#553400000000
0!
0"
0%
0&
#553450000000
1!
1"
0#
1%
1&
0'
b0 )
1-
#553500000000
0!
0"
0%
0&
#553550000000
1!
1"
1#
1%
1&
1'
b111 )
b11111111111111111111111111111111 .
#553600000000
0!
0"
0#
0%
0&
0'
#553650000000
1!
1"
1#
1%
1&
1'
b110 )
b01111111111111111111111111111111 .
#553700000000
0!
0"
0#
0%
0&
0'
#553750000000
1!
1"
1#
1%
1&
1'
b101 )
b00111111111111111111111111111111 .
#553800000000
0!
0"
0#
0%
0&
0'
#553850000000
1!
1"
1#
1%
1&
1'
b100 )
b00011111111111111111111111111111 .
#553900000000
0!
0"
0#
0%
0&
0'
#553950000000
1!
1"
1#
1%
1&
1'
b11 )
b00001111111111111111111111111111 .
#554000000000
0!
0"
0#
0%
0&
0'
#554050000000
1!
1"
1#
1%
1&
1'
b10 )
b00000111111111111111111111111111 .
#554100000000
0!
0"
0#
0%
0&
0'
#554150000000
1!
1"
1#
1%
1&
1'
b1 )
b00000011111111111111111111111111 .
#554200000000
0!
0"
0#
0%
0&
0'
#554250000000
1!
1"
1#
1%
1&
1'
b0 )
b00000001111111111111111111111111 .
#554300000000
0!
0"
0#
0%
0&
0'
#554350000000
1!
1"
1#
1%
1&
1'
b111 )
b1 *
b00000000111111111111111111111111 .
#554400000000
0!
0"
0#
0%
0&
0'
#554450000000
1!
1"
1#
1%
1&
1'
b110 )
b00000000011111111111111111111111 .
#554500000000
0!
0"
0#
0%
0&
0'
#554550000000
1!
1"
1#
1%
1&
1'
b101 )
b00000000001111111111111111111111 .
#554600000000
0!
0"
0#
0%
0&
0'
#554650000000
1!
1"
1#
1%
1&
1'
b100 )
b00000000000111111111111111111111 .
#554700000000
0!
0"
0#
0%
0&
0'
#554750000000
1!
1"
1#
1%
1&
1'
b11 )
b00000000000011111111111111111111 .
#554800000000
0!
0"
0#
0%
0&
0'
#554850000000
1!
1"
1#
1%
1&
1'
b10 )
b00000000000001111111111111111111 .
#554900000000
0!
0"
0#
0%
0&
0'
#554950000000
1!
1"
1#
1%
1&
1'
b1 )
b00000000000000111111111111111111 .
#555000000000
0!
0"
0#
0%
0&
0'
#555050000000
1!
1"
1#
1%
1&
1'
b0 )
b00000000000000011111111111111111 .
#555100000000
0!
0"
0#
0%
0&
0'
#555150000000
1!
1"
1#
1%
1&
1'
b111 )
b10 *
b00000000000000001111111111111111 .
#555200000000
0!
0"
0#
0%
0&
0'
#555250000000
1!
1"
1#
1%
1&
1'
b110 )
b00000000000000000111111111111111 .
#555300000000
0!
0"
0#
0%
0&
0'
#555350000000
1!
1"
1#
1%
1&
1'
b101 )
b00000000000000000011111111111111 .
#555400000000
0!
0"
0#
0%
0&
0'
#555450000000
1!
1"
1#
1%
1&
1'
b100 )
b00000000000000000001111111111111 .
#555500000000
0!
0"
0#
0%
0&
0'
#555550000000
1!
1"
1#
1%
1&
1'
b11 )
b00000000000000000000111111111111 .
#555600000000
0!
0"
0#
0%
0&
0'
#555650000000
1!
1"
1#
1%
1&
1'
b10 )
b00000000000000000000011111111111 .
#555700000000
0!
0"
0#
0%
0&
0'
#555750000000
1!
1"
1#
1%
1&
1'
b1 )
b00000000000000000000001111111111 .
#555800000000
0!
0"
0#
0%
0&
0'
#555850000000
1!
1"
1#
1%
1&
1'
b0 )
b00000000000000000000000111111111 .
#555900000000
0!
0"
0#
0%
0&
0'
#555950000000
1!
1"
1#
1%
1&
1'
b111 )
b11 *
b00000000000000000000000011111111 .
#556000000000
0!
0"
0#
0%
0&
0'
#556050000000
1!
1"
1#
1%
1&
1'
b110 )
b00000000000000000000000001111111 .
#556100000000
0!
0"
0#
0%
0&
0'
#556150000000
1!
1"
1#
1%
1&
1'
b101 )
b00000000000000000000000000111111 .
#556200000000
0!
0"
0#
0%
0&
0'
#556250000000
1!
1"
1#
1%
1&
1'
b100 )
b00000000000000000000000000011111 .
#556300000000
0!
0"
0#
0%
0&
0'
#556350000000
1!
1"
1#
1%
1&
1'
b11 )
b00000000000000000000000000001111 .
#556400000000
0!
0"
0#
0%
0&
0'
#556450000000
1!
1"
1#
1%
1&
1'
b10 )
b00000000000000000000000000000111 .
#556500000000
0!
0"
0#
0%
0&
0'
#556550000000
1!
1"
1#
1%
1&
1'
b1 )
b00000000000000000000000000000011 .
#556600000000
0!
0"
0#
0%
0&
0'
#556650000000
1!
1"
1#
1%
1&
1'
b0 )
b00000000000000000000000000000001 .
#556700000000
0!
0"
0#
0%
0&
0'
#556750000000
1!
1"
1#
1%
1&
1'
b111 )
b100 *
b00000000000000000000000000000000 .
#556800000000
0!
0"
0#
0%
0&
0'
#556850000000
1!
1"
1#
1%
1&
1'
b110 )
b11101101101110001000001100100000 .
#556900000000
0!
0"
0#
0%
0&
0'
#556950000000
1!
1"
1#
1%
1&
1'
b101 )
b10011011011001001100001010110000 .
#557000000000
0!
0"
0#
0%
0&
0'
#557050000000
1!
1"
1#
1%
1&
1'
b100 )
b10100000000010101110001001111000 .
#557100000000
0!
0"
0#
0%
0&
0'
#557150000000
1!
1"
1#
1%
1&
1'
b11 )
b10111101101111011111001000011100 .
#557200000000
0!
0"
0#
0%
0&
0'
#557250000000
1!
1"
1#
1%
1&
1'
b10 )
b10110011011001100111101000101110 .
#557300000000
0!
0"
0#
0%
0&
0'
#557350000000
1!
1"
1#
1%
1&
1'
b1 )
b10110100000010111011111000110111 .
#557400000000
0!
0"
0#
0%
0&
0'
#557450000000
1!
1"
1#
1%
1&
1'
b0 )
b01011010000001011101111100011011 .
#557500000000
0!
0"
0#
0%
0&
0'
#557550000000
1!
1"
1#
1%
1&
1'
b111 )
b101 *
b00101101000000101110111110001101 .
#557600000000
0!
0"
0#
0%
0&
0'
#557650000000
1!
1"
1#
1%
1&
1'
b110 )
b00010110100000010111011111000110 .
#557700000000
0!
0"
0#
0%
0&
0'
#557750000000
1!
1"
1#
1%
1&
1'
b101 )
b11100110111110000011100011000011 .
#557800000000
0!
0"
0#
0%
0&
0'
#557850000000
1!
1"
1#
1%
1&
1'
b100 )
b01110011011111000001110001100001 .
#557900000000
0!
0"
0#
0%
0&
0'
#557950000000
1!
1"
1#
1%
1&
1'
b11 )
b00111001101111100000111000110000 .
#558000000000
0!
0"
0#
0%
0&
0'
#558050000000
1!
1"
1#
1%
1&
1'
b10 )
b11110001011001111000010000111000 .
#558100000000
0!
0"
0#
0%
0&
0'
#558150000000
1!
1"
1#
1%
1&
1'
b1 )
b10010101000010110100000100111100 .
#558200000000
0!
0"
0#
0%
0&
0'
#558250000000
1!
1"
1#
1%
1&
1'
b0 )
b10100111001111010010001110111110 .
#558300000000
0!
0"
0#
0%
0&
0'
#558350000000
1!
1"
1#
1%
1&
1'
b111 )
b0 *
b10111110001001100001001011111111 .
#558400000000
0!
0"
0#
0%
0&
0'
#558450000000
1!
1"
1#
1%
1&
1'
b110 )
0-
b10110010101010111000101001011111 .
#558500000000
0!
0"
0%
0&
#558550000000
1!
1"
0#
1%
1&
0'
b101 )
b10110100111011010100011000001111 .
#558600000000
0!
0"
1#
0%
0&
1'
#558650000000
1!
1"
0#
1%
1&
0'
b100 )
b10110111110011100010000000100111 .
#558700000000
0!
0"
1#
0%
0&
1'
#558750000000
1!
1"
0#
1%
1&
0'
b11 )
b10110110010111111001001100110011 .
#558800000000
0!
0"
1#
0%
0&
1'
#558850000000
1!
1"
0#
1%
1&
0'
b10 )
1-
b01011011001011111100100110011001 .
#558900000000
0!
0"
0%
0&
#558950000000
1!
1"
1#
1%
1&
1'
b1 )
0-
b11000000001011110110011111101100 .
#559000000000
0!
0"
0%
0&
#559050000000
1!
1"
0#
1%
1&
0'
b0 )
b01100000000101111011001111110110 .
#559100000000
0!
0"
1#
0%
0&
1'
#559150000000
1!
1"
0#
1%
1&
0'
b111 )
b1 *
b00110000000010111101100111111011 .
#559200000000
0!
0"
1#
0%
0&
1'
#559250000000
1!
1"
0#
1%
1&
0'
b110 )
b11110101101111010110111111011101 .
#559300000000
0!
0"
1#
0%
0&
1'
#559350000000
1!
1"
0#
1%
1&
0'
b101 )
1-
b01111010110111101011011111101110 .
#559400000000
0!
0"
0%
0&
#559450000000
1!
1"
1#
1%
1&
1'
b100 )
0-
b00111101011011110101101111110111 .
#559500000000
0!
0"
0%
0&
#559550000000
1!
1"
0#
1%
1&
0'
b11 )
b11110011000011110010111011011011 .
#559600000000
0!
0"
1#
0%
0&
1'
#559650000000
1!
1"
0#
1%
1&
0'
b10 )
b10010100001111110001010001001101 .
#559700000000
0!
0"
1#
0%
0&
1'
#559750000000
1!
1"
0#
1%
1&
0'
b1 )
b10100111101001110000100100000110 .
#559800000000
0!
0"
1#
0%
0&
1'
#559850000000
1!
1"
0#
1%
1&
0'
b0 )
b01010011110100111000010010000011 .
#559900000000
0!
0"
1#
0%
0&
1'
#559950000000
1!
1"
0#
1%
1&
0'
b111 )
b10 *
1-
b00101001111010011100001001000001 .
#560000000000
0!
0"
0%
0&
#560050000000
1!
1"
1#
1%
1&
1'
b110 )
0-
b11111001010011000110001000000000 .
#560100000000
0!
0"
0%
0&
#560150000000
1!
1"
0#
1%
1&
0'
b101 )
1-
b10010001000111101011001000100000 .
#560200000000
0!
0"
0%
0&
#560250000000
1!
1"
1#
1%
1&
1'
b100 )
b10100101001101111101101000110000 .
#560300000000
0!
0"
0#
0%
0&
0'
#560350000000
1!
1"
1#
1%
1&
1'
b11 )
0-
b01010010100110111110110100011000 .
#560400000000
0!
0"
0%
0&
#560450000000
1!
1"
0#
1%
1&
0'
b10 )
b00101001010011011111011010001100 .
#560500000000
0!
0"
1#
0%
0&
1'
#560550000000
1!
1"
0#
1%
1&
0'
b1 )
b00010100101001101111101101000110 .
#560600000000
0!
0"
1#
0%
0&
1'
#560650000000
1!
1"
0#
1%
1&
0'
b0 )
b00001010010100110111110110100011 .
#560700000000
0!
0"
1#
0%
0&
1'
#560750000000
1!
1"
0#
1%
1&
0'
b111 )
b11 *
1-
b00000101001010011011111011010001 .
#560800000000
0!
0"
0%
0&
#560850000000
1!
1"
1#
1%
1&
1'
b110 )
0-
b11101111001011000101110001001000 .
#560900000000
0!
0"
0%
0&
#560950000000
1!
1"
0#
1%
1&
0'
b101 )
b01110111100101100010111000100100 .
#561000000000
0!
0"
1#
0%
0&
1'
#561050000000
1!
1"
0#
1%
1&
0'
b100 )
b00111011110010110001011100010010 .
#561100000000
0!
0"
1#
0%
0&
1'
#561150000000
1!
1"
0#
1%
1&
0'
b11 )
1-
b11110000010111010000100010101001 .
#561200000000
0!
0"
0%
0&
#561250000000
1!
1"
1#
1%
1&
1'
b10 )
b01111000001011101000010001010100 .
#561300000000
0!
0"
0#
0%
0&
0'
#561350000000
1!
1"
1#
1%
1&
1'
b1 )
0-
b00111100000101110100001000101010 .
#561400000000
0!
0"
0%
0&
#561450000000
1!
1"
0#
1%
1&
0'
b0 )
b00011110000010111010000100010101 .
#561500000000
0!
0"
1#
0%
0&
1'
#561550000000
1!
1"
0#
1%
1&
0'
b111 )
b100 *
b11100010101111010101001110101010 .
#561600000000
0!
0"
1#
0%
0&
1'
#561650000000
1!
1"
0#
1%
1&
0'
b110 )
b01110001010111101010100111010101 .
#561700000000
0!
0"
1#
0%
0&
1'
#561750000000
1!
1"
0#
1%
1&
0'
b101 )
1-
b00111000101011110101010011101010 .
#561800000000
0!
0"
0%
0&
#561850000000
1!
1"
1#
1%
1&
1'
b100 )
0-
b00011100010101111010101001110101 .
#561900000000
0!
0"
0%
0&
#561950000000
1!
1"
0#
1%
1&
0'
b11 )
1-
b00001110001010111101010100111010 .
#562000000000
0!
0"
0%
0&
#562050000000
1!
1"
1#
1%
1&
1'
b10 )
0-
b00000111000101011110101010011101 .
#562100000000
0!
0"
0%
0&
#562150000000
1!
1"
0#
1%
1&
0'
b1 )
1-
b00000011100010101111010101001110 .
#562200000000
0!
0"
0%
0&
#562250000000
1!
1"
1#
1%
1&
1'
b0 )
b11101100011111011111100110000111 .
#562300000000
0!
0"
0#
0%
0&
0'
#562350000000
1!
1"
1#
1%
1&
1'
b111 )
b101 *
b01110110001111101111110011000011 .
#562400000000
0!
0"
0#
0%
0&
0'
#562450000000
1!
1"
1#
1%
1&
1'
b110 )
0-
b11010110101001111111110101000001 .
#562500000000
0!
0"
0%
0&
#562550000000
1!
1"
0#
1%
1&
0'
b101 )
b10000110111010110111110110000000 .
#562600000000
0!
0"
1#
0%
0&
1'
#562650000000
1!
1"
0#
1%
1&
0'
b100 )
b01000011011101011011111011000000 .
#562700000000
0!
0"
1#
0%
0&
1'
#562750000000
1!
1"
0#
1%
1&
0'
b11 )
1-
b11001100000000100101110001000000 .
#562800000000
0!
0"
0%
0&
#562850000000
1!
1"
1#
1%
1&
1'
b10 )
0-
b01100110000000010010111000100000 .
#562900000000
0!
0"
0%
0&
#562950000000
1!
1"
0#
1%
1&
0'
b1 )
b00110011000000001001011100010000 .
#563000000000
0!
0"
1#
0%
0&
1'
#563050000000
1!
1"
0#
1%
1&
0'
b0 )
b00011001100000000100101110001000 .
#563100000000
0!
0"
1#
0%
0&
1'
#563150000000
1!
1"
0#
1%
1&
0'
b111 )
b0 *
b00001100110000000010010111000100 .
#563200000000
0!
0"
1#
0%
0&
1'
#563250000000
1!
1"
0#
1%
1&
0'
b110 )
b00000110011000000001001011100010 .
#563300000000
0!
0"
1#
0%
0&
1'
#563350000000
1!
1"
0#
1%
1&
0'
b101 )
b00000011001100000000100101110001 .
#563400000000
0!
0"
1#
0%
0&
1'
#563450000000
1!
1"
0#
1%
1&
0'
b100 )
b11101100001000001000011110011000 .
#563500000000
0!
0"
1#
0%
0&
1'
#563550000000
1!
1"
0#
1%
1&
0'
b11 )
1-
b10011011101010001100000011101100 .
#563600000000
0!
0"
0%
0&
#563650000000
1!
1"
1#
1%
1&
1'
b10 )
0-
b01001101110101000110000001110110 .
#563700000000
0!
0"
0%
0&
#563750000000
1!
1"
0#
1%
1&
0'
b1 )
b00100110111010100011000000111011 .
#563800000000
0!
0"
1#
0%
0&
1'
#563850000000
1!
1"
0#
1%
1&
0'
b0 )
b11111110110011011001101100111101 .
#563900000000
0!
0"
1#
0%
0&
1'
#563950000000
1!
1"
0#
1%
1&
0'
b111 )
b1 *
1-
b01111111011001101100110110011110 .
#564000000000
0!
0"
0%
0&
#564050000000
1!
1"
1#
1%
1&
1'
b110 )
b11010010000010111110010111101111 .
#564100000000
0!
0"
0#
0%
0&
0'
#564150000000
1!
1"
1#
1%
1&
1'
b101 )
0-
b10000100101111010111000111010111 .
#564200000000
0!
0"
0%
0&
#564250000000
1!
1"
0#
1%
1&
0'
b100 )
1-
b01000010010111101011100011101011 .
#564300000000
0!
0"
0%
0&
#564350000000
1!
1"
1#
1%
1&
1'
b11 )
0-
b11001100100101111101111101010101 .
#564400000000
0!
0"
0%
0&
#564450000000
1!
1"
0#
1%
1&
0'
b10 )
1-
b01100110010010111110111110101010 .
#564500000000
0!
0"
0%
0&
#564550000000
1!
1"
1#
1%
1&
1'
b1 )
b11011110100111010111010011110101 .
#564600000000
0!
0"
0#
0%
0&
0'
#564650000000
1!
1"
1#
1%
1&
1'
b0 )
0-
b10000010111101100011100101011010 .
#564700000000
0!
0"
0%
0&
#564750000000
1!
1"
0#
1%
1&
0'
b111 )
b0 *
1-
b10101100110000111001111110001101 .
#564800000000
0!
0"
0%
0&
#564850000000
1!
1"
1#
1%
1&
1'
b110 )
0-
b10111011110110010100110011100110 .
#564900000000
0!
0"
0%
0&
#564950000000
1!
1"
0#
1%
1&
0'
b101 )
b01011101111011001010011001110011 .
#565000000000
0!
0"
1#
0%
0&
1'
#565050000000
1!
1"
0#
1%
1&
0'
b100 )
b11000011010011101101000000011001 .
#565100000000
0!
0"
1#
0%
0&
1'
#565150000000
1!
1"
0#
1%
1&
0'
b11 )
b10001100000111111110101100101100 .
#565200000000
0!
0"
1#
0%
0&
1'
#565250000000
1!
1"
0#
1%
1&
0'
b10 )
b01000110000011111111010110010110 .
#565300000000
0!
0"
1#
0%
0&
1'
#565350000000
1!
1"
0#
1%
1&
0'
b1 )
b00100011000001111111101011001011 .
#565400000000
0!
0"
1#
0%
0&
1'
#565450000000
1!
1"
0#
1%
1&
0'
b0 )
b11111100001110110111111001000101 .
#565500000000
0!
0"
1#
0%
0&
1'
#565550000000
1!
1"
0#
1%
1&
0'
b111 )
b1 *
b10010011101001010011110000000010 .
#565600000000
0!
0"
1#
0%
0&
1'
#565650000000
1!
1"
0#
1%
1&
0'
b110 )
b01001001110100101001111000000001 .
#565700000000
0!
0"
1#
0%
0&
1'
#565750000000
1!
1"
0#
1%
1&
0'
b101 )
b11001001010100011100110000100000 .
#565800000000
0!
0"
1#
0%
0&
1'
#565850000000
1!
1"
0#
1%
1&
0'
b100 )
b01100100101010001110011000010000 .
#565900000000
0!
0"
1#
0%
0&
1'
#565950000000
1!
1"
0#
1%
1&
0'
b11 )
b00110010010101000111001100001000 .
#566000000000
0!
0"
1#
0%
0&
1'
#566050000000
1!
1"
0#
1%
1&
0'
b10 )
b00011001001010100011100110000100 .
#566100000000
0!
0"
1#
0%
0&
1'
#566150000000
1!
1"
0#
1%
1&
0'
b1 )
b00001100100101010001110011000010 .
#566200000000
0!
0"
1#
0%
0&
1'
#566250000000
1!
1"
0#
1%
1&
0'
b0 )
b00000110010010101000111001100001 .
#566300000000
0!
0"
1#
0%
0&
1'
#566350000000
1!
1"
0#
1%
1&
0'
b111 )
b10 *
b11101110100111011100010000010000 .
#566400000000
0!
0"
1#
0%
0&
1'
#566450000000
1!
1"
0#
1%
1&
0'
b110 )
b01110111010011101110001000001000 .
#566500000000
0!
0"
1#
0%
0&
1'
#566550000000
1!
1"
0#
1%
1&
0'
b101 )
b00111011101001110111000100000100 .
#566600000000
0!
0"
1#
0%
0&
1'
#566650000000
1!
1"
0#
1%
1&
0'
b100 )
b00011101110100111011100010000010 .
#566700000000
0!
0"
1#
0%
0&
1'
#566750000000
1!
1"
0#
1%
1&
0'
b11 )
b00001110111010011101110001000001 .
#566800000000
0!
0"
1#
0%
0&
1'
#566850000000
1!
1"
0#
1%
1&
0'
b10 )
b11101010110011000110110100000000 .
#566900000000
0!
0"
1#
0%
0&
1'
#566950000000
1!
1"
0#
1%
1&
0'
b1 )
b01110101011001100011011010000000 .
#567000000000
0!
0"
1#
0%
0&
1'
#567050000000
1!
1"
0#
1%
1&
0'
b0 )
b00111010101100110001101101000000 .
#567100000000
0!
0"
1#
0%
0&
1'
#567150000000
1!
1"
0#
1%
1&
0'
b111 )
b11 *
b00011101010110011000110110100000 .
#567200000000
0!
0"
1#
0%
0&
1'
#567250000000
1!
1"
0#
1%
1&
0'
b110 )
b00001110101011001100011011010000 .
#567300000000
0!
0"
1#
0%
0&
1'
#567350000000
1!
1"
0#
1%
1&
0'
b101 )
b00000111010101100110001101101000 .
#567400000000
0!
0"
1#
0%
0&
1'
#567450000000
1!
1"
0#
1%
1&
0'
b100 )
b00000011101010110011000110110100 .
#567500000000
0!
0"
1#
0%
0&
1'
#567550000000
1!
1"
0#
1%
1&
0'
b11 )
b00000001110101011001100011011010 .
#567600000000
0!
0"
1#
0%
0&
1'
#567650000000
1!
1"
0#
1%
1&
0'
b10 )
b00000000111010101100110001101101 .
#567700000000
0!
0"
1#
0%
0&
1'
#567750000000
1!
1"
0#
1%
1&
0'
b1 )
b11101101110011011110010100010110 .
#567800000000
0!
0"
1#
0%
0&
1'
#567850000000
1!
1"
0#
1%
1&
0'
b0 )
b01110110111001101111001010001011 .
#567900000000
0!
0"
1#
0%
0&
1'
#567950000000
1!
1"
0#
1%
1&
0'
b111 )
b100 *
b11010110110010111111101001100101 .
#568000000000
0!
0"
1#
0%
0&
1'
#568050000000
1!
1"
0#
1%
1&
0'
b110 )
b10000110110111010111111000010010 .
#568100000000
0!
0"
1#
0%
0&
1'
#568150000000
1!
1"
0#
1%
1&
0'
b101 )
b01000011011011101011111100001001 .
#568200000000
0!
0"
1#
0%
0&
1'
#568250000000
1!
1"
0#
1%
1&
0'
b100 )
b11001100000011111101110010100100 .
#568300000000
0!
0"
1#
0%
0&
1'
#568350000000
1!
1"
0#
1%
1&
0'
b11 )
b01100110000001111110111001010010 .
#568400000000
0!
0"
1#
0%
0&
1'
#568450000000
1!
1"
0#
1%
1&
0'
b10 )
b00110011000000111111011100101001 .
#568500000000
0!
0"
1#
0%
0&
1'
#568550000000
1!
1"
0#
1%
1&
0'
b1 )
b11110100001110010111100010110100 .
#568600000000
0!
0"
1#
0%
0&
1'
#568650000000
1!
1"
0#
1%
1&
0'
b0 )
b01111010000111001011110001011010 .
#568700000000
0!
0"
1#
0%
0&
1'
#568750000000
1!
1"
0#
1%
1&
0'
b111 )
b101 *
b00111101000011100101111000101101 .
#568800000000
0!
0"
1#
0%
0&
1'
#568850000000
1!
1"
0#
1%
1&
0'
b110 )
b11110011001111111010110000110110 .
#568900000000
0!
0"
1#
0%
0&
1'
#568950000000
1!
1"
0#
1%
1&
0'
b101 )
b01111001100111111101011000011011 .
#569000000000
0!
0"
1#
0%
0&
1'
#569050000000
1!
1"
0#
1%
1&
0'
b100 )
b11010001011101110110100000101101 .
#569100000000
0!
0"
1#
0%
0&
1'
#569150000000
1!
1"
0#
1%
1&
0'
b11 )
b10000101000000110011011100110110 .
#569200000000
0!
0"
1#
0%
0&
1'
#569250000000
1!
1"
0#
1%
1&
0'
b10 )
b01000010100000011001101110011011 .
#569300000000
0!
0"
1#
0%
0&
1'
#569350000000
1!
1"
0#
1%
1&
0'
b1 )
b11001100111110000100111011101101 .
#569400000000
0!
0"
1#
0%
0&
1'
#569450000000
1!
1"
0#
1%
1&
0'
b0 )
b10001011110001001010010001010110 .
#569500000000
0!
0"
1#
0%
0&
1'
#569550000000
1!
1"
0#
1%
1&
0'
b111 )
b110 *
b01000101111000100101001000101011 .
#569600000000
0!
0"
1#
0%
0&
1'
#569650000000
1!
1"
0#
1%
1&
0'
b110 )
b11001111010010011010101000110101 .
#569700000000
0!
0"
1#
0%
0&
1'
#569750000000
1!
1"
0#
1%
1&
0'
b101 )
b10001010000111000101011000111010 .
#569800000000
0!
0"
1#
0%
0&
1'
#569850000000
1!
1"
0#
1%
1&
0'
b100 )
b01000101000011100010101100011101 .
#569900000000
0!
0"
1#
0%
0&
1'
#569950000000
1!
1"
0#
1%
1&
0'
b11 )
b11001111001111111001011010101110 .
#570000000000
0!
0"
1#
0%
0&
1'
#570050000000
1!
1"
0#
1%
1&
0'
b10 )
b01100111100111111100101101010111 .
#570100000000
0!
0"
1#
0%
0&
1'
#570150000000
1!
1"
0#
1%
1&
0'
b1 )
b11011110011101110110011010001011 .
#570200000000
0!
0"
1#
0%
0&
1'
#570250000000
1!
1"
0#
1%
1&
0'
b0 )
b10000010100000110011000001100101 .
#570300000000
0!
0"
1#
0%
0&
1'
#570350000000
1!
1"
0#
1%
1&
0'
b111 )
b111 *
b10101100111110010001101100010010 .
#570400000000
0!
0"
1#
0%
0&
1'
#570450000000
1!
1"
0#
1%
1&
0'
b110 )
b01010110011111001000110110001001 .
#570500000000
0!
0"
1#
0%
0&
1'
#570550000000
1!
1"
0#
1%
1&
0'
b101 )
b11000110100001101100010111100100 .
#570600000000
0!
0"
1#
0%
0&
1'
#570650000000
1!
1"
0#
1%
1&
0'
b100 )
b01100011010000110110001011110010 .
#570700000000
0!
0"
1#
0%
0&
1'
#570750000000
1!
1"
0#
1%
1&
0'
b11 )
b00110001101000011011000101111001 .
#570800000000
0!
0"
1#
0%
0&
1'
#570850000000
1!
1"
0#
1%
1&
0'
b10 )
b11110101011010000101101110011100 .
#570900000000
0!
0"
1#
0%
0&
1'
#570950000000
1!
1"
0#
1%
1&
0'
b1 )
b01111010101101000010110111001110 .
#571000000000
0!
0"
1#
0%
0&
1'
#571050000000
1!
1"
0#
1%
1&
0'
b0 )
b00111101010110100001011011100111 .
#571100000000
0!
0"
1#
0%
0&
1'
#571150000000
1!
1"
0#
1%
1&
0'
b111 )
b1000 *
b11110011000101011000100001010011 .
#571200000000
0!
0"
1#
0%
0&
1'
#571250000000
1!
1"
0#
1%
1&
0'
b110 )
b10010100001100100100011100001001 .
#571300000000
0!
0"
1#
0%
0&
1'
#571350000000
1!
1"
0#
1%
1&
0'
b101 )
b10100111101000011010000010100100 .
#571400000000
0!
0"
1#
0%
0&
1'
#571450000000
1!
1"
0#
1%
1&
0'
b100 )
b01010011110100001101000001010010 .
#571500000000
0!
0"
1#
0%
0&
1'
#571550000000
1!
1"
0#
1%
1&
0'
b11 )
b00101001111010000110100000101001 .
#571600000000
0!
0"
1#
0%
0&
1'
#571650000000
1!
1"
0#
1%
1&
0'
b10 )
b11111001010011001011011100110100 .
#571700000000
0!
0"
1#
0%
0&
1'
#571750000000
1!
1"
0#
1%
1&
0'
b1 )
b01111100101001100101101110011010 .
#571800000000
0!
0"
1#
0%
0&
1'
#571850000000
1!
1"
0#
1%
1&
0'
b0 )
b00111110010100110010110111001101 .
#571900000000
0!
0"
1#
0%
0&
1'
#571950000000
1!
1"
0#
1%
1&
0'
b111 )
b1001 *
b11110010100100010001010111000110 .
#572000000000
0!
0"
1#
0%
0&
1'
#572050000000
1!
1"
0#
1%
1&
0'
b110 )
b01111001010010001000101011100011 .
#572100000000
0!
0"
1#
0%
0&
1'
#572150000000
1!
1"
0#
1%
1&
0'
b101 )
b11010001000111001100011001010001 .
#572200000000
0!
0"
1#
0%
0&
1'
#572250000000
1!
1"
0#
1%
1&
0'
b100 )
b10000101001101101110000000001000 .
#572300000000
0!
0"
1#
0%
0&
1'
#572350000000
1!
1"
0#
1%
1&
0'
b11 )
b01000010100110110111000000000100 .
#572400000000
0!
0"
1#
0%
0&
1'
#572450000000
1!
1"
0#
1%
1&
0'
b10 )
b00100001010011011011100000000010 .
#572500000000
0!
0"
1#
0%
0&
1'
#572550000000
1!
1"
0#
1%
1&
0'
b1 )
b00010000101001101101110000000001 .
#572600000000
0!
0"
1#
0%
0&
1'
#572650000000
1!
1"
0#
1%
1&
0'
b0 )
b11100101111010111110110100100000 .
#572700000000
0!
0"
1#
0%
0&
1'
#572750000000
1!
1"
0#
1%
1&
0'
b111 )
b1010 *
b01110010111101011111011010010000 .
#572800000000
0!
0"
1#
0%
0&
1'
#572850000000
1!
1"
0#
1%
1&
0'
b110 )
b00111001011110101111101101001000 .
#572900000000
0!
0"
1#
0%
0&
1'
#572950000000
1!
1"
0#
1%
1&
0'
b101 )
b00011100101111010111110110100100 .
#573000000000
0!
0"
1#
0%
0&
1'
#573050000000
1!
1"
0#
1%
1&
0'
b100 )
b00001110010111101011111011010010 .
#573100000000
0!
0"
1#
0%
0&
1'
#573150000000
1!
1"
0#
1%
1&
0'
b11 )
b00000111001011110101111101101001 .
#573200000000
0!
0"
1#
0%
0&
1'
#573250000000
1!
1"
0#
1%
1&
0'
b10 )
b11101110001011110010110010010100 .
#573300000000
0!
0"
1#
0%
0&
1'
#573350000000
1!
1"
0#
1%
1&
0'
b1 )
b01110111000101111001011001001010 .
#573400000000
0!
0"
1#
0%
0&
1'
#573450000000
1!
1"
0#
1%
1&
0'
b0 )
b00111011100010111100101100100101 .
#573500000000
0!
0"
1#
0%
0&
1'
#573550000000
1!
1"
0#
1%
1&
0'
b111 )
b1011 *
b11110000011111010110011010110010 .
#573600000000
0!
0"
1#
0%
0&
1'
#573650000000
1!
1"
0#
1%
1&
0'
b110 )
b01111000001111101011001101011001 .
#573700000000
0!
0"
1#
0%
0&
1'
#573750000000
1!
1"
0#
1%
1&
0'
b101 )
b11010001101001111101101010001100 .
#573800000000
0!
0"
1#
0%
0&
1'
#573850000000
1!
1"
0#
1%
1&
0'
b100 )
b01101000110100111110110101000110 .
#573900000000
0!
0"
1#
0%
0&
1'
#573950000000
1!
1"
0#
1%
1&
0'
b11 )
b00110100011010011111011010100011 .
#574000000000
0!
0"
1#
0%
0&
1'
#574050000000
1!
1"
0#
1%
1&
0'
b10 )
b11110111100011000111100001110001 .
#574100000000
0!
0"
1#
0%
0&
1'
#574150000000
1!
1"
0#
1%
1&
0'
b1 )
b10010110011111101011111100011000 .
#574200000000
0!
0"
1#
0%
0&
1'
#574250000000
1!
1"
0#
1%
1&
0'
b0 )
b01001011001111110101111110001100 .
#574300000000
0!
0"
1#
0%
0&
1'
#574350000000
1!
1"
0#
1%
1&
0'
b111 )
b1100 *
b00100101100111111010111111000110 .
#574400000000
0!
0"
1#
0%
0&
1'
#574450000000
1!
1"
0#
1%
1&
0'
b110 )
b00010010110011111101011111100011 .
#574500000000
0!
0"
1#
0%
0&
1'
#574550000000
1!
1"
0#
1%
1&
0'
b101 )
b11100100110111110110100011010001 .
#574600000000
0!
0"
1#
0%
0&
1'
#574650000000
1!
1"
0#
1%
1&
0'
b100 )
b10011111110101110011011101001000 .
#574700000000
0!
0"
1#
0%
0&
1'
#574750000000
1!
1"
0#
1%
1&
0'
b11 )
b01001111111010111001101110100100 .
#574800000000
0!
0"
1#
0%
0&
1'
#574850000000
1!
1"
0#
1%
1&
0'
b10 )
b00100111111101011100110111010010 .
#574900000000
0!
0"
1#
0%
0&
1'
#574950000000
1!
1"
0#
1%
1&
0'
b1 )
b00010011111110101110011011101001 .
#575000000000
0!
0"
1#
0%
0&
1'
#575050000000
1!
1"
0#
1%
1&
0'
b0 )
b11100100010001011111000001010100 .
#575100000000
0!
0"
1#
0%
0&
1'
#575150000000
1!
1"
0#
1%
1&
0'
b111 )
b1101 *
b01110010001000101111100000101010 .
#575200000000
0!
0"
1#
0%
0&
1'
#575250000000
1!
1"
0#
1%
1&
0'
b110 )
b00111001000100010111110000010101 .
#575300000000
0!
0"
1#
0%
0&
1'
#575350000000
1!
1"
0#
1%
1&
0'
b101 )
b11110001001100000011110100101010 .
#575400000000
0!
0"
1#
0%
0&
1'
#575450000000
1!
1"
0#
1%
1&
0'
b100 )
b01111000100110000001111010010101 .
#575500000000
0!
0"
1#
0%
0&
1'
#575550000000
1!
1"
0#
1%
1&
0'
b11 )
b11010001111101001000110001101010 .
#575600000000
0!
0"
1#
0%
0&
1'
#575650000000
1!
1"
0#
1%
1&
0'
b10 )
b01101000111110100100011000110101 .
#575700000000
0!
0"
1#
0%
0&
1'
#575750000000
1!
1"
0#
1%
1&
0'
b1 )
b11011001110001011010000000111010 .
#575800000000
0!
0"
1#
0%
0&
1'
#575850000000
1!
1"
0#
1%
1&
0'
b0 )
b01101100111000101101000000011101 .
#575900000000
0!
0"
1#
0%
0&
1'
#575950000000
1!
1"
0#
1%
1&
0'
b111 )
b1110 *
b11011011110010011110101100101110 .
#576000000000
0!
0"
1#
0%
0&
1'
#576050000000
1!
1"
0#
1%
1&
0'
b110 )
b01101101111001001111010110010111 .
#576100000000
0!
0"
1#
0%
0&
1'
#576150000000
1!
1"
0#
1%
1&
0'
b101 )
b11011011010010101111100111101011 .
#576200000000
0!
0"
1#
0%
0&
1'
#576250000000
1!
1"
0#
1%
1&
0'
b100 )
b10000000000111011111111111010101 .
#576300000000
0!
0"
1#
0%
0&
1'
#576350000000
1!
1"
0#
1%
1&
0'
b11 )
b10101101101101100111110011001010 .
#576400000000
0!
0"
1#
0%
0&
1'
#576450000000
1!
1"
0#
1%
1&
0'
b10 )
b01010110110110110011111001100101 .
#576500000000
0!
0"
1#
0%
0&
1'
#576550000000
1!
1"
0#
1%
1&
0'
b1 )
b11000110110101010001110000010010 .
#576600000000
0!
0"
1#
0%
0&
1'
#576650000000
1!
1"
0#
1%
1&
0'
b0 )
b01100011011010101000111000001001 .
#576700000000
0!
0"
1#
0%
0&
1'
#576750000000
1!
1"
0#
1%
1&
0'
b111 )
b1111 *
b11011100000011011100010000100100 .
#576800000000
0!
0"
1#
0%
0&
1'
#576850000000
1!
1"
0#
1%
1&
0'
b110 )
b01101110000001101110001000010010 .
#576900000000
0!
0"
1#
0%
0&
1'
#576950000000
1!
1"
0#
1%
1&
0'
b101 )
b00110111000000110111000100001001 .
#577000000000
0!
0"
1#
0%
0&
1'
#577050000000
1!
1"
0#
1%
1&
0'
b100 )
b11110110001110010011101110100100 .
#577100000000
0!
0"
1#
0%
0&
1'
#577150000000
1!
1"
0#
1%
1&
0'
b11 )
b01111011000111001001110111010010 .
#577200000000
0!
0"
1#
0%
0&
1'
#577250000000
1!
1"
0#
1%
1&
0'
b10 )
b00111101100011100100111011101001 .
#577300000000
0!
0"
1#
0%
0&
1'
#577350000000
1!
1"
0#
1%
1&
0'
b1 )
b11110011011111111010010001010100 .
#577400000000
0!
0"
1#
0%
0&
1'
#577450000000
1!
1"
0#
1%
1&
0'
b0 )
b01111001101111111101001000101010 .
#577500000000
0!
0"
1#
0%
0&
1'
#577550000000
1!
1"
0#
1%
1&
0'
b111 )
b10000 *
b00111100110111111110100100010101 .
#577600000000
0!
0"
1#
0%
0&
1'
#577650000000
1!
1"
0#
1%
1&
0'
b110 )
b11110011110101110111011110101010 .
#577700000000
0!
0"
1#
0%
0&
1'
#577750000000
1!
1"
0#
1%
1&
0'
b101 )
b01111001111010111011101111010101 .
#577800000000
0!
0"
1#
0%
0&
1'
#577850000000
1!
1"
0#
1%
1&
0'
b100 )
b11010001010011010101111011001010 .
#577900000000
0!
0"
1#
0%
0&
1'
#577950000000
1!
1"
0#
1%
1&
0'
b11 )
b01101000101001101010111101100101 .
#578000000000
0!
0"
1#
0%
0&
1'
#578050000000
1!
1"
0#
1%
1&
0'
b10 )
b11011001111010111101010010010010 .
#578100000000
0!
0"
1#
0%
0&
1'
#578150000000
1!
1"
0#
1%
1&
0'
b1 )
b01101100111101011110101001001001 .
#578200000000
0!
0"
1#
0%
0&
1'
#578250000000
1!
1"
0#
1%
1&
0'
b0 )
b11011011110000100111011000000100 .
#578300000000
0!
0"
1#
0%
0&
1'
#578350000000
1!
1"
0#
1%
1&
0'
b111 )
b10001 *
b01101101111000010011101100000010 .
#578400000000
0!
0"
1#
0%
0&
1'
#578450000000
1!
1"
0#
1%
1&
0'
b110 )
b00110110111100001001110110000001 .
#578500000000
0!
0"
1#
0%
0&
1'
#578550000000
1!
1"
0#
1%
1&
0'
b101 )
b11110110110000001100110111100000 .
#578600000000
0!
0"
1#
0%
0&
1'
#578650000000
1!
1"
0#
1%
1&
0'
b100 )
b01111011011000000110011011110000 .
#578700000000
0!
0"
1#
0%
0&
1'
#578750000000
1!
1"
0#
1%
1&
0'
b11 )
b00111101101100000011001101111000 .
#578800000000
0!
0"
1#
0%
0&
1'
#578850000000
1!
1"
0#
1%
1&
0'
b10 )
b00011110110110000001100110111100 .
#578900000000
0!
0"
1#
0%
0&
1'
#578950000000
1!
1"
0#
1%
1&
0'
b1 )
b00001111011011000000110011011110 .
#579000000000
0!
0"
1#
0%
0&
1'
#579050000000
1!
1"
0#
1%
1&
0'
b0 )
b00000111101101100000011001101111 .
#579100000000
0!
0"
1#
0%
0&
1'
#579150000000
1!
1"
0#
1%
1&
0'
b111 )
b10010 *
b11101110011000111000000000010111 .
#579200000000
0!
0"
1#
0%
0&
1'
#579250000000
1!
1"
0#
1%
1&
0'
b110 )
b10011010100010010100001100101011 .
#579300000000
0!
0"
1#
0%
0&
1'
#579350000000
1!
1"
0#
1%
1&
0'
b101 )
b10100000111111000010001010110101 .
#579400000000
0!
0"
1#
0%
0&
1'
#579450000000
1!
1"
0#
1%
1&
0'
b100 )
b10111101110001101001001001111010 .
#579500000000
0!
0"
1#
0%
0&
1'
#579550000000
1!
1"
0#
1%
1&
0'
b11 )
b01011110111000110100100100111101 .
#579600000000
0!
0"
1#
0%
0&
1'
#579650000000
1!
1"
0#
1%
1&
0'
b10 )
b11000010110010010010011110111110 .
#579700000000
0!
0"
1#
0%
0&
1'
#579750000000
1!
1"
0#
1%
1&
0'
b1 )
b01100001011001001001001111011111 .
#579800000000
0!
0"
1#
0%
0&
1'
#579850000000
1!
1"
0#
1%
1&
0'
b0 )
b11011101000010101100101011001111 .
#579900000000
0!
0"
1#
0%
0&
1'
#579950000000
1!
1"
0#
1%
1&
0'
b111 )
b10011 *
b10000011001111011110011001000111 .
#580000000000
0!
0"
1#
0%
0&
1'
#580050000000
1!
1"
0#
1%
1&
0'
b110 )
b10101100001001100111000000000011 .
#580100000000
0!
0"
1#
0%
0&
1'
#580150000000
1!
1"
0#
1%
1&
0'
b101 )
b10111011101010111011101100100001 .
#580200000000
0!
0"
1#
0%
0&
1'
#580250000000
1!
1"
0#
1%
1&
0'
b100 )
b10110000011011010101111010110000 .
#580300000000
0!
0"
1#
0%
0&
1'
#580350000000
1!
1"
0#
1%
1&
0'
b11 )
b01011000001101101010111101011000 .
#580400000000
0!
0"
1#
0%
0&
1'
#580450000000
1!
1"
0#
1%
1&
0'
b10 )
b00101100000110110101011110101100 .
#580500000000
0!
0"
1#
0%
0&
1'
#580550000000
1!
1"
0#
1%
1&
0'
b1 )
b00010110000011011010101111010110 .
#580600000000
0!
0"
1#
0%
0&
1'
#580650000000
1!
1"
0#
1%
1&
0'
b0 )
b00001011000001101101010111101011 .
#580700000000
0!
0"
1#
0%
0&
1'
#580750000000
1!
1"
0#
1%
1&
0'
b111 )
b10100 *
b11101000001110111110100111010101 .
#580800000000
0!
0"
1#
0%
0&
1'
#580850000000
1!
1"
0#
1%
1&
0'
b110 )
b10011001101001010111011111001010 .
#580900000000
0!
0"
1#
0%
0&
1'
#580950000000
1!
1"
0#
1%
1&
0'
b101 )
b01001100110100101011101111100101 .
#581000000000
0!
0"
1#
0%
0&
1'
#581050000000
1!
1"
0#
1%
1&
0'
b100 )
b11001011110100011101111011010010 .
#581100000000
0!
0"
1#
0%
0&
1'
#581150000000
1!
1"
0#
1%
1&
0'
b11 )
b01100101111010001110111101101001 .
#581200000000
0!
0"
1#
0%
0&
1'
#581250000000
1!
1"
0#
1%
1&
0'
b10 )
b11011111010011001111010010010100 .
#581300000000
0!
0"
1#
0%
0&
1'
#581350000000
1!
1"
0#
1%
1&
0'
b1 )
b01101111101001100111101001001010 .
#581400000000
0!
0"
1#
0%
0&
1'
#581450000000
1!
1"
0#
1%
1&
0'
b0 )
b00110111110100110011110100100101 .
#581500000000
0!
0"
1#
0%
0&
1'
#581550000000
1!
1"
0#
1%
1&
0'
b111 )
b10101 *
b11110110010100010001110110110010 .
#581600000000
0!
0"
1#
0%
0&
1'
#581650000000
1!
1"
0#
1%
1&
0'
b110 )
b01111011001010001000111011011001 .
#581700000000
0!
0"
1#
0%
0&
1'
#581750000000
1!
1"
0#
1%
1&
0'
b101 )
b11010000001011001100010001001100 .
#581800000000
0!
0"
1#
0%
0&
1'
#581850000000
1!
1"
0#
1%
1&
0'
b100 )
b01101000000101100110001000100110 .
#581900000000
0!
0"
1#
0%
0&
1'
#581950000000
1!
1"
0#
1%
1&
0'
b11 )
b00110100000010110011000100010011 .
#582000000000
0!
0"
1#
0%
0&
1'
#582050000000
1!
1"
0#
1%
1&
0'
b10 )
b11110111101111010001101110101001 .
#582100000000
0!
0"
1#
0%
0&
1'
#582150000000
1!
1"
0#
1%
1&
0'
b1 )
b10010110011001100000111011110100 .
#582200000000
0!
0"
1#
0%
0&
1'
#582250000000
1!
1"
0#
1%
1&
0'
b0 )
b01001011001100110000011101111010 .
#582300000000
0!
0"
1#
0%
0&
1'
#582350000000
1!
1"
0#
1%
1&
0'
b111 )
b10110 *
b00100101100110011000001110111101 .
#582400000000
0!
0"
1#
0%
0&
1'
#582450000000
1!
1"
0#
1%
1&
0'
b110 )
b11111111011101000100001011111110 .
#582500000000
0!
0"
1#
0%
0&
1'
#582550000000
1!
1"
0#
1%
1&
0'
b101 )
b01111111101110100010000101111111 .
#582600000000
0!
0"
1#
0%
0&
1'
#582650000000
1!
1"
0#
1%
1&
0'
b100 )
b11010010011001011001001110011111 .
#582700000000
0!
0"
1#
0%
0&
1'
#582750000000
1!
1"
0#
1%
1&
0'
b11 )
b10000100100010100100101011101111 .
#582800000000
0!
0"
1#
0%
0&
1'
#582850000000
1!
1"
0#
1%
1&
0'
b10 )
b10101111111111011010011001010111 .
#582900000000
0!
0"
1#
0%
0&
1'
#582950000000
1!
1"
0#
1%
1&
0'
b1 )
b10111010010001100101000000001011 .
#583000000000
0!
0"
1#
0%
0&
1'
#583050000000
1!
1"
0#
1%
1&
0'
b0 )
b10110000100110111010101100100101 .
#583100000000
0!
0"
1#
0%
0&
1'
#583150000000
1!
1"
0#
1%
1&
0'
b111 )
b10111 *
b10110101111101010101011010110010 .
#583200000000
0!
0"
1#
0%
0&
1'
#583250000000
1!
1"
0#
1%
1&
0'
b110 )
b01011010111110101010101101011001 .
#583300000000
0!
0"
1#
0%
0&
1'
#583350000000
1!
1"
0#
1%
1&
0'
b101 )
b11000000110001011101011010001100 .
#583400000000
0!
0"
1#
0%
0&
1'
#583450000000
1!
1"
0#
1%
1&
0'
b100 )
b01100000011000101110101101000110 .
#583500000000
0!
0"
1#
0%
0&
1'
#583550000000
1!
1"
0#
1%
1&
0'
b11 )
b00110000001100010111010110100011 .
#583600000000
0!
0"
1#
0%
0&
1'
#583650000000
1!
1"
0#
1%
1&
0'
b10 )
b11110101101000000011100111110001 .
#583700000000
0!
0"
1#
0%
0&
1'
#583750000000
1!
1"
0#
1%
1&
0'
b1 )
b10010111011010001001111111011000 .
#583800000000
0!
0"
1#
0%
0&
1'
#583850000000
1!
1"
0#
1%
1&
0'
b0 )
b01001011101101000100111111101100 .
#583900000000
0!
0"
1#
0%
0&
1'
#583950000000
1!
1"
0#
1%
1&
0'
b111 )
b11000 *
b00100101110110100010011111110110 .
#584000000000
0!
0"
1#
0%
0&
1'
#584050000000
1!
1"
0#
1%
1&
0'
b110 )
b00010010111011010001001111111011 .
#584100000000
0!
0"
1#
0%
0&
1'
#584150000000
1!
1"
0#
1%
1&
0'
b101 )
b11100100110011100000101011011101 .
#584200000000
0!
0"
1#
0%
0&
1'
#584250000000
1!
1"
0#
1%
1&
0'
b100 )
b10011111110111111000011001001110 .
#584300000000
0!
0"
1#
0%
0&
1'
#584350000000
1!
1"
0#
1%
1&
0'
b11 )
b01001111111011111100001100100111 .
#584400000000
0!
0"
1#
0%
0&
1'
#584450000000
1!
1"
0#
1%
1&
0'
b10 )
b11001010010011110110001010110011 .
#584500000000
0!
0"
1#
0%
0&
1'
#584550000000
1!
1"
0#
1%
1&
0'
b1 )
b10001000100111110011001001111001 .
#584600000000
0!
0"
1#
0%
0&
1'
#584650000000
1!
1"
0#
1%
1&
0'
b0 )
b10101001111101110001101000011100 .
#584700000000
0!
0"
1#
0%
0&
1'
#584750000000
1!
1"
0#
1%
1&
0'
b111 )
b11001 *
b01010100111110111000110100001110 .
#584800000000
0!
0"
1#
0%
0&
1'
#584850000000
1!
1"
0#
1%
1&
0'
b110 )
b00101010011111011100011010000111 .
#584900000000
0!
0"
1#
0%
0&
1'
#584950000000
1!
1"
0#
1%
1&
0'
b101 )
b11111000100001100110000001100011 .
#585000000000
0!
0"
1#
0%
0&
1'
#585050000000
1!
1"
0#
1%
1&
0'
b100 )
b10010001111110111011001100010001 .
#585100000000
0!
0"
1#
0%
0&
1'
#585150000000
1!
1"
0#
1%
1&
0'
b11 )
b10100101010001010101101010101000 .
#585200000000
0!
0"
1#
0%
0&
1'
#585250000000
1!
1"
0#
1%
1&
0'
b10 )
b01010010101000101010110101010100 .
#585300000000
0!
0"
1#
0%
0&
1'
#585350000000
1!
1"
0#
1%
1&
0'
b1 )
b00101001010100010101011010101010 .
#585400000000
0!
0"
1#
0%
0&
1'
#585450000000
1!
1"
0#
1%
1&
0'
b0 )
b00010100101010001010101101010101 .
#585500000000
0!
0"
1#
0%
0&
1'
#585550000000
1!
1"
0#
1%
1&
0'
b111 )
b11010 *
b11100111111011001101011010001010 .
#585600000000
0!
0"
1#
0%
0&
1'
#585650000000
1!
1"
0#
1%
1&
0'
b110 )
b01110011111101100110101101000101 .
#585700000000
0!
0"
1#
0%
0&
1'
#585750000000
1!
1"
0#
1%
1&
0'
b101 )
b11010100010000111011011010000010 .
#585800000000
0!
0"
1#
0%
0&
1'
#585850000000
1!
1"
0#
1%
1&
0'
b100 )
b01101010001000011101101101000001 .
#585900000000
0!
0"
1#
0%
0&
1'
#585950000000
1!
1"
0#
1%
1&
0'
b11 )
b11011000101010000110111010000000 .
#586000000000
0!
0"
1#
0%
0&
1'
#586050000000
1!
1"
0#
1%
1&
0'
b10 )
b01101100010101000011011101000000 .
#586100000000
0!
0"
1#
0%
0&
1'
#586150000000
1!
1"
0#
1%
1&
0'
b1 )
b00110110001010100001101110100000 .
#586200000000
0!
0"
1#
0%
0&
1'
#586250000000
1!
1"
0#
1%
1&
0'
b0 )
b00011011000101010000110111010000 .
#586300000000
0!
0"
1#
0%
0&
1'
#586350000000
1!
1"
0#
1%
1&
0'
b111 )
b11011 *
b00001101100010101000011011101000 .
#586400000000
0!
0"
1#
0%
0&
1'
#586450000000
1!
1"
0#
1%
1&
0'
b110 )
b00000110110001010100001101110100 .
#586500000000
0!
0"
1#
0%
0&
1'
#586550000000
1!
1"
0#
1%
1&
0'
b101 )
b00000011011000101010000110111010 .
#586600000000
0!
0"
1#
0%
0&
1'
#586650000000
1!
1"
0#
1%
1&
0'
b100 )
b00000001101100010101000011011101 .
#586700000000
0!
0"
1#
0%
0&
1'
#586750000000
1!
1"
0#
1%
1&
0'
b11 )
b11101101011000000010101101001110 .
#586800000000
0!
0"
1#
0%
0&
1'
#586850000000
1!
1"
0#
1%
1&
0'
b10 )
b01110110101100000001010110100111 .
#586900000000
0!
0"
1#
0%
0&
1'
#586950000000
1!
1"
0#
1%
1&
0'
b1 )
b11010110111000001000100111110011 .
#587000000000
0!
0"
1#
0%
0&
1'
#587050000000
1!
1"
0#
1%
1&
0'
b0 )
b10000110110010001100011111011001 .
#587100000000
0!
0"
1#
0%
0&
1'
#587150000000
1!
1"
0#
1%
1&
0'
b111 )
b11100 *
b10101110110111001110000011001100 .
#587200000000
0!
0"
1#
0%
0&
1'
#587250000000
1!
1"
0#
1%
1&
0'
b110 )
b01010111011011100111000001100110 .
#587300000000
0!
0"
1#
0%
0&
1'
#587350000000
1!
1"
0#
1%
1&
0'
b101 )
b00101011101101110011100000110011 .
#587400000000
0!
0"
1#
0%
0&
1'
#587450000000
1!
1"
0#
1%
1&
0'
b100 )
b11111000011000110001111100111001 .
#587500000000
0!
0"
1#
0%
0&
1'
#587550000000
1!
1"
0#
1%
1&
0'
b11 )
b10010001100010010000110010111100 .
#587600000000
0!
0"
1#
0%
0&
1'
#587650000000
1!
1"
0#
1%
1&
0'
b10 )
b01001000110001001000011001011110 .
#587700000000
0!
0"
1#
0%
0&
1'
#587750000000
1!
1"
0#
1%
1&
0'
b1 )
b00100100011000100100001100101111 .
#587800000000
0!
0"
1#
0%
0&
1'
#587850000000
1!
1"
0#
1%
1&
0'
b0 )
b11111111100010011010001010110111 .
#587900000000
0!
0"
1#
0%
0&
1'
#587950000000
1!
1"
0#
1%
1&
0'
b111 )
b11101 *
b10010010011111000101001001111011 .
#588000000000
0!
0"
1#
0%
0&
1'
#588050000000
1!
1"
0#
1%
1&
0'
b110 )
b10100100100001101010101000011101 .
#588100000000
0!
0"
1#
0%
0&
1'
#588150000000
1!
1"
0#
1%
1&
0'
b101 )
b10111111111110111101011000101110 .
#588200000000
0!
0"
1#
0%
0&
1'
#588250000000
1!
1"
0#
1%
1&
0'
b100 )
b01011111111111011110101100010111 .
#588300000000
0!
0"
1#
0%
0&
1'
#588350000000
1!
1"
0#
1%
1&
0'
b11 )
b11000010010001100111011010101011 .
#588400000000
0!
0"
1#
0%
0&
1'
#588450000000
1!
1"
0#
1%
1&
0'
b10 )
b10001100100110111011100001110101 .
#588500000000
0!
0"
1#
0%
0&
1'
#588550000000
1!
1"
0#
1%
1&
0'
b1 )
b10101011111101010101111100011010 .
#588600000000
0!
0"
1#
0%
0&
1'
#588650000000
1!
1"
0#
1%
1&
0'
b0 )
b01010101111110101010111110001101 .
#588700000000
0!
0"
1#
0%
0&
1'
#588750000000
1!
1"
0#
1%
1&
0'
b111 )
b11110 *
b11000111010001011101010011100110 .
#588800000000
0!
0"
1#
0%
0&
1'
#588850000000
1!
1"
0#
1%
1&
0'
b110 )
b01100011101000101110101001110011 .
#588900000000
0!
0"
1#
0%
0&
1'
#588950000000
1!
1"
0#
1%
1&
0'
b101 )
b11011100011010011111011000011001 .
#589000000000
0!
0"
1#
0%
0&
1'
#589050000000
1!
1"
0#
1%
1&
0'
b100 )
b10000011100011000111100000101100 .
#589100000000
0!
0"
1#
0%
0&
1'
#589150000000
1!
1"
0#
1%
1&
0'
b11 )
b01000001110001100011110000010110 .
#589200000000
0!
0"
1#
0%
0&
1'
#589250000000
1!
1"
0#
1%
1&
0'
b10 )
b00100000111000110001111000001011 .
#589300000000
0!
0"
1#
0%
0&
1'
#589350000000
1!
1"
0#
1%
1&
0'
b1 )
b11111101110010010000110000100101 .
#589400000000
0!
0"
1#
0%
0&
1'
#589450000000
1!
1"
0#
1%
1&
0'
b0 )
b10010011010111000000010100110010 .
#589500000000
0!
0"
1#
0%
0&
1'
#589550000000
1!
1"
0#
1%
1&
0'
b111 )
b11111 *
b01001001101011100000001010011001 .
#589600000000
0!
0"
1#
0%
0&
1'
#589650000000
1!
1"
0#
1%
1&
0'
b110 )
b11001001011011111000001001101100 .
#589700000000
0!
0"
1#
0%
0&
1'
#589750000000
1!
1"
0#
1%
1&
0'
b101 )
b01100100101101111100000100110110 .
#589800000000
0!
0"
1#
0%
0&
1'
#589850000000
1!
1"
0#
1%
1&
0'
b100 )
b00110010010110111110000010011011 .
#589900000000
0!
0"
1#
0%
0&
1'
#589950000000
1!
1"
0#
1%
1&
0'
b11 )
b11110100100101010111001101101101 .
#590000000000
0!
0"
1#
0%
0&
1'
#590050000000
1!
1"
0#
1%
1&
0'
b10 )
b10010111111100100011101010010110 .
#590100000000
0!
0"
1#
0%
0&
1'
#590150000000
1!
1"
0#
1%
1&
0'
b1 )
b01001011111110010001110101001011 .
#590200000000
0!
0"
1#
0%
0&
1'
#590250000000
1!
1"
0#
1%
1&
0'
b0 )
b11001000010001000000110110000101 .
#590300000000
0!
0"
1#
0%
0&
1'
#590350000000
1!
1"
0#
1%
1&
0'
b111 )
b100000 *
b10001001100110101000010111100010 .
#590400000000
0!
0"
1#
0%
0&
1'
#590450000000
1!
1"
0#
1%
1&
0'
b110 )
b01000100110011010100001011110001 .
#590500000000
0!
0"
1#
0%
0&
1'
#590550000000
1!
1"
0#
1%
1&
0'
b101 )
b11001111110111100010001001011000 .
#590600000000
0!
0"
1#
0%
0&
1'
#590650000000
1!
1"
0#
1%
1&
0'
b100 )
b01100111111011110001000100101100 .
#590700000000
0!
0"
1#
0%
0&
1'
#590750000000
1!
1"
0#
1%
1&
0'
b11 )
b00110011111101111000100010010110 .
#590800000000
0!
0"
1#
0%
0&
1'
#590850000000
1!
1"
0#
1%
1&
0'
b10 )
b00011001111110111100010001001011 .
#590900000000
0!
0"
1#
0%
0&
1'
#590950000000
1!
1"
0#
1%
1&
0'
b1 )
b11100001010001010110000100000101 .
#591000000000
0!
0"
1#
0%
0&
1'
#591050000000
1!
1"
0#
1%
1&
0'
b0 )
b10011101000110100011001110100010 .
#591100000000
0!
0"
1#
0%
0&
1'
#591150000000
1!
1"
0#
1%
1&
0'
b111 )
b100001 *
b01001110100011010001100111010001 .
#591200000000
0!
0"
1#
0%
0&
1'
#591250000000
1!
1"
0#
1%
1&
0'
b110 )
b11001010111111100000111111001000 .
#591300000000
0!
0"
1#
0%
0&
1'
#591350000000
1!
1"
0#
1%
1&
0'
b101 )
b01100101011111110000011111100100 .
#591400000000
0!
0"
1#
0%
0&
1'
#591450000000
1!
1"
0#
1%
1&
0'
b100 )
b00110010101111111000001111110010 .
#591500000000
0!
0"
1#
0%
0&
1'
#591550000000
1!
1"
0#
1%
1&
0'
b11 )
b00011001010111111100000111111001 .
#591600000000
0!
0"
1#
0%
0&
1'
#591650000000
1!
1"
0#
1%
1&
0'
b10 )
b11100001000101110110001111011100 .
#591700000000
0!
0"
1#
0%
0&
1'
#591750000000
1!
1"
0#
1%
1&
0'
b1 )
b01110000100010111011000111101110 .
#591800000000
0!
0"
1#
0%
0&
1'
#591850000000
1!
1"
0#
1%
1&
0'
b0 )
b00111000010001011101100011110111 .
#591900000000
0!
0"
1#
0%
0&
1'
#591950000000
1!
1"
0#
1%
1&
0'
b111 )
b100010 *
b11110001100110100110111101011011 .
#592000000000
0!
0"
1#
0%
0&
1'
#592050000000
1!
1"
0#
1%
1&
0'
b110 )
b10010101011101011011010010001101 .
#592100000000
0!
0"
1#
0%
0&
1'
#592150000000
1!
1"
0#
1%
1&
0'
b101 )
b10100111000000100101100101100110 .
#592200000000
0!
0"
1#
0%
0&
1'
#592250000000
1!
1"
0#
1%
1&
0'
b100 )
b01010011100000010010110010110011 .
#592300000000
0!
0"
1#
0%
0&
1'
#592350000000
1!
1"
0#
1%
1&
0'
b11 )
b11000100011110000001010101111001 .
#592400000000
0!
0"
1#
0%
0&
1'
#592450000000
1!
1"
0#
1%
1&
0'
b10 )
b10001111100001001000100110011100 .
#592500000000
0!
0"
1#
0%
0&
1'
#592550000000
1!
1"
0#
1%
1&
0'
b1 )
b01000111110000100100010011001110 .
#592600000000
0!
0"
1#
0%
0&
1'
#592650000000
1!
1"
0#
1%
1&
0'
b0 )
b00100011111000010010001001100111 .
#592700000000
0!
0"
1#
0%
0&
1'
#592750000000
1!
1"
0#
1%
1&
0'
b111 )
b100011 *
b11111100010010000001001000010011 .
#592800000000
0!
0"
1#
0%
0&
1'
#592850000000
1!
1"
0#
1%
1&
0'
b110 )
b10010011100111001000101000101001 .
#592900000000
0!
0"
1#
0%
0&
1'
#592950000000
1!
1"
0#
1%
1&
0'
b101 )
b10100100011101101100011000110100 .
#593000000000
0!
0"
1#
0%
0&
1'
#593050000000
1!
1"
0#
1%
1&
0'
b100 )
b01010010001110110110001100011010 .
#593100000000
0!
0"
1#
0%
0&
1'
#593150000000
1!
1"
0#
1%
1&
0'
b11 )
b00101001000111011011000110001101 .
#593200000000
0!
0"
1#
0%
0&
1'
#593250000000
1!
1"
0#
1%
1&
0'
b10 )
b11111001001101100101101111100110 .
#593300000000
0!
0"
1#
0%
0&
1'
#593350000000
1!
1"
0#
1%
1&
0'
b1 )
b01111100100110110010110111110011 .
#593400000000
0!
0"
1#
0%
0&
1'
#593450000000
1!
1"
0#
1%
1&
0'
b0 )
b11010011111101010001010111011001 .
#593500000000
0!
0"
1#
0%
0&
1'
#593550000000
1!
1"
0#
1%
1&
0'
b111 )
b100100 *
b10000100010000100000100111001100 .
#593600000000
0!
0"
1#
0%
0&
1'
#593650000000
1!
1"
0#
1%
1&
0'
b110 )
b01000010001000010000010011100110 .
#593700000000
0!
0"
1#
0%
0&
1'
#593750000000
1!
1"
0#
1%
1&
0'
b101 )
b00100001000100001000001001110011 .
#593800000000
0!
0"
1#
0%
0&
1'
#593850000000
1!
1"
0#
1%
1&
0'
b100 )
b11111101001100001100001000011001 .
#593900000000
0!
0"
1#
0%
0&
1'
#593950000000
1!
1"
0#
1%
1&
0'
b11 )
b10010011001000001110001000101100 .
#594000000000
0!
0"
1#
0%
0&
1'
#594050000000
1!
1"
0#
1%
1&
0'
b10 )
b01001001100100000111000100010110 .
#594100000000
0!
0"
1#
0%
0&
1'
#594150000000
1!
1"
0#
1%
1&
0'
b1 )
b00100100110010000011100010001011 .
#594200000000
0!
0"
1#
0%
0&
1'
#594250000000
1!
1"
0#
1%
1&
0'
b0 )
b11111111110111001001111101100101 .
#594300000000
0!
0"
1#
0%
0&
1'
#594350000000
1!
1"
0#
1%
1&
0'
b111 )
b100101 *
b10010010010101101100110010010010 .
#594400000000
0!
0"
1#
0%
0&
1'
#594450000000
1!
1"
0#
1%
1&
0'
b110 )
b01001001001010110110011001001001 .
#594500000000
0!
0"
1#
0%
0&
1'
#594550000000
1!
1"
0#
1%
1&
0'
b101 )
b11001001001011010011000000000100 .
#594600000000
0!
0"
1#
0%
0&
1'
#594650000000
1!
1"
0#
1%
1&
0'
b100 )
b01100100100101101001100000000010 .
#594700000000
0!
0"
1#
0%
0&
1'
#594750000000
1!
1"
0#
1%
1&
0'
b11 )
b00110010010010110100110000000001 .
#594800000000
0!
0"
1#
0%
0&
1'
#594850000000
1!
1"
0#
1%
1&
0'
b10 )
b11110100100111010010010100100000 .
#594900000000
0!
0"
1#
0%
0&
1'
#594950000000
1!
1"
0#
1%
1&
0'
b1 )
b01111010010011101001001010010000 .
#595000000000
0!
0"
1#
0%
0&
1'
#595050000000
1!
1"
0#
1%
1&
0'
b0 )
b00111101001001110100100101001000 .
#595100000000
0!
0"
1#
0%
0&
1'
#595150000000
1!
1"
0#
1%
1&
0'
b111 )
b100110 *
b00011110100100111010010010100100 .
#595200000000
0!
0"
1#
0%
0&
1'
#595250000000
1!
1"
0#
1%
1&
0'
b110 )
b00001111010010011101001001010010 .
#595300000000
0!
0"
1#
0%
0&
1'
#595350000000
1!
1"
0#
1%
1&
0'
b101 )
b00000111101001001110100100101001 .
#595400000000
0!
0"
1#
0%
0&
1'
#595450000000
1!
1"
0#
1%
1&
0'
b100 )
b11101110011010101111011110110100 .
#595500000000
0!
0"
1#
0%
0&
1'
#595550000000
1!
1"
0#
1%
1&
0'
b11 )
b01110111001101010111101111011010 .
#595600000000
0!
0"
1#
0%
0&
1'
#595650000000
1!
1"
0#
1%
1&
0'
b10 )
b00111011100110101011110111101101 .
#595700000000
0!
0"
1#
0%
0&
1'
#595750000000
1!
1"
0#
1%
1&
0'
b1 )
b11110000011101011101110111010110 .
#595800000000
0!
0"
1#
0%
0&
1'
#595850000000
1!
1"
0#
1%
1&
0'
b0 )
b01111000001110101110111011101011 .
#595900000000
0!
0"
1#
0%
0&
1'
#595950000000
1!
1"
0#
1%
1&
0'
b111 )
b100111 *
b11010001101001011111010001010101 .
#596000000000
0!
0"
1#
0%
0&
1'
#596050000000
1!
1"
0#
1%
1&
0'
b110 )
b10000101011010100111100100001010 .
#596100000000
0!
0"
1#
0%
0&
1'
#596150000000
1!
1"
0#
1%
1&
0'
b101 )
b01000010101101010011110010000101 .
#596200000000
0!
0"
1#
0%
0&
1'
#596250000000
1!
1"
0#
1%
1&
0'
b100 )
b11001100111000100001110101100010 .
#596300000000
0!
0"
1#
0%
0&
1'
#596350000000
1!
1"
0#
1%
1&
0'
b11 )
b01100110011100010000111010110001 .
#596400000000
0!
0"
1#
0%
0&
1'
#596450000000
1!
1"
0#
1%
1&
0'
b10 )
b11011110100000000000010001111000 .
#596500000000
0!
0"
1#
0%
0&
1'
#596550000000
1!
1"
0#
1%
1&
0'
b1 )
b01101111010000000000001000111100 .
#596600000000
0!
0"
1#
0%
0&
1'
#596650000000
1!
1"
0#
1%
1&
0'
b0 )
b00110111101000000000000100011110 .
#596700000000
0!
0"
1#
0%
0&
1'
#596750000000
1!
1"
0#
1%
1&
0'
b111 )
b101000 *
b00011011110100000000000010001111 .
#596800000000
0!
0"
1#
0%
0&
1'
#596850000000
1!
1"
0#
1%
1&
0'
b110 )
b11100000010100001000001101100111 .
#596900000000
0!
0"
1#
0%
0&
1'
#596950000000
1!
1"
0#
1%
1&
0'
b101 )
b10011101100100001100001010010011 .
#597000000000
0!
0"
1#
0%
0&
1'
#597050000000
1!
1"
0#
1%
1&
0'
b100 )
b10100011011100001110001001101001 .
#597100000000
0!
0"
1#
0%
0&
1'
#597150000000
1!
1"
0#
1%
1&
0'
b11 )
b10111100000000001111001000010100 .
#597200000000
0!
0"
1#
0%
0&
1'
#597250000000
1!
1"
0#
1%
1&
0'
b10 )
b01011110000000000111100100001010 .
#597300000000
0!
0"
1#
0%
0&
1'
#597350000000
1!
1"
0#
1%
1&
0'
b1 )
b00101111000000000011110010000101 .
#597400000000
0!
0"
1#
0%
0&
1'
#597450000000
1!
1"
0#
1%
1&
0'
b0 )
b11111010001110001001110101100010 .
#597500000000
0!
0"
1#
0%
0&
1'
#597550000000
1!
1"
0#
1%
1&
0'
b111 )
b101001 *
b01111101000111000100111010110001 .
#597600000000
0!
0"
1#
0%
0&
1'
#597650000000
1!
1"
0#
1%
1&
0'
b110 )
b11010011001101101010010001111000 .
#597700000000
0!
0"
1#
0%
0&
1'
#597750000000
1!
1"
0#
1%
1&
0'
b101 )
b01101001100110110101001000111100 .
#597800000000
0!
0"
1#
0%
0&
1'
#597850000000
1!
1"
0#
1%
1&
0'
b100 )
b00110100110011011010100100011110 .
#597900000000
0!
0"
1#
0%
0&
1'
#597950000000
1!
1"
0#
1%
1&
0'
b11 )
b00011010011001101101010010001111 .
#598000000000
0!
0"
1#
0%
0&
1'
#598050000000
1!
1"
0#
1%
1&
0'
b10 )
b11100000100010111110100101100111 .
#598100000000
0!
0"
1#
0%
0&
1'
#598150000000
1!
1"
0#
1%
1&
0'
b1 )
b10011101111111010111011110010011 .
#598200000000
0!
0"
1#
0%
0&
1'
#598250000000
1!
1"
0#
1%
1&
0'
b0 )
b10100011010001100011100011101001 .
#598300000000
0!
0"
1#
0%
0&
1'
#598350000000
1!
1"
0#
1%
1&
0'
b111 )
b101010 *
b10111100000110111001111101010100 .
#598400000000
0!
0"
1#
0%
0&
1'
#598450000000
1!
1"
0#
1%
1&
0'
b110 )
b01011110000011011100111110101010 .
#598500000000
0!
0"
1#
0%
0&
1'
#598550000000
1!
1"
0#
1%
1&
0'
b101 )
b00101111000001101110011111010101 .
#598600000000
0!
0"
1#
0%
0&
1'
#598650000000
1!
1"
0#
1%
1&
0'
b100 )
b11111010001110111111000011001010 .
#598700000000
0!
0"
1#
0%
0&
1'
#598750000000
1!
1"
0#
1%
1&
0'
b11 )
b01111101000111011111100001100101 .
#598800000000
0!
0"
1#
0%
0&
1'
#598850000000
1!
1"
0#
1%
1&
0'
b10 )
b11010011001101100111111100010010 .
#598900000000
0!
0"
1#
0%
0&
1'
#598950000000
1!
1"
0#
1%
1&
0'
b1 )
b01101001100110110011111110001001 .
#599000000000
0!
0"
1#
0%
0&
1'
#599050000000
1!
1"
0#
1%
1&
0'
b0 )
b11011001011101010001110011100100 .
#599100000000
0!
0"
1#
0%
0&
1'
#599150000000
1!
1"
0#
1%
1&
0'
b111 )
b101011 *
b01101100101110101000111001110010 .
#599200000000
0!
0"
1#
0%
0&
1'
#599250000000
1!
1"
0#
1%
1&
0'
b110 )
b00110110010111010100011100111001 .
#599300000000
0!
0"
1#
0%
0&
1'
#599350000000
1!
1"
0#
1%
1&
0'
b101 )
b11110110100101100010000010111100 .
#599400000000
0!
0"
1#
0%
0&
1'
#599450000000
1!
1"
0#
1%
1&
0'
b100 )
b01111011010010110001000001011110 .
#599500000000
0!
0"
1#
0%
0&
1'
#599550000000
1!
1"
0#
1%
1&
0'
b11 )
b00111101101001011000100000101111 .
#599600000000
0!
0"
1#
0%
0&
1'
#599650000000
1!
1"
0#
1%
1&
0'
b10 )
b11110011011010100100011100110111 .
#599700000000
0!
0"
1#
0%
0&
1'
#599750000000
1!
1"
0#
1%
1&
0'
b1 )
b10010100000011011010000010111011 .
#599800000000
0!
0"
1#
0%
0&
1'
#599850000000
1!
1"
0#
1%
1&
0'
b0 )
b10100111101111100101001101111101 .
#599900000000
0!
0"
1#
0%
0&
1'
#599950000000
1!
1"
0#
1%
1&
0'
b111 )
b101100 *
b10111110011001111010101010011110 .
#600000000000
0!
0"
1#
0%
0&
1'
#600050000000
1!
1"
0#
1%
1&
0'
b110 )
b01011111001100111101010101001111 .
#600100000000
0!
0"
1#
0%
0&
1'
#600150000000
1!
1"
0#
1%
1&
0'
b101 )
b11000010001000010110100110000111 .
#600200000000
0!
0"
1#
0%
0&
1'
#600250000000
1!
1"
0#
1%
1&
0'
b100 )
b10001100101010000011011111100011 .
#600300000000
0!
0"
1#
0%
0&
1'
#600350000000
1!
1"
0#
1%
1&
0'
b11 )
b10101011111011001001100011010001 .
#600400000000
0!
0"
1#
0%
0&
1'
#600450000000
1!
1"
0#
1%
1&
0'
b10 )
b10111000010011101100111101001000 .
#600500000000
0!
0"
1#
0%
0&
1'
#600550000000
1!
1"
0#
1%
1&
0'
b1 )
b01011100001001110110011110100100 .
#600600000000
0!
0"
1#
0%
0&
1'
#600650000000
1!
1"
0#
1%
1&
0'
b0 )
b00101110000100111011001111010010 .
#600700000000
0!
0"
1#
0%
0&
1'
#600750000000
1!
1"
0#
1%
1&
0'
b111 )
b101101 *
b00010111000010011101100111101001 .
#600800000000
0!
0"
1#
0%
0&
1'
#600850000000
1!
1"
0#
1%
1&
0'
b110 )
b11100110001111000110111111010100 .
#600900000000
0!
0"
1#
0%
0&
1'
#600950000000
1!
1"
0#
1%
1&
0'
b101 )
b01110011000111100011011111101010 .
#601000000000
0!
0"
1#
0%
0&
1'
#601050000000
1!
1"
0#
1%
1&
0'
b100 )
b00111001100011110001101111110101 .
#601100000000
0!
0"
1#
0%
0&
1'
#601150000000
1!
1"
0#
1%
1&
0'
b11 )
b11110001011111110000111011011010 .
#601200000000
0!
0"
1#
0%
0&
1'
#601250000000
1!
1"
0#
1%
1&
0'
b10 )
b01111000101111111000011101101101 .
#601300000000
0!
0"
1#
0%
0&
1'
#601350000000
1!
1"
0#
1%
1&
0'
b1 )
b11010001111001110100000010010110 .
#601400000000
0!
0"
1#
0%
0&
1'
#601450000000
1!
1"
0#
1%
1&
0'
b0 )
b01101000111100111010000001001011 .
#601500000000
0!
0"
1#
0%
0&
1'
#601550000000
1!
1"
0#
1%
1&
0'
b111 )
b0 *
b11011001110000010101001100000101 .
#601600000000
0!
0"
1#
0%
0&
1'
#601650000000
1!
1"
0#
1%
1&
0'
b1 ,
#601700000000
0!
0"
1#
0%
0&
1'
#601750000000
1!
1"
0#
1%
1&
0'
b10 ,
1-
#601800000000
0!
0"
0%
0&
#601850000000
1!
1"
1#
1%
1&
1'
b11 ,
0-
#601900000000
0!
0"
0%
0&
#601950000000
1!
1"
0#
1%
1&
0'
b100 ,
1-
#602000000000
0!
0"
0%
0&
#602050000000
1!
1"
1#
1%
1&
1'
b101 ,
#602100000000
0!
0"
0#
0%
0&
0'
#602150000000
1!
1"
1#
1%
1&
1'
b110 ,
#602200000000
0!
0"
0#
0%
0&
0'
#602250000000
1!
1"
1#
1%
1&
1'
b111 ,
#602300000000
0!
0"
0#
0%
0&
0'
#602350000000
1!
1"
1#
1%
1&
1'
b1000 ,
#602400000000
0!
0"
0#
0%
0&
0'
#602450000000
1!
1"
1#
1%
1&
1'
b1001 ,
0-
#602500000000
0!
0"
0%
0&
#602550000000
1!
1"
0#
1%
1&
0'
b1010 ,
#602600000000
0!
0"
1#
0%
0&
1'
#602650000000
1!
1"
0#
1%
1&
0'
b1011 ,
1-
#602700000000
0!
0"
0%
0&
#602750000000
1!
1"
1#
1%
1&
1'
b1100 ,
#602800000000
0!
0"
0#
0%
0&
0'
#602850000000
1!
1"
1#
1%
1&
1'
b1101 ,
0-
#602900000000
0!
0"
0%
0&
#602950000000
1!
1"
0#
1%
1&
0'
b1110 ,
1-
#603000000000
0!
0"
0%
0&
#603050000000
1!
1"
1#
1%
1&
1'
b1111 ,
0-
#603100000000
0!
0"
0%
0&
#603150000000
1!
1"
0#
1%
1&
0'
b10000 ,
1-
#603200000000
0!
0"
0%
0&
#603250000000
1!
1"
1#
1%
1&
1'
b10001 ,
0-
#603300000000
0!
0"
0%
0&
#603350000000
1!
1"
0#
1%
1&
0'
b10010 ,
1-
#603400000000
0!
0"
0%
0&
#603450000000
1!
1"
1#
1%
1&
1'
b10011 ,
#603500000000
0!
0"
0#
0%
0&
0'
#603550000000
1!
1"
1#
1%
1&
1'
b10100 ,
#603600000000
0!
0"
0#
0%
0&
0'
#603650000000
1!
1"
1#
1%
1&
1'
b10101 ,
#603700000000
0!
0"
0#
0%
0&
0'
#603750000000
1!
1"
1#
1%
1&
1'
b10110 ,
#603800000000
0!
0"
0#
0%
0&
0'
#603850000000
1!
1"
1#
1%
1&
1'
b10111 ,
0-
#603900000000
0!
0"
0%
0&
#603950000000
1!
1"
0#
1%
1&
0'
b11000 ,
#604000000000
0!
0"
1#
0%
0&
1'
#604050000000
1!
1"
0#
1%
1&
0'
b11001 ,
#604100000000
0!
0"
1#
0%
0&
1'
#604150000000
1!
1"
0#
1%
1&
0'
b11010 ,
1-
#604200000000
0!
0"
0%
0&
#604250000000
1!
1"
1#
1%
1&
1'
b11011 ,
#604300000000
0!
0"
0#
0%
0&
0'
#604350000000
1!
1"
1#
1%
1&
1'
b11100 ,
0-
#604400000000
0!
0"
0%
0&
#604450000000
1!
1"
0#
1%
1&
0'
b11101 ,
#604500000000
0!
0"
1#
0%
0&
1'
#604550000000
1!
1"
0#
1%
1&
0'
b11110 ,
1-
#604600000000
0!
0"
0%
0&
#604650000000
1!
1"
1#
1%
1&
1'
b11111 ,
0-
#604700000000
0!
0"
0%
0&
#604750000000
1!
1"
0#
0$
1%
1&
0'
0(
b0 ,
#604800000000
0!
0"
0%
0&
#604850000000
1!
1"
1%
1&
b1 +
#604900000000
0!
0"
0%
0&
#604950000000
1!
1"
1%
1&
b10 +
#605000000000
0!
0"
0%
0&
#605050000000
1!
1"
1%
1&
b11 +
#605100000000
0!
0"
0%
0&
#605150000000
1!
1"
1%
1&
b100 +
#605200000000
0!
0"
0%
0&
#605250000000
1!
1"
1%
1&
b101 +
#605300000000
0!
0"
0%
0&
#605350000000
1!
1"
1%
1&
b110 +
#605400000000
0!
0"
0%
0&
#605450000000
1!
1"
1%
1&
b111 +
#605500000000
0!
0"
0%
0&
#605550000000
1!
1"
1%
1&
b1000 +
#605600000000
0!
0"
0%
0&
#605650000000
1!
1"
1%
1&
b1001 +
#605700000000
0!
0"
0%
0&
#605750000000
1!
1"
1%
1&
b1010 +
#605800000000
0!
0"
0%
0&
#605850000000
1!
1"
1%
1&
b1011 +
#605900000000
0!
0"
0%
0&
#605950000000
1!
1"
1%
1&
b1100 +
#606000000000
0!
0"
0%
0&
#606050000000
1!
1"
1%
1&
b1101 +
#606100000000
0!
0"
0%
0&
#606150000000
1!
1"
1%
1&
b1110 +
#606200000000
0!
0"
0%
0&
#606250000000
1!
1"
1%
1&
b1111 +
#606300000000
0!
0"
0%
0&
#606350000000
1!
1"
1%
1&
b10000 +
#606400000000
0!
0"
0%
0&
#606450000000
1!
1"
1%
1&
b10001 +
#606500000000
0!
0"
0%
0&
#606550000000
1!
1"
1%
1&
b10010 +
#606600000000
0!
0"
0%
0&
#606650000000
1!
1"
1%
1&
b10011 +
#606700000000
0!
0"
0%
0&
#606750000000
1!
1"
1%
1&
b10100 +
#606800000000
0!
0"
0%
0&
#606850000000
1!
1"
1%
1&
b10101 +
#606900000000
0!
0"
0%
0&
#606950000000
1!
1"
1%
1&
b10110 +
#607000000000
0!
0"
0%
0&
#607050000000
1!
1"
1%
1&
b10111 +
#607100000000
0!
0"
0%
0&
#607150000000
1!
1"
1%
1&
b11000 +
#607200000000
0!
0"
0%
0&
#607250000000
1!
1"
1%
1&
b11001 +
#607300000000
0!
0"
0%
0&
#607350000000
1!
1"
1%
1&
b11010 +
#607400000000
0!
0"
0%
0&
#607450000000
1!
1"
1%
1&
b11011 +
#607500000000
0!
0"
0%
0&
#607550000000
1!
1"
1%
1&
b11100 +
#607600000000
0!
0"
0%
0&
#607650000000
1!
1"
1%
1&
b11101 +
#607700000000
0!
0"
0%
0&
#607750000000
1!
1"
1%
1&
b11110 +
#607800000000
0!
0"
0%
0&
#607850000000
1!
1"
1%
1&
b11111 +
#607900000000
0!
0"
0%
0&
#607950000000
1!
1"
1%
1&
b100000 +
#608000000000
0!
0"
0%
0&
#608050000000
1!
1"
1%
1&
b100001 +
#608100000000
0!
0"
0%
0&
#608150000000
1!
1"
1%
1&
b100010 +
#608200000000
0!
0"
0%
0&
#608250000000
1!
1"
1%
1&
b100011 +
#608300000000
0!
0"
0%
0&
#608350000000
1!
1"
1%
1&
b100100 +
#608400000000
0!
0"
0%
0&
#608450000000
1!
1"
1%
1&
b100101 +
#608500000000
0!
0"
0%
0&
#608550000000
1!
1"
1%
1&
b100110 +
#608600000000
0!
0"
0%
0&
#608650000000
1!
1"
1%
1&
b100111 +
#608700000000
0!
0"
0%
0&
#608750000000
1!
1"
1%
1&
b101000 +
#608800000000
0!
0"
0%
0&
#608850000000
1!
1"
1%
1&
b101001 +
#608900000000
0!
0"
0%
0&
#608950000000
1!
1"
1%
1&
b101010 +
#609000000000
0!
0"
0%
0&
#609050000000
1!
1"
1%
1&
b101011 +
#609100000000
0!
0"
0%
0&
#609150000000
1!
1"
1%
1&
b101100 +
#609200000000
0!
0"
0%
0&
#609250000000
1!
1"
1%
1&
b101101 +
#609300000000
0!
0"
0%
0&
#609350000000
1!
1"
1%
1&
b101110 +
#609400000000
0!
0"
0%
0&
#609450000000
1!
1"
1%
1&
b101111 +
#609500000000
0!
0"
0%
0&
#609550000000
1!
1"
1%
1&
b110000 +
#609600000000
0!
0"
0%
0&
#609650000000
1!
1"
1%
1&
b110001 +
#609700000000
0!
0"
0%
0&
#609750000000
1!
1"
1%
1&
b110010 +
#609800000000
0!
0"
0%
0&
#609850000000
1!
1"
1%
1&
b110011 +
#609900000000
0!
0"
0%
0&
#609950000000
1!
1"
1%
1&
b110100 +
#610000000000
0!
0"
0%
0&
#610050000000
1!
1"
1%
1&
b110101 +
#610100000000
0!
0"
0%
0&
#610150000000
1!
1"
1%
1&
b110110 +
#610200000000
0!
0"
0%
0&
#610250000000
1!
1"
1%
1&
b110111 +
#610300000000
0!
0"
0%
0&
#610350000000
1!
1"
1%
1&
b111000 +
#610400000000
0!
0"
0%
0&
#610450000000
1!
1"
1%
1&
b111001 +
#610500000000
0!
0"
0%
0&
#610550000000
1!
1"
1%
1&
b111010 +
#610600000000
0!
0"
0%
0&
#610650000000
1!
1"
1%
1&
b111011 +
#610700000000
0!
0"
0%
0&
#610750000000
1!
1"
1%
1&
b111100 +
#610800000000
0!
0"
0%
0&
#610850000000
1!
1"
1%
1&
b111101 +
#610900000000
0!
0"
0%
0&
#610950000000
1!
1"
1%
1&
b111110 +
#611000000000
0!
0"
0%
0&
#611050000000
1!
1"
1%
1&
b111111 +
#611100000000
0!
0"
0%
0&
#611150000000
1!
1"
1%
1&
b1000000 +
#611200000000
0!
0"
0%
0&
#611250000000
1!
1"
1%
1&
b1000001 +
#611300000000
0!
0"
0%
0&
#611350000000
1!
1"
1%
1&
b1000010 +
#611400000000
0!
0"
0%
0&
#611450000000
1!
1"
1%
1&
b1000011 +
#611500000000
0!
0"
0%
0&
#611550000000
1!
1"
1%
1&
b1000100 +
#611600000000
0!
0"
0%
0&
#611650000000
1!
1"
1%
1&
b1000101 +
#611700000000
0!
0"
0%
0&
#611750000000
1!
1"
1%
1&
b1000110 +
#611800000000
0!
0"
0%
0&
#611850000000
1!
1"
1%
1&
b1000111 +
#611900000000
0!
0"
0%
0&
#611950000000
1!
1"
1%
1&
b1001000 +
#612000000000
0!
0"
0%
0&
#612050000000
1!
1"
1%
1&
b1001001 +
#612100000000
0!
0"
0%
0&
#612150000000
1!
1"
1%
1&
b1001010 +
#612200000000
0!
0"
0%
0&
#612250000000
1!
1"
1%
1&
b1001011 +
#612300000000
0!
0"
0%
0&
#612350000000
1!
1"
1%
1&
b1001100 +
#612400000000
0!
0"
0%
0&
#612450000000
1!
1"
1%
1&
b1001101 +
#612500000000
0!
0"
0%
0&
#612550000000
1!
1"
1%
1&
b1001110 +
#612600000000
0!
0"
0%
0&
#612650000000
1!
1"
1%
1&
b1001111 +
#612700000000
0!
0"
0%
0&
#612750000000
1!
1"
1%
1&
b1010000 +
#612800000000
0!
0"
0%
0&
#612850000000
1!
1"
1%
1&
b1010001 +
#612900000000
0!
0"
0%
0&
#612950000000
1!
1"
1%
1&
b1010010 +
#613000000000
0!
0"
0%
0&
#613050000000
1!
1"
1%
1&
b1010011 +
#613100000000
0!
0"
0%
0&
#613150000000
1!
1"
1%
1&
b1010100 +
#613200000000
0!
0"
0%
0&
#613250000000
1!
1"
1%
1&
b1010101 +
#613300000000
0!
0"
0%
0&
#613350000000
1!
1"
1%
1&
b1010110 +
#613400000000
0!
0"
0%
0&
#613450000000
1!
1"
1%
1&
b1010111 +
#613500000000
0!
0"
0%
0&
#613550000000
1!
1"
1%
1&
b1011000 +
#613600000000
0!
0"
0%
0&
#613650000000
1!
1"
1%
1&
b1011001 +
#613700000000
0!
0"
0%
0&
#613750000000
1!
1"
1%
1&
b1011010 +
#613800000000
0!
0"
0%
0&
#613850000000
1!
1"
1%
1&
b1011011 +
#613900000000
0!
0"
0%
0&
#613950000000
1!
1"
1%
1&
b1011100 +
#614000000000
0!
0"
0%
0&
#614050000000
1!
1"
1%
1&
b1011101 +
#614100000000
0!
0"
0%
0&
#614150000000
1!
1"
1%
1&
b1011110 +
#614200000000
0!
0"
0%
0&
#614250000000
1!
1"
1%
1&
b1011111 +
#614300000000
0!
0"
0%
0&
#614350000000
1!
1"
1$
1%
1&
1(
b0 +
#614400000000
0!
0"
1#
0%
0&
1'
#614450000000
1!
1"
0#
1%
1&
0'
b110 )
1-
#614500000000
0!
0"
0%
0&
#614550000000
1!
1"
1#
1%
1&
1'
b101 )
0-
#614600000000
0!
0"
0%
0&
#614650000000
1!
1"
0#
1%
1&
0'
b100 )
1-
#614700000000
0!
0"
0%
0&
#614750000000
1!
1"
1#
1%
1&
1'
b11 )
0-
#614800000000
0!
0"
0%
0&
#614850000000
1!
1"
0#
1%
1&
0'
b10 )
1-
#614900000000
0!
0"
0%
0&
#614950000000
1!
1"
1#
1%
1&
1'
b1 )
0-
#615000000000
0!
0"
0%
0&
#615050000000
1!
1"
0#
1%
1&
0'
b0 )
1-
#615100000000
0!
0"
0%
0&
#615150000000
1!
1"
1#
1%
1&
1'
b111 )
b1 *
0-
#615200000000
0!
0"
0%
0&
#615250000000
1!
1"
0#
1%
1&
0'
b110 )
1-
#615300000000
0!
0"
0%
0&
#615350000000
1!
1"
1#
1%
1&
1'
b101 )
0-
#615400000000
0!
0"
0%
0&
#615450000000
1!
1"
0#
1%
1&
0'
b100 )
1-
#615500000000
0!
0"
0%
0&
#615550000000
1!
1"
1#
1%
1&
1'
b11 )
0-
#615600000000
0!
0"
0%
0&
#615650000000
1!
1"
0#
1%
1&
0'
b10 )
1-
#615700000000
0!
0"
0%
0&
#615750000000
1!
1"
1#
1%
1&
1'
b1 )
0-
#615800000000
0!
0"
0%
0&
#615850000000
1!
1"
0#
1%
1&
0'
b0 )
1-
#615900000000
0!
0"
0%
0&
#615950000000
1!
1"
1#
1%
1&
1'
b111 )
b10 *
0-
#616000000000
0!
0"
0%
0&
#616050000000
1!
1"
0#
1%
1&
0'
b110 )
1-
#616100000000
0!
0"
0%
0&
#616150000000
1!
1"
1#
1%
1&
1'
b101 )
0-
#616200000000
0!
0"
0%
0&
#616250000000
1!
1"
0#
1%
1&
0'
b100 )
1-
#616300000000
0!
0"
0%
0&
#616350000000
1!
1"
1#
1%
1&
1'
b11 )
0-
#616400000000
0!
0"
0%
0&
#616450000000
1!
1"
0#
1%
1&
0'
b10 )
1-
#616500000000
0!
0"
0%
0&
#616550000000
1!
1"
1#
1%
1&
1'
b1 )
0-
#616600000000
0!
0"
0%
0&
#616650000000
1!
1"
0#
1%
1&
0'
b0 )
1-
#616700000000
0!
0"
0%
0&
#616750000000
1!
1"
1#
1%
1&
1'
b111 )
b11 *
0-
#616800000000
0!
0"
0%
0&
#616850000000
1!
1"
0#
1%
1&
0'
b110 )
1-
#616900000000
0!
0"
0%
0&
#616950000000
1!
1"
1#
1%
1&
1'
b101 )
0-
#617000000000
0!
0"
0%
0&
#617050000000
1!
1"
0#
1%
1&
0'
b100 )
1-
#617100000000
0!
0"
0%
0&
#617150000000
1!
1"
1#
1%
1&
1'
b11 )
0-
#617200000000
0!
0"
0%
0&
#617250000000
1!
1"
0#
1%
1&
0'
b10 )
1-
#617300000000
0!
0"
0%
0&
#617350000000
1!
1"
1#
1%
1&
1'
b1 )
0-
#617400000000
0!
0"
0%
0&
#617450000000
1!
1"
0#
1%
1&
0'
b0 )
1-
#617500000000
0!
0"
0%
0&
#617550000000
1!
1"
1#
1%
1&
1'
b111 )
b100 *
0-
#617600000000
0!
0"
0%
0&
#617650000000
1!
1"
0#
1%
1&
0'
b110 )
1-
#617700000000
0!
0"
0%
0&
#617750000000
1!
1"
1#
1%
1&
1'
b101 )
0-
#617800000000
0!
0"
0%
0&
#617850000000
1!
1"
0#
1%
1&
0'
b100 )
1-
#617900000000
0!
0"
0%
0&
#617950000000
1!
1"
1#
1%
1&
1'
b11 )
0-
#618000000000
0!
0"
0%
0&
#618050000000
1!
1"
0#
1%
1&
0'
b10 )
1-
#618100000000
0!
0"
0%
0&
#618150000000
1!
1"
1#
1%
1&
1'
b1 )
0-
#618200000000
0!
0"
0%
0&
#618250000000
1!
1"
0#
1%
1&
0'
b0 )
1-
#618300000000
0!
0"
0%
0&
#618350000000
1!
1"
1#
1%
1&
1'
b111 )
b101 *
0-
#618400000000
0!
0"
0%
0&
#618450000000
1!
1"
0#
1%
1&
0'
b110 )
1-
#618500000000
0!
0"
0%
0&
#618550000000
1!
1"
1#
1%
1&
1'
b101 )
0-
#618600000000
0!
0"
0%
0&
#618650000000
1!
1"
0#
1%
1&
0'
b100 )
1-
#618700000000
0!
0"
0%
0&
#618750000000
1!
1"
1#
1%
1&
1'
b11 )
0-
#618800000000
0!
0"
0%
0&
#618850000000
1!
1"
0#
1%
1&
0'
b10 )
1-
#618900000000
0!
0"
0%
0&
#618950000000
1!
1"
1#
1%
1&
1'
b1 )
0-
#619000000000
0!
0"
0%
0&
#619050000000
1!
1"
0#
1%
1&
0'
b0 )
1-
#619100000000
0!
0"
0%
0&
#619150000000
1!
1"
1#
1%
1&
1'
b111 )
b110 *
0-
#619200000000
0!
0"
0%
0&
#619250000000
1!
1"
0#
1%
1&
0'
b110 )
1-
#619300000000
0!
0"
0%
0&
#619350000000
1!
1"
1#
1%
1&
1'
b101 )
0-
#619400000000
0!
0"
0%
0&
#619450000000
1!
1"
0#
1%
1&
0'
b100 )
1-
#619500000000
0!
0"
0%
0&
#619550000000
1!
1"
1#
1%
1&
1'
b11 )
0-
#619600000000
0!
0"
0%
0&
#619650000000
1!
1"
0#
1%
1&
0'
b10 )
1-
#619700000000
0!
0"
0%
0&
#619750000000
1!
1"
1#
1%
1&
1'
b1 )
0-
#619800000000
0!
0"
0%
0&
#619850000000
1!
1"
0#
1%
1&
0'
b0 )
1-
#619900000000
0!
0"
0%
0&
#619950000000
1!
1"
1#
1%
1&
1'
b111 )
b0 *
0-
#620000000000
0!
0"
0%
0&
#620050000000
1!
1"
0#
1%
1&
0'
b110 )
1-
#620100000000
0!
0"
0%
0&
#620150000000
1!
1"
1#
1%
1&
1'
b101 )
0-
#620200000000
0!
0"
0%
0&
#620250000000
1!
1"
0#
1%
1&
0'
b100 )
1-
#620300000000
0!
0"
0%
0&
#620350000000
1!
1"
1#
1%
1&
1'
b11 )
0-
#620400000000
0!
0"
0%
0&
#620450000000
1!
1"
0#
1%
1&
0'
b10 )
1-
#620500000000
0!
0"
0%
0&
#620550000000
1!
1"
1#
1%
1&
1'
b1 )
0-
#620600000000
0!
0"
0%
0&
#620650000000
1!
1"
0#
1%
1&
0'
b0 )
1-
#620700000000
0!
0"
0%
0&
#620750000000
1!
1"
1#
1%
1&
1'
b111 )
b11111111111111111111111111111111 .
#620800000000
0!
0"
0#
0%
0&
0'
#620850000000
1!
1"
1#
1%
1&
1'
b110 )
b01111111111111111111111111111111 .
#620900000000
0!
0"
0#
0%
0&
0'
#620950000000
1!
1"
1#
1%
1&
1'
b101 )
b00111111111111111111111111111111 .
#621000000000
0!
0"
0#
0%
0&
0'
#621050000000
1!
1"
1#
1%
1&
1'
b100 )
b00011111111111111111111111111111 .
#621100000000
0!
0"
0#
0%
0&
0'
#621150000000
1!
1"
1#
1%
1&
1'
b11 )
b00001111111111111111111111111111 .
#621200000000
0!
0"
0#
0%
0&
0'
#621250000000
1!
1"
1#
1%
1&
1'
b10 )
b00000111111111111111111111111111 .
#621300000000
0!
0"
0#
0%
0&
0'
#621350000000
1!
1"
1#
1%
1&
1'
b1 )
b00000011111111111111111111111111 .
#621400000000
0!
0"
0#
0%
0&
0'
#621450000000
1!
1"
1#
1%
1&
1'
b0 )
b00000001111111111111111111111111 .
#621500000000
0!
0"
0#
0%
0&
0'
#621550000000
1!
1"
1#
1%
1&
1'
b111 )
b1 *
b00000000111111111111111111111111 .
#621600000000
0!
0"
0#
0%
0&
0'
#621650000000
1!
1"
1#
1%
1&
1'
b110 )
b00000000011111111111111111111111 .
#621700000000
0!
0"
0#
0%
0&
0'
#621750000000
1!
1"
1#
1%
1&
1'
b101 )
b00000000001111111111111111111111 .
#621800000000
0!
0"
0#
0%
0&
0'
#621850000000
1!
1"
1#
1%
1&
1'
b100 )
b00000000000111111111111111111111 .
#621900000000
0!
0"
0#
0%
0&
0'
#621950000000
1!
1"
1#
1%
1&
1'
b11 )
b00000000000011111111111111111111 .
#622000000000
0!
0"
0#
0%
0&
0'
#622050000000
1!
1"
1#
1%
1&
1'
b10 )
b00000000000001111111111111111111 .
#622100000000
0!
0"
0#
0%
0&
0'
#622150000000
1!
1"
1#
1%
1&
1'
b1 )
b00000000000000111111111111111111 .
#622200000000
0!
0"
0#
0%
0&
0'
#622250000000
1!
1"
1#
1%
1&
1'
b0 )
b00000000000000011111111111111111 .
#622300000000
0!
0"
0#
0%
0&
0'
#622350000000
1!
1"
1#
1%
1&
1'
b111 )
b10 *
b00000000000000001111111111111111 .
#622400000000
0!
0"
0#
0%
0&
0'
#622450000000
1!
1"
1#
1%
1&
1'
b110 )
b00000000000000000111111111111111 .
#622500000000
0!
0"
0#
0%
0&
0'
#622550000000
1!
1"
1#
1%
1&
1'
b101 )
b00000000000000000011111111111111 .
#622600000000
0!
0"
0#
0%
0&
0'
#622650000000
1!
1"
1#
1%
1&
1'
b100 )
b00000000000000000001111111111111 .
#622700000000
0!
0"
0#
0%
0&
0'
#622750000000
1!
1"
1#
1%
1&
1'
b11 )
b00000000000000000000111111111111 .
#622800000000
0!
0"
0#
0%
0&
0'
#622850000000
1!
1"
1#
1%
1&
1'
b10 )
b00000000000000000000011111111111 .
#622900000000
0!
0"
0#
0%
0&
0'
#622950000000
1!
1"
1#
1%
1&
1'
b1 )
b00000000000000000000001111111111 .
#623000000000
0!
0"
0#
0%
0&
0'
#623050000000
1!
1"
1#
1%
1&
1'
b0 )
b00000000000000000000000111111111 .
#623100000000
0!
0"
0#
0%
0&
0'
#623150000000
1!
1"
1#
1%
1&
1'
b111 )
b11 *
b00000000000000000000000011111111 .
#623200000000
0!
0"
0#
0%
0&
0'
#623250000000
1!
1"
1#
1%
1&
1'
b110 )
b00000000000000000000000001111111 .
#623300000000
0!
0"
0#
0%
0&
0'
#623350000000
1!
1"
1#
1%
1&
1'
b101 )
b00000000000000000000000000111111 .
#623400000000
0!
0"
0#
0%
0&
0'
#623450000000
1!
1"
1#
1%
1&
1'
b100 )
b00000000000000000000000000011111 .
#623500000000
0!
0"
0#
0%
0&
0'
#623550000000
1!
1"
1#
1%
1&
1'
b11 )
b00000000000000000000000000001111 .
#623600000000
0!
0"
0#
0%
0&
0'
#623650000000
1!
1"
1#
1%
1&
1'
b10 )
b00000000000000000000000000000111 .
#623700000000
0!
0"
0#
0%
0&
0'
#623750000000
1!
1"
1#
1%
1&
1'
b1 )
b00000000000000000000000000000011 .
#623800000000
0!
0"
0#
0%
0&
0'
#623850000000
1!
1"
1#
1%
1&
1'
b0 )
b00000000000000000000000000000001 .
#623900000000
0!
0"
0#
0%
0&
0'
#623950000000
1!
1"
1#
1%
1&
1'
b111 )
b100 *
b00000000000000000000000000000000 .
#624000000000
0!
0"
0#
0%
0&
0'
#624050000000
1!
1"
1#
1%
1&
1'
b110 )
b11101101101110001000001100100000 .
#624100000000
0!
0"
0#
0%
0&
0'
#624150000000
1!
1"
1#
1%
1&
1'
b101 )
b10011011011001001100001010110000 .
#624200000000
0!
0"
0#
0%
0&
0'
#624250000000
1!
1"
1#
1%
1&
1'
b100 )
b10100000000010101110001001111000 .
#624300000000
0!
0"
0#
0%
0&
0'
#624350000000
1!
1"
1#
1%
1&
1'
b11 )
b10111101101111011111001000011100 .
#624400000000
0!
0"
0#
0%
0&
0'
#624450000000
1!
1"
1#
1%
1&
1'
b10 )
b10110011011001100111101000101110 .
#624500000000
0!
0"
0#
0%
0&
0'
#624550000000
1!
1"
1#
1%
1&
1'
b1 )
b10110100000010111011111000110111 .
#624600000000
0!
0"
0#
0%
0&
0'
#624650000000
1!
1"
1#
1%
1&
1'
b0 )
b01011010000001011101111100011011 .
#624700000000
0!
0"
0#
0%
0&
0'
#624750000000
1!
1"
1#
1%
1&
1'
b111 )
b101 *
b00101101000000101110111110001101 .
#624800000000
0!
0"
0#
0%
0&
0'
#624850000000
1!
1"
1#
1%
1&
1'
b110 )
b00010110100000010111011111000110 .
#624900000000
0!
0"
0#
0%
0&
0'
#624950000000
1!
1"
1#
1%
1&
1'
b101 )
b11100110111110000011100011000011 .
#625000000000
0!
0"
0#
0%
0&
0'
#625050000000
1!
1"
1#
1%
1&
1'
b100 )
b01110011011111000001110001100001 .
#625100000000
0!
0"
0#
0%
0&
0'
#625150000000
1!
1"
1#
1%
1&
1'
b11 )
b00111001101111100000111000110000 .
#625200000000
0!
0"
0#
0%
0&
0'
#625250000000
1!
1"
1#
1%
1&
1'
b10 )
b11110001011001111000010000111000 .
#625300000000
0!
0"
0#
0%
0&
0'
#625350000000
1!
1"
1#
1%
1&
1'
b1 )
b10010101000010110100000100111100 .
#625400000000
0!
0"
0#
0%
0&
0'
#625450000000
1!
1"
1#
1%
1&
1'
b0 )
b10100111001111010010001110111110 .
#625500000000
0!
0"
0#
0%
0&
0'
#625550000000
1!
1"
1#
1%
1&
1'
b111 )
b0 *
b10111110001001100001001011111111 .
#625600000000
0!
0"
0#
0%
0&
0'
#625650000000
1!
1"
1#
1%
1&
1'
b110 )
0-
b10110010101010111000101001011111 .
#625700000000
0!
0"
0%
0&
#625750000000
1!
1"
0#
1%
1&
0'
b101 )
b10110100111011010100011000001111 .
#625800000000
0!
0"
1#
0%
0&
1'
#625850000000
1!
1"
0#
1%
1&
0'
b100 )
b10110111110011100010000000100111 .
#625900000000
0!
0"
1#
0%
0&
1'
#625950000000
1!
1"
0#
1%
1&
0'
b11 )
b10110110010111111001001100110011 .
#626000000000
0!
0"
1#
0%
0&
1'
#626050000000
1!
1"
0#
1%
1&
0'
b10 )
1-
b01011011001011111100100110011001 .
#626100000000
0!
0"
0%
0&
#626150000000
1!
1"
1#
1%
1&
1'
b1 )
0-
b11000000001011110110011111101100 .
#626200000000
0!
0"
0%
0&
#626250000000
1!
1"
0#
1%
1&
0'
b0 )
b01100000000101111011001111110110 .
#626300000000
0!
0"
1#
0%
0&
1'
#626350000000
1!
1"
0#
1%
1&
0'
b111 )
b1 *
b00110000000010111101100111111011 .
#626400000000
0!
0"
1#
0%
0&
1'
#626450000000
1!
1"
0#
1%
1&
0'
b110 )
b11110101101111010110111111011101 .
#626500000000
0!
0"
1#
0%
0&
1'
#626550000000
1!
1"
0#
1%
1&
0'
b101 )
1-
b01111010110111101011011111101110 .
#626600000000
0!
0"
0%
0&
#626650000000
1!
1"
1#
1%
1&
1'
b100 )
0-
b00111101011011110101101111110111 .
#626700000000
0!
0"
0%
0&
#626750000000
1!
1"
0#
1%
1&
0'
b11 )
b11110011000011110010111011011011 .
#626800000000
0!
0"
1#
0%
0&
1'
#626850000000
1!
1"
0#
1%
1&
0'
b10 )
b10010100001111110001010001001101 .
#626900000000
0!
0"
1#
0%
0&
1'
#626950000000
1!
1"
0#
1%
1&
0'
b1 )
b10100111101001110000100100000110 .
#627000000000
0!
0"
1#
0%
0&
1'
#627050000000
1!
1"
0#
1%
1&
0'
b0 )
b01010011110100111000010010000011 .
#627100000000
0!
0"
1#
0%
0&
1'
#627150000000
1!
1"
0#
1%
1&
0'
b111 )
b10 *
1-
b00101001111010011100001001000001 .
#627200000000
0!
0"
0%
0&
#627250000000
1!
1"
1#
1%
1&
1'
b110 )
0-
b11111001010011000110001000000000 .
#627300000000
0!
0"
0%
0&
#627350000000
1!
1"
0#
1%
1&
0'
b101 )
1-
b10010001000111101011001000100000 .
#627400000000
0!
0"
0%
0&
#627450000000
1!
1"
1#
1%
1&
1'
b100 )
b10100101001101111101101000110000 .
#627500000000
0!
0"
0#
0%
0&
0'
#627550000000
1!
1"
1#
1%
1&
1'
b11 )
0-
b01010010100110111110110100011000 .
#627600000000
0!
0"
0%
0&
#627650000000
1!
1"
0#
1%
1&
0'
b10 )
b00101001010011011111011010001100 .
#627700000000
0!
0"
1#
0%
0&
1'
#627750000000
1!
1"
0#
1%
1&
0'
b1 )
b00010100101001101111101101000110 .
#627800000000
0!
0"
1#
0%
0&
1'
#627850000000
1!
1"
0#
1%
1&
0'
b0 )
b00001010010100110111110110100011 .
#627900000000
0!
0"
1#
0%
0&
1'
#627950000000
1!
1"
0#
1%
1&
0'
b111 )
b11 *
1-
b00000101001010011011111011010001 .
#628000000000
0!
0"
0%
0&
#628050000000
1!
1"
1#
1%
1&
1'
b110 )
0-
b11101111001011000101110001001000 .
#628100000000
0!
0"
0%
0&
#628150000000
1!
1"
0#
1%
1&
0'
b101 )
b01110111100101100010111000100100 .
#628200000000
0!
0"
1#
0%
0&
1'
#628250000000
1!
1"
0#
1%
1&
0'
b100 )
b00111011110010110001011100010010 .
#628300000000
0!
0"
1#
0%
0&
1'
#628350000000
1!
1"
0#
1%
1&
0'
b11 )
1-
b11110000010111010000100010101001 .
#628400000000
0!
0"
0%
0&
#628450000000
1!
1"
1#
1%
1&
1'
b10 )
b01111000001011101000010001010100 .
#628500000000
0!
0"
0#
0%
0&
0'
#628550000000
1!
1"
1#
1%
1&
1'
b1 )
0-
b00111100000101110100001000101010 .
#628600000000
0!
0"
0%
0&
#628650000000
1!
1"
0#
1%
1&
0'
b0 )
b00011110000010111010000100010101 .
#628700000000
0!
0"
1#
0%
0&
1'
#628750000000
1!
1"
0#
1%
1&
0'
b111 )
b100 *
b11100010101111010101001110101010 .
#628800000000
0!
0"
1#
0%
0&
1'
#628850000000
1!
1"
0#
1%
1&
0'
b110 )
b01110001010111101010100111010101 .
#628900000000
0!
0"
1#
0%
0&
1'
#628950000000
1!
1"
0#
1%
1&
0'
b101 )
1-
b00111000101011110101010011101010 .
#629000000000
0!
0"
0%
0&
#629050000000
1!
1"
1#
1%
1&
1'
b100 )
0-
b00011100010101111010101001110101 .
#629100000000
0!
0"
0%
0&
#629150000000
1!
1"
0#
1%
1&
0'
b11 )
1-
b00001110001010111101010100111010 .
#629200000000
0!
0"
0%
0&
#629250000000
1!
1"
1#
1%
1&
1'
b10 )
0-
b00000111000101011110101010011101 .
#629300000000
0!
0"
0%
0&
#629350000000
1!
1"
0#
1%
1&
0'
b1 )
1-
b00000011100010101111010101001110 .
#629400000000
0!
0"
0%
0&
#629450000000
1!
1"
1#
1%
1&
1'
b0 )
b11101100011111011111100110000111 .
#629500000000
0!
0"
0#
0%
0&
0'
#629550000000
1!
1"
1#
1%
1&
1'
b111 )
b101 *
b01110110001111101111110011000011 .
#629600000000
0!
0"
0#
0%
0&
0'
#629650000000
1!
1"
1#
1%
1&
1'
b110 )
0-
b11010110101001111111110101000001 .
#629700000000
0!
0"
0%
0&
#629750000000
1!
1"
0#
1%
1&
0'
b101 )
b10000110111010110111110110000000 .
#629800000000
0!
0"
1#
0%
0&
1'
#629850000000
1!
1"
0#
1%
1&
0'
b100 )
b01000011011101011011111011000000 .
#629900000000
0!
0"
1#
0%
0&
1'
#629950000000
1!
1"
0#
1%
1&
0'
b11 )
1-
b11001100000000100101110001000000 .
#630000000000
0!
0"
0%
0&
#630050000000
1!
1"
1#
1%
1&
1'
b10 )
0-
b01100110000000010010111000100000 .
#630100000000
0!
0"
0%
0&
#630150000000
1!
1"
0#
1%
1&
0'
b1 )
b00110011000000001001011100010000 .
#630200000000
0!
0"
1#
0%
0&
1'
#630250000000
1!
1"
0#
1%
1&
0'
b0 )
b00011001100000000100101110001000 .
#630300000000
0!
0"
1#
0%
0&
1'
#630350000000
1!
1"
0#
1%
1&
0'
b111 )
b0 *
b00001100110000000010010111000100 .
#630400000000
0!
0"
1#
0%
0&
1'
#630450000000
1!
1"
0#
1%
1&
0'
b110 )
b00000110011000000001001011100010 .
#630500000000
0!
0"
1#
0%
0&
1'
#630550000000
1!
1"
0#
1%
1&
0'
b101 )
b00000011001100000000100101110001 .
#630600000000
0!
0"
1#
0%
0&
1'
#630650000000
1!
1"
0#
1%
1&
0'
b100 )
b11101100001000001000011110011000 .
#630700000000
0!
0"
1#
0%
0&
1'
#630750000000
1!
1"
0#
1%
1&
0'
b11 )
1-
b10011011101010001100000011101100 .
#630800000000
0!
0"
0%
0&
#630850000000
1!
1"
1#
1%
1&
1'
b10 )
0-
b01001101110101000110000001110110 .
#630900000000
0!
0"
0%
0&
#630950000000
1!
1"
0#
1%
1&
0'
b1 )
b00100110111010100011000000111011 .
#631000000000
0!
0"
1#
0%
0&
1'
#631050000000
1!
1"
0#
1%
1&
0'
b0 )
b11111110110011011001101100111101 .
#631100000000
0!
0"
1#
0%
0&
1'
#631150000000
1!
1"
0#
1%
1&
0'
b111 )
b1 *
1-
b01111111011001101100110110011110 .
#631200000000
0!
0"
0%
0&
#631250000000
1!
1"
1#
1%
1&
1'
b110 )
b11010010000010111110010111101111 .
#631300000000
0!
0"
0#
0%
0&
0'
#631350000000
1!
1"
1#
1%
1&
1'
b101 )
0-
b10000100101111010111000111010111 .
#631400000000
0!
0"
0%
0&
#631450000000
1!
1"
0#
1%
1&
0'
b100 )
1-
b01000010010111101011100011101011 .
#631500000000
0!
0"
0%
0&
#631550000000
1!
1"
1#
1%
1&
1'
b11 )
0-
b11001100100101111101111101010101 .
#631600000000
0!
0"
0%
0&
#631650000000
1!
1"
0#
1%
1&
0'
b10 )
1-
b01100110010010111110111110101010 .
#631700000000
0!
0"
0%
0&
#631750000000
1!
1"
1#
1%
1&
1'
b1 )
b11011110100111010111010011110101 .
#631800000000
0!
0"
0#
0%
0&
0'
#631850000000
1!
1"
1#
1%
1&
1'
b0 )
0-
b10000010111101100011100101011010 .
#631900000000
0!
0"
0%
0&
#631950000000
1!
1"
0#
1%
1&
0'
b111 )
b0 *
1-
b10101100110000111001111110001101 .
#632000000000
0!
0"
0%
0&
#632050000000
1!
1"
1#
1%
1&
1'
b110 )
0-
b10111011110110010100110011100110 .
#632100000000
0!
0"
0%
0&
#632150000000
1!
1"
0#
1%
1&
0'
b101 )
b01011101111011001010011001110011 .
#632200000000
0!
0"
1#
0%
0&
1'
#632250000000
1!
1"
0#
1%
1&
0'
b100 )
b11000011010011101101000000011001 .
#632300000000
0!
0"
1#
0%
0&
1'
#632350000000
1!
1"
0#
1%
1&
0'
b11 )
b10001100000111111110101100101100 .
#632400000000
0!
0"
1#
0%
0&
1'
#632450000000
1!
1"
0#
1%
1&
0'
b10 )
b01000110000011111111010110010110 .
#632500000000
0!
0"
1#
0%
0&
1'
#632550000000
1!
1"
0#
1%
1&
0'
b1 )
b00100011000001111111101011001011 .
#632600000000
0!
0"
1#
0%
0&
1'
#632650000000
1!
1"
0#
1%
1&
0'
b0 )
b11111100001110110111111001000101 .
#632700000000
0!
0"
1#
0%
0&
1'
#632750000000
1!
1"
0#
1%
1&
0'
b111 )
b1 *
b10010011101001010011110000000010 .
#632800000000
0!
0"
1#
0%
0&
1'
#632850000000
1!
1"
0#
1%
1&
0'
b110 )
b01001001110100101001111000000001 .
#632900000000
0!
0"
1#
0%
0&
1'
#632950000000
1!
1"
0#
1%
1&
0'
b101 )
b11001001010100011100110000100000 .
#633000000000
0!
0"
1#
0%
0&
1'
#633050000000
1!
1"
0#
1%
1&
0'
b100 )
b01100100101010001110011000010000 .
#633100000000
0!
0"
1#
0%
0&
1'
#633150000000
1!
1"
0#
1%
1&
0'
b11 )
b00110010010101000111001100001000 .
#633200000000
0!
0"
1#
0%
0&
1'
#633250000000
1!
1"
0#
1%
1&
0'
b10 )
b00011001001010100011100110000100 .
#633300000000
0!
0"
1#
0%
0&
1'
#633350000000
1!
1"
0#
1%
1&
0'
b1 )
b00001100100101010001110011000010 .
#633400000000
0!
0"
1#
0%
0&
1'
#633450000000
1!
1"
0#
1%
1&
0'
b0 )
b00000110010010101000111001100001 .
#633500000000
0!
0"
1#
0%
0&
1'
#633550000000
1!
1"
0#
1%
1&
0'
b111 )
b10 *
b11101110100111011100010000010000 .
#633600000000
0!
0"
1#
0%
0&
1'
#633650000000
1!
1"
0#
1%
1&
0'
b110 )
b01110111010011101110001000001000 .
#633700000000
0!
0"
1#
0%
0&
1'
#633750000000
1!
1"
0#
1%
1&
0'
b101 )
b00111011101001110111000100000100 .
#633800000000
0!
0"
1#
0%
0&
1'
#633850000000
1!
1"
0#
1%
1&
0'
b100 )
b00011101110100111011100010000010 .
#633900000000
0!
0"
1#
0%
0&
1'
#633950000000
1!
1"
0#
1%
1&
0'
b11 )
b00001110111010011101110001000001 .
#634000000000
0!
0"
1#
0%
0&
1'
#634050000000
1!
1"
0#
1%
1&
0'
b10 )
b11101010110011000110110100000000 .
#634100000000
0!
0"
1#
0%
0&
1'
#634150000000
1!
1"
0#
1%
1&
0'
b1 )
b01110101011001100011011010000000 .
#634200000000
0!
0"
1#
0%
0&
1'
#634250000000
1!
1"
0#
1%
1&
0'
b0 )
b00111010101100110001101101000000 .
#634300000000
0!
0"
1#
0%
0&
1'
#634350000000
1!
1"
0#
1%
1&
0'
b111 )
b11 *
b00011101010110011000110110100000 .
#634400000000
0!
0"
1#
0%
0&
1'
#634450000000
1!
1"
0#
1%
1&
0'
b110 )
b00001110101011001100011011010000 .
#634500000000
0!
0"
1#
0%
0&
1'
#634550000000
1!
1"
0#
1%
1&
0'
b101 )
b00000111010101100110001101101000 .
#634600000000
0!
0"
1#
0%
0&
1'
#634650000000
1!
1"
0#
1%
1&
0'
b100 )
b00000011101010110011000110110100 .
#634700000000
0!
0"
1#
0%
0&
1'
#634750000000
1!
1"
0#
1%
1&
0'
b11 )
b00000001110101011001100011011010 .
#634800000000
0!
0"
1#
0%
0&
1'
#634850000000
1!
1"
0#
1%
1&
0'
b10 )
b00000000111010101100110001101101 .
#634900000000
0!
0"
1#
0%
0&
1'
#634950000000
1!
1"
0#
1%
1&
0'
b1 )
b11101101110011011110010100010110 .
#635000000000
0!
0"
1#
0%
0&
1'
#635050000000
1!
1"
0#
1%
1&
0'
b0 )
b01110110111001101111001010001011 .
#635100000000
0!
0"
1#
0%
0&
1'
#635150000000
1!
1"
0#
1%
1&
0'
b111 )
b100 *
b11010110110010111111101001100101 .
#635200000000
0!
0"
1#
0%
0&
1'
#635250000000
1!
1"
0#
1%
1&
0'
b110 )
b10000110110111010111111000010010 .
#635300000000
0!
0"
1#
0%
0&
1'
#635350000000
1!
1"
0#
1%
1&
0'
b101 )
b01000011011011101011111100001001 .
#635400000000
0!
0"
1#
0%
0&
1'
#635450000000
1!
1"
0#
1%
1&
0'
b100 )
b11001100000011111101110010100100 .
#635500000000
0!
0"
1#
0%
0&
1'
#635550000000
1!
1"
0#
1%
1&
0'
b11 )
b01100110000001111110111001010010 .
#635600000000
0!
0"
1#
0%
0&
1'
#635650000000
1!
1"
0#
1%
1&
0'
b10 )
b00110011000000111111011100101001 .
#635700000000
0!
0"
1#
0%
0&
1'
#635750000000
1!
1"
0#
1%
1&
0'
b1 )
b11110100001110010111100010110100 .
#635800000000
0!
0"
1#
0%
0&
1'
#635850000000
1!
1"
0#
1%
1&
0'
b0 )
b01111010000111001011110001011010 .
#635900000000
0!
0"
1#
0%
0&
1'
#635950000000
1!
1"
0#
1%
1&
0'
b111 )
b101 *
b00111101000011100101111000101101 .
#636000000000
0!
0"
1#
0%
0&
1'
#636050000000
1!
1"
0#
1%
1&
0'
b110 )
b11110011001111111010110000110110 .
#636100000000
0!
0"
1#
0%
0&
1'
#636150000000
1!
1"
0#
1%
1&
0'
b101 )
b01111001100111111101011000011011 .
#636200000000
0!
0"
1#
0%
0&
1'
#636250000000
1!
1"
0#
1%
1&
0'
b100 )
b11010001011101110110100000101101 .
#636300000000
0!
0"
1#
0%
0&
1'
#636350000000
1!
1"
0#
1%
1&
0'
b11 )
b10000101000000110011011100110110 .
#636400000000
0!
0"
1#
0%
0&
1'
#636450000000
1!
1"
0#
1%
1&
0'
b10 )
b01000010100000011001101110011011 .
#636500000000
0!
0"
1#
0%
0&
1'
#636550000000
1!
1"
0#
1%
1&
0'
b1 )
b11001100111110000100111011101101 .
#636600000000
0!
0"
1#
0%
0&
1'
#636650000000
1!
1"
0#
1%
1&
0'
b0 )
b10001011110001001010010001010110 .
#636700000000
0!
0"
1#
0%
0&
1'
#636750000000
1!
1"
0#
1%
1&
0'
b111 )
b110 *
b01000101111000100101001000101011 .
#636800000000
0!
0"
1#
0%
0&
1'
#636850000000
1!
1"
0#
1%
1&
0'
b110 )
b11001111010010011010101000110101 .
#636900000000
0!
0"
1#
0%
0&
1'
#636950000000
1!
1"
0#
1%
1&
0'
b101 )
b10001010000111000101011000111010 .
#637000000000
0!
0"
1#
0%
0&
1'
#637050000000
1!
1"
0#
1%
1&
0'
b100 )
b01000101000011100010101100011101 .
#637100000000
0!
0"
1#
0%
0&
1'
#637150000000
1!
1"
0#
1%
1&
0'
b11 )
b11001111001111111001011010101110 .
#637200000000
0!
0"
1#
0%
0&
1'
#637250000000
1!
1"
0#
1%
1&
0'
b10 )
b01100111100111111100101101010111 .
#637300000000
0!
0"
1#
0%
0&
1'
#637350000000
1!
1"
0#
1%
1&
0'
b1 )
b11011110011101110110011010001011 .
#637400000000
0!
0"
1#
0%
0&
1'
#637450000000
1!
1"
0#
1%
1&
0'
b0 )
b10000010100000110011000001100101 .
#637500000000
0!
0"
1#
0%
0&
1'
#637550000000
1!
1"
0#
1%
1&
0'
b111 )
b111 *
b10101100111110010001101100010010 .
#637600000000
0!
0"
1#
0%
0&
1'
#637650000000
1!
1"
0#
1%
1&
0'
b110 )
b01010110011111001000110110001001 .
#637700000000
0!
0"
1#
0%
0&
1'
#637750000000
1!
1"
0#
1%
1&
0'
b101 )
b11000110100001101100010111100100 .
#637800000000
0!
0"
1#
0%
0&
1'
#637850000000
1!
1"
0#
1%
1&
0'
b100 )
b01100011010000110110001011110010 .
#637900000000
0!
0"
1#
0%
0&
1'
#637950000000
1!
1"
0#
1%
1&
0'
b11 )
b00110001101000011011000101111001 .
#638000000000
0!
0"
1#
0%
0&
1'
#638050000000
1!
1"
0#
1%
1&
0'
b10 )
b11110101011010000101101110011100 .
#638100000000
0!
0"
1#
0%
0&
1'
#638150000000
1!
1"
0#
1%
1&
0'
b1 )
b01111010101101000010110111001110 .
#638200000000
0!
0"
1#
0%
0&
1'
#638250000000
1!
1"
0#
1%
1&
0'
b0 )
b00111101010110100001011011100111 .
#638300000000
0!
0"
1#
0%
0&
1'
#638350000000
1!
1"
0#
1%
1&
0'
b111 )
b1000 *
b11110011000101011000100001010011 .
#638400000000
0!
0"
1#
0%
0&
1'
#638450000000
1!
1"
0#
1%
1&
0'
b110 )
b10010100001100100100011100001001 .
#638500000000
0!
0"
1#
0%
0&
1'
#638550000000
1!
1"
0#
1%
1&
0'
b101 )
b10100111101000011010000010100100 .
#638600000000
0!
0"
1#
0%
0&
1'
#638650000000
1!
1"
0#
1%
1&
0'
b100 )
b01010011110100001101000001010010 .
#638700000000
0!
0"
1#
0%
0&
1'
#638750000000
1!
1"
0#
1%
1&
0'
b11 )
b00101001111010000110100000101001 .
#638800000000
0!
0"
1#
0%
0&
1'
#638850000000
1!
1"
0#
1%
1&
0'
b10 )
b11111001010011001011011100110100 .
#638900000000
0!
0"
1#
0%
0&
1'
#638950000000
1!
1"
0#
1%
1&
0'
b1 )
b01111100101001100101101110011010 .
#639000000000
0!
0"
1#
0%
0&
1'
#639050000000
1!
1"
0#
1%
1&
0'
b0 )
b00111110010100110010110111001101 .
#639100000000
0!
0"
1#
0%
0&
1'
#639150000000
1!
1"
0#
1%
1&
0'
b111 )
b1001 *
b11110010100100010001010111000110 .
#639200000000
0!
0"
1#
0%
0&
1'
#639250000000
1!
1"
0#
1%
1&
0'
b110 )
b01111001010010001000101011100011 .
#639300000000
0!
0"
1#
0%
0&
1'
#639350000000
1!
1"
0#
1%
1&
0'
b101 )
b11010001000111001100011001010001 .
#639400000000
0!
0"
1#
0%
0&
1'
#639450000000
1!
1"
0#
1%
1&
0'
b100 )
b10000101001101101110000000001000 .
#639500000000
0!
0"
1#
0%
0&
1'
#639550000000
1!
1"
0#
1%
1&
0'
b11 )
b01000010100110110111000000000100 .
#639600000000
0!
0"
1#
0%
0&
1'
#639650000000
1!
1"
0#
1%
1&
0'
b10 )
b00100001010011011011100000000010 .
#639700000000
0!
0"
1#
0%
0&
1'
#639750000000
1!
1"
0#
1%
1&
0'
b1 )
b00010000101001101101110000000001 .
#639800000000
0!
0"
1#
0%
0&
1'
#639850000000
1!
1"
0#
1%
1&
0'
b0 )
b11100101111010111110110100100000 .
#639900000000
0!
0"
1#
0%
0&
1'
#639950000000
1!
1"
0#
1%
1&
0'
b111 )
b1010 *
b01110010111101011111011010010000 .
#640000000000
0!
0"
1#
0%
0&
1'
#640050000000
1!
1"
0#
1%
1&
0'
b110 )
b00111001011110101111101101001000 .
#640100000000
0!
0"
1#
0%
0&
1'
#640150000000
1!
1"
0#
1%
1&
0'
b101 )
b00011100101111010111110110100100 .
#640200000000
0!
0"
1#
0%
0&
1'
#640250000000
1!
1"
0#
1%
1&
0'
b100 )
b00001110010111101011111011010010 .
#640300000000
0!
0"
1#
0%
0&
1'
#640350000000
1!
1"
0#
1%
1&
0'
b11 )
b00000111001011110101111101101001 .
#640400000000
0!
0"
1#
0%
0&
1'
#640450000000
1!
1"
0#
1%
1&
0'
b10 )
b11101110001011110010110010010100 .
#640500000000
0!
0"
1#
0%
0&
1'
#640550000000
1!
1"
0#
1%
1&
0'
b1 )
b01110111000101111001011001001010 .
#640600000000
0!
0"
1#
0%
0&
1'
#640650000000
1!
1"
0#
1%
1&
0'
b0 )
b00111011100010111100101100100101 .
#640700000000
0!
0"
1#
0%
0&
1'
#640750000000
1!
1"
0#
1%
1&
0'
b111 )
b1011 *
b11110000011111010110011010110010 .
#640800000000
0!
0"
1#
0%
0&
1'
#640850000000
1!
1"
0#
1%
1&
0'
b110 )
b01111000001111101011001101011001 .
#640900000000
0!
0"
1#
0%
0&
1'
#640950000000
1!
1"
0#
1%
1&
0'
b101 )
b11010001101001111101101010001100 .
#641000000000
0!
0"
1#
0%
0&
1'
#641050000000
1!
1"
0#
1%
1&
0'
b100 )
b01101000110100111110110101000110 .
#641100000000
0!
0"
1#
0%
0&
1'
#641150000000
1!
1"
0#
1%
1&
0'
b11 )
b00110100011010011111011010100011 .
#641200000000
0!
0"
1#
0%
0&
1'
#641250000000
1!
1"
0#
1%
1&
0'
b10 )
b11110111100011000111100001110001 .
#641300000000
0!
0"
1#
0%
0&
1'
#641350000000
1!
1"
0#
1%
1&
0'
b1 )
b10010110011111101011111100011000 .
#641400000000
0!
0"
1#
0%
0&
1'
#641450000000
1!
1"
0#
1%
1&
0'
b0 )
b01001011001111110101111110001100 .
#641500000000
0!
0"
1#
0%
0&
1'
#641550000000
1!
1"
0#
1%
1&
0'
b111 )
b1100 *
b00100101100111111010111111000110 .
#641600000000
0!
0"
1#
0%
0&
1'
#641650000000
1!
1"
0#
1%
1&
0'
b110 )
b00010010110011111101011111100011 .
#641700000000
0!
0"
1#
0%
0&
1'
#641750000000
1!
1"
0#
1%
1&
0'
b101 )
b11100100110111110110100011010001 .
#641800000000
0!
0"
1#
0%
0&
1'
#641850000000
1!
1"
0#
1%
1&
0'
b100 )
b10011111110101110011011101001000 .
#641900000000
0!
0"
1#
0%
0&
1'
#641950000000
1!
1"
0#
1%
1&
0'
b11 )
b01001111111010111001101110100100 .
#642000000000
0!
0"
1#
0%
0&
1'
#642050000000
1!
1"
0#
1%
1&
0'
b10 )
b00100111111101011100110111010010 .
#642100000000
0!
0"
1#
0%
0&
1'
#642150000000
1!
1"
0#
1%
1&
0'
b1 )
b00010011111110101110011011101001 .
#642200000000
0!
0"
1#
0%
0&
1'
#642250000000
1!
1"
0#
1%
1&
0'
b0 )
b11100100010001011111000001010100 .
#642300000000
0!
0"
1#
0%
0&
1'
#642350000000
1!
1"
0#
1%
1&
0'
b111 )
b1101 *
b01110010001000101111100000101010 .
#642400000000
0!
0"
1#
0%
0&
1'
#642450000000
1!
1"
0#
1%
1&
0'
b110 )
b00111001000100010111110000010101 .
#642500000000
0!
0"
1#
0%
0&
1'
#642550000000
1!
1"
0#
1%
1&
0'
b101 )
b11110001001100000011110100101010 .
#642600000000
0!
0"
1#
0%
0&
1'
#642650000000
1!
1"
0#
1%
1&
0'
b100 )
b01111000100110000001111010010101 .
#642700000000
0!
0"
1#
0%
0&
1'
#642750000000
1!
1"
0#
1%
1&
0'
b11 )
b11010001111101001000110001101010 .
#642800000000
0!
0"
1#
0%
0&
1'
#642850000000
1!
1"
0#
1%
1&
0'
b10 )
b01101000111110100100011000110101 .
#642900000000
0!
0"
1#
0%
0&
1'
#642950000000
1!
1"
0#
1%
1&
0'
b1 )
b11011001110001011010000000111010 .
#643000000000
0!
0"
1#
0%
0&
1'
#643050000000
1!
1"
0#
1%
1&
0'
b0 )
b01101100111000101101000000011101 .
#643100000000
0!
0"
1#
0%
0&
1'
#643150000000
1!
1"
0#
1%
1&
0'
b111 )
b1110 *
b11011011110010011110101100101110 .
#643200000000
0!
0"
1#
0%
0&
1'
#643250000000
1!
1"
0#
1%
1&
0'
b110 )
b01101101111001001111010110010111 .
#643300000000
0!
0"
1#
0%
0&
1'
#643350000000
1!
1"
0#
1%
1&
0'
b101 )
b11011011010010101111100111101011 .
#643400000000
0!
0"
1#
0%
0&
1'
#643450000000
1!
1"
0#
1%
1&
0'
b100 )
b10000000000111011111111111010101 .
#643500000000
0!
0"
1#
0%
0&
1'
#643550000000
1!
1"
0#
1%
1&
0'
b11 )
b10101101101101100111110011001010 .
#643600000000
0!
0"
1#
0%
0&
1'
#643650000000
1!
1"
0#
1%
1&
0'
b10 )
b01010110110110110011111001100101 .
#643700000000
0!
0"
1#
0%
0&
1'
#643750000000
1!
1"
0#
1%
1&
0'
b1 )
b11000110110101010001110000010010 .
#643800000000
0!
0"
1#
0%
0&
1'
#643850000000
1!
1"
0#
1%
1&
0'
b0 )
b01100011011010101000111000001001 .
#643900000000
0!
0"
1#
0%
0&
1'
#643950000000
1!
1"
0#
1%
1&
0'
b111 )
b1111 *
b11011100000011011100010000100100 .
#644000000000
0!
0"
1#
0%
0&
1'
#644050000000
1!
1"
0#
1%
1&
0'
b110 )
b01101110000001101110001000010010 .
#644100000000
0!
0"
1#
0%
0&
1'
#644150000000
1!
1"
0#
1%
1&
0'
b101 )
b00110111000000110111000100001001 .
#644200000000
0!
0"
1#
0%
0&
1'
#644250000000
1!
1"
0#
1%
1&
0'
b100 )
b11110110001110010011101110100100 .
#644300000000
0!
0"
1#
0%
0&
1'
#644350000000
1!
1"
0#
1%
1&
0'
b11 )
b01111011000111001001110111010010 .
#644400000000
0!
0"
1#
0%
0&
1'
#644450000000
1!
1"
0#
1%
1&
0'
b10 )
b00111101100011100100111011101001 .
#644500000000
0!
0"
1#
0%
0&
1'
#644550000000
1!
1"
0#
1%
1&
0'
b1 )
b11110011011111111010010001010100 .
#644600000000
0!
0"
1#
0%
0&
1'
#644650000000
1!
1"
0#
1%
1&
0'
b0 )
b01111001101111111101001000101010 .
#644700000000
0!
0"
1#
0%
0&
1'
#644750000000
1!
1"
0#
1%
1&
0'
b111 )
b10000 *
b00111100110111111110100100010101 .
#644800000000
0!
0"
1#
0%
0&
1'
#644850000000
1!
1"
0#
1%
1&
0'
b110 )
b11110011110101110111011110101010 .
#644900000000
0!
0"
1#
0%
0&
1'
#644950000000
1!
1"
0#
1%
1&
0'
b101 )
b01111001111010111011101111010101 .
#645000000000
0!
0"
1#
0%
0&
1'
#645050000000
1!
1"
0#
1%
1&
0'
b100 )
b11010001010011010101111011001010 .
#645100000000
0!
0"
1#
0%
0&
1'
#645150000000
1!
1"
0#
1%
1&
0'
b11 )
b01101000101001101010111101100101 .
#645200000000
0!
0"
1#
0%
0&
1'
#645250000000
1!
1"
0#
1%
1&
0'
b10 )
b11011001111010111101010010010010 .
#645300000000
0!
0"
1#
0%
0&
1'
#645350000000
1!
1"
0#
1%
1&
0'
b1 )
b01101100111101011110101001001001 .
#645400000000
0!
0"
1#
0%
0&
1'
#645450000000
1!
1"
0#
1%
1&
0'
b0 )
b11011011110000100111011000000100 .
#645500000000
0!
0"
1#
0%
0&
1'
#645550000000
1!
1"
0#
1%
1&
0'
b111 )
b10001 *
b01101101111000010011101100000010 .
#645600000000
0!
0"
1#
0%
0&
1'
#645650000000
1!
1"
0#
1%
1&
0'
b110 )
b00110110111100001001110110000001 .
#645700000000
0!
0"
1#
0%
0&
1'
#645750000000
1!
1"
0#
1%
1&
0'
b101 )
b11110110110000001100110111100000 .
#645800000000
0!
0"
1#
0%
0&
1'
#645850000000
1!
1"
0#
1%
1&
0'
b100 )
b01111011011000000110011011110000 .
#645900000000
0!
0"
1#
0%
0&
1'
#645950000000
1!
1"
0#
1%
1&
0'
b11 )
b00111101101100000011001101111000 .
#646000000000
0!
0"
1#
0%
0&
1'
#646050000000
1!
1"
0#
1%
1&
0'
b10 )
b00011110110110000001100110111100 .
#646100000000
0!
0"
1#
0%
0&
1'
#646150000000
1!
1"
0#
1%
1&
0'
b1 )
b00001111011011000000110011011110 .
#646200000000
0!
0"
1#
0%
0&
1'
#646250000000
1!
1"
0#
1%
1&
0'
b0 )
b00000111101101100000011001101111 .
#646300000000
0!
0"
1#
0%
0&
1'
#646350000000
1!
1"
0#
1%
1&
0'
b111 )
b10010 *
b11101110011000111000000000010111 .
#646400000000
0!
0"
1#
0%
0&
1'
#646450000000
1!
1"
0#
1%
1&
0'
b110 )
b10011010100010010100001100101011 .
#646500000000
0!
0"
1#
0%
0&
1'
#646550000000
1!
1"
0#
1%
1&
0'
b101 )
b10100000111111000010001010110101 .
#646600000000
0!
0"
1#
0%
0&
1'
#646650000000
1!
1"
0#
1%
1&
0'
b100 )
b10111101110001101001001001111010 .
#646700000000
0!
0"
1#
0%
0&
1'
#646750000000
1!
1"
0#
1%
1&
0'
b11 )
b01011110111000110100100100111101 .
#646800000000
0!
0"
1#
0%
0&
1'
#646850000000
1!
1"
0#
1%
1&
0'
b10 )
b11000010110010010010011110111110 .
#646900000000
0!
0"
1#
0%
0&
1'
#646950000000
1!
1"
0#
1%
1&
0'
b1 )
b01100001011001001001001111011111 .
#647000000000
0!
0"
1#
0%
0&
1'
#647050000000
1!
1"
0#
1%
1&
0'
b0 )
b11011101000010101100101011001111 .
#647100000000
0!
0"
1#
0%
0&
1'
#647150000000
1!
1"
0#
1%
1&
0'
b111 )
b10011 *
b10000011001111011110011001000111 .
#647200000000
0!
0"
1#
0%
0&
1'
#647250000000
1!
1"
0#
1%
1&
0'
b110 )
b10101100001001100111000000000011 .
#647300000000
0!
0"
1#
0%
0&
1'
#647350000000
1!
1"
0#
1%
1&
0'
b101 )
b10111011101010111011101100100001 .
#647400000000
0!
0"
1#
0%
0&
1'
#647450000000
1!
1"
0#
1%
1&
0'
b100 )
b10110000011011010101111010110000 .
#647500000000
0!
0"
1#
0%
0&
1'
#647550000000
1!
1"
0#
1%
1&
0'
b11 )
b01011000001101101010111101011000 .
#647600000000
0!
0"
1#
0%
0&
1'
#647650000000
1!
1"
0#
1%
1&
0'
b10 )
b00101100000110110101011110101100 .
#647700000000
0!
0"
1#
0%
0&
1'
#647750000000
1!
1"
0#
1%
1&
0'
b1 )
b00010110000011011010101111010110 .
#647800000000
0!
0"
1#
0%
0&
1'
#647850000000
1!
1"
0#
1%
1&
0'
b0 )
b00001011000001101101010111101011 .
#647900000000
0!
0"
1#
0%
0&
1'
#647950000000
1!
1"
0#
1%
1&
0'
b111 )
b10100 *
b11101000001110111110100111010101 .
#648000000000
0!
0"
1#
0%
0&
1'
#648050000000
1!
1"
0#
1%
1&
0'
b110 )
b10011001101001010111011111001010 .
#648100000000
0!
0"
1#
0%
0&
1'
#648150000000
1!
1"
0#
1%
1&
0'
b101 )
b01001100110100101011101111100101 .
#648200000000
0!
0"
1#
0%
0&
1'
#648250000000
1!
1"
0#
1%
1&
0'
b100 )
b11001011110100011101111011010010 .
#648300000000
0!
0"
1#
0%
0&
1'
#648350000000
1!
1"
0#
1%
1&
0'
b11 )
b01100101111010001110111101101001 .
#648400000000
0!
0"
1#
0%
0&
1'
#648450000000
1!
1"
0#
1%
1&
0'
b10 )
b11011111010011001111010010010100 .
#648500000000
0!
0"
1#
0%
0&
1'
#648550000000
1!
1"
0#
1%
1&
0'
b1 )
b01101111101001100111101001001010 .
#648600000000
0!
0"
1#
0%
0&
1'
#648650000000
1!
1"
0#
1%
1&
0'
b0 )
b00110111110100110011110100100101 .
#648700000000
0!
0"
1#
0%
0&
1'
#648750000000
1!
1"
0#
1%
1&
0'
b111 )
b10101 *
b11110110010100010001110110110010 .
#648800000000
0!
0"
1#
0%
0&
1'
#648850000000
1!
1"
0#
1%
1&
0'
b110 )
b01111011001010001000111011011001 .
#648900000000
0!
0"
1#
0%
0&
1'
#648950000000
1!
1"
0#
1%
1&
0'
b101 )
b11010000001011001100010001001100 .
#649000000000
0!
0"
1#
0%
0&
1'
#649050000000
1!
1"
0#
1%
1&
0'
b100 )
b01101000000101100110001000100110 .
#649100000000
0!
0"
1#
0%
0&
1'
#649150000000
1!
1"
0#
1%
1&
0'
b11 )
b00110100000010110011000100010011 .
#649200000000
0!
0"
1#
0%
0&
1'
#649250000000
1!
1"
0#
1%
1&
0'
b10 )
b11110111101111010001101110101001 .
#649300000000
0!
0"
1#
0%
0&
1'
#649350000000
1!
1"
0#
1%
1&
0'
b1 )
b10010110011001100000111011110100 .
#649400000000
0!
0"
1#
0%
0&
1'
#649450000000
1!
1"
0#
1%
1&
0'
b0 )
b01001011001100110000011101111010 .
#649500000000
0!
0"
1#
0%
0&
1'
#649550000000
1!
1"
0#
1%
1&
0'
b111 )
b10110 *
b00100101100110011000001110111101 .
#649600000000
0!
0"
1#
0%
0&
1'
#649650000000
1!
1"
0#
1%
1&
0'
b110 )
b11111111011101000100001011111110 .
#649700000000
0!
0"
1#
0%
0&
1'
#649750000000
1!
1"
0#
1%
1&
0'
b101 )
b01111111101110100010000101111111 .
#649800000000
0!
0"
1#
0%
0&
1'
#649850000000
1!
1"
0#
1%
1&
0'
b100 )
b11010010011001011001001110011111 .
#649900000000
0!
0"
1#
0%
0&
1'
#649950000000
1!
1"
0#
1%
1&
0'
b11 )
b10000100100010100100101011101111 .
#650000000000
0!
0"
1#
0%
0&
1'
#650050000000
1!
1"
0#
1%
1&
0'
b10 )
b10101111111111011010011001010111 .
#650100000000
0!
0"
1#
0%
0&
1'
#650150000000
1!
1"
0#
1%
1&
0'
b1 )
b10111010010001100101000000001011 .
#650200000000
0!
0"
1#
0%
0&
1'
#650250000000
1!
1"
0#
1%
1&
0'
b0 )
b10110000100110111010101100100101 .
#650300000000
0!
0"
1#
0%
0&
1'
#650350000000
1!
1"
0#
1%
1&
0'
b111 )
b10111 *
b10110101111101010101011010110010 .
#650400000000
0!
0"
1#
0%
0&
1'
#650450000000
1!
1"
0#
1%
1&
0'
b110 )
b01011010111110101010101101011001 .
#650500000000
0!
0"
1#
0%
0&
1'
#650550000000
1!
1"
0#
1%
1&
0'
b101 )
b11000000110001011101011010001100 .
#650600000000
0!
0"
1#
0%
0&
1'
#650650000000
1!
1"
0#
1%
1&
0'
b100 )
b01100000011000101110101101000110 .
#650700000000
0!
0"
1#
0%
0&
1'
#650750000000
1!
1"
0#
1%
1&
0'
b11 )
b00110000001100010111010110100011 .
#650800000000
0!
0"
1#
0%
0&
1'
#650850000000
1!
1"
0#
1%
1&
0'
b10 )
b11110101101000000011100111110001 .
#650900000000
0!
0"
1#
0%
0&
1'
#650950000000
1!
1"
0#
1%
1&
0'
b1 )
b10010111011010001001111111011000 .
#651000000000
0!
0"
1#
0%
0&
1'
#651050000000
1!
1"
0#
1%
1&
0'
b0 )
b01001011101101000100111111101100 .
#651100000000
0!
0"
1#
0%
0&
1'
#651150000000
1!
1"
0#
1%
1&
0'
b111 )
b11000 *
b00100101110110100010011111110110 .
#651200000000
0!
0"
1#
0%
0&
1'
#651250000000
1!
1"
0#
1%
1&
0'
b110 )
b00010010111011010001001111111011 .
#651300000000
0!
0"
1#
0%
0&
1'
#651350000000
1!
1"
0#
1%
1&
0'
b101 )
b11100100110011100000101011011101 .
#651400000000
0!
0"
1#
0%
0&
1'
#651450000000
1!
1"
0#
1%
1&
0'
b100 )
b10011111110111111000011001001110 .
#651500000000
0!
0"
1#
0%
0&
1'
#651550000000
1!
1"
0#
1%
1&
0'
b11 )
b01001111111011111100001100100111 .
#651600000000
0!
0"
1#
0%
0&
1'
#651650000000
1!
1"
0#
1%
1&
0'
b10 )
b11001010010011110110001010110011 .
#651700000000
0!
0"
1#
0%
0&
1'
#651750000000
1!
1"
0#
1%
1&
0'
b1 )
b10001000100111110011001001111001 .
#651800000000
0!
0"
1#
0%
0&
1'
#651850000000
1!
1"
0#
1%
1&
0'
b0 )
b10101001111101110001101000011100 .
#651900000000
0!
0"
1#
0%
0&
1'
#651950000000
1!
1"
0#
1%
1&
0'
b111 )
b11001 *
b01010100111110111000110100001110 .
#652000000000
0!
0"
1#
0%
0&
1'
#652050000000
1!
1"
0#
1%
1&
0'
b110 )
b00101010011111011100011010000111 .
#652100000000
0!
0"
1#
0%
0&
1'
#652150000000
1!
1"
0#
1%
1&
0'
b101 )
b11111000100001100110000001100011 .
#652200000000
0!
0"
1#
0%
0&
1'
#652250000000
1!
1"
0#
1%
1&
0'
b100 )
b10010001111110111011001100010001 .
#652300000000
0!
0"
1#
0%
0&
1'
#652350000000
1!
1"
0#
1%
1&
0'
b11 )
b10100101010001010101101010101000 .
#652400000000
0!
0"
1#
0%
0&
1'
#652450000000
1!
1"
0#
1%
1&
0'
b10 )
b01010010101000101010110101010100 .
#652500000000
0!
0"
1#
0%
0&
1'
#652550000000
1!
1"
0#
1%
1&
0'
b1 )
b00101001010100010101011010101010 .
#652600000000
0!
0"
1#
0%
0&
1'
#652650000000
1!
1"
0#
1%
1&
0'
b0 )
b00010100101010001010101101010101 .
#652700000000
0!
0"
1#
0%
0&
1'
#652750000000
1!
1"
0#
1%
1&
0'
b111 )
b11010 *
b11100111111011001101011010001010 .
#652800000000
0!
0"
1#
0%
0&
1'
#652850000000
1!
1"
0#
1%
1&
0'
b110 )
b01110011111101100110101101000101 .
#652900000000
0!
0"
1#
0%
0&
1'
#652950000000
1!
1"
0#
1%
1&
0'
b101 )
b11010100010000111011011010000010 .
#653000000000
0!
0"
1#
0%
0&
1'
#653050000000
1!
1"
0#
1%
1&
0'
b100 )
b01101010001000011101101101000001 .
#653100000000
0!
0"
1#
0%
0&
1'
#653150000000
1!
1"
0#
1%
1&
0'
b11 )
b11011000101010000110111010000000 .
#653200000000
0!
0"
1#
0%
0&
1'
#653250000000
1!
1"
0#
1%
1&
0'
b10 )
b01101100010101000011011101000000 .
#653300000000
0!
0"
1#
0%
0&
1'
#653350000000
1!
1"
0#
1%
1&
0'
b1 )
b00110110001010100001101110100000 .
#653400000000
0!
0"
1#
0%
0&
1'
#653450000000
1!
1"
0#
1%
1&
0'
b0 )
b00011011000101010000110111010000 .
#653500000000
0!
0"
1#
0%
0&
1'
#653550000000
1!
1"
0#
1%
1&
0'
b111 )
b11011 *
b00001101100010101000011011101000 .
#653600000000
0!
0"
1#
0%
0&
1'
#653650000000
1!
1"
0#
1%
1&
0'
b110 )
b00000110110001010100001101110100 .
#653700000000
0!
0"
1#
0%
0&
1'
#653750000000
1!
1"
0#
1%
1&
0'
b101 )
b00000011011000101010000110111010 .
#653800000000
0!
0"
1#
0%
0&
1'
#653850000000
1!
1"
0#
1%
1&
0'
b100 )
b00000001101100010101000011011101 .
#653900000000
0!
0"
1#
0%
0&
1'
#653950000000
1!
1"
0#
1%
1&
0'
b11 )
b11101101011000000010101101001110 .
#654000000000
0!
0"
1#
0%
0&
1'
#654050000000
1!
1"
0#
1%
1&
0'
b10 )
b01110110101100000001010110100111 .
#654100000000
0!
0"
1#
0%
0&
1'
#654150000000
1!
1"
0#
1%
1&
0'
b1 )
b11010110111000001000100111110011 .
#654200000000
0!
0"
1#
0%
0&
1'
#654250000000
1!
1"
0#
1%
1&
0'
b0 )
b10000110110010001100011111011001 .
#654300000000
0!
0"
1#
0%
0&
1'
#654350000000
1!
1"
0#
1%
1&
0'
b111 )
b11100 *
b10101110110111001110000011001100 .
#654400000000
0!
0"
1#
0%
0&
1'
#654450000000
1!
1"
0#
1%
1&
0'
b110 )
b01010111011011100111000001100110 .
#654500000000
0!
0"
1#
0%
0&
1'
#654550000000
1!
1"
0#
1%
1&
0'
b101 )
b00101011101101110011100000110011 .
#654600000000
0!
0"
1#
0%
0&
1'
#654650000000
1!
1"
0#
1%
1&
0'
b100 )
b11111000011000110001111100111001 .
#654700000000
0!
0"
1#
0%
0&
1'
#654750000000
1!
1"
0#
1%
1&
0'
b11 )
b10010001100010010000110010111100 .
#654800000000
0!
0"
1#
0%
0&
1'
#654850000000
1!
1"
0#
1%
1&
0'
b10 )
b01001000110001001000011001011110 .
#654900000000
0!
0"
1#
0%
0&
1'
#654950000000
1!
1"
0#
1%
1&
0'
b1 )
b00100100011000100100001100101111 .
#655000000000
0!
0"
1#
0%
0&
1'
#655050000000
1!
1"
0#
1%
1&
0'
b0 )
b11111111100010011010001010110111 .
#655100000000
0!
0"
1#
0%
0&
1'
#655150000000
1!
1"
0#
1%
1&
0'
b111 )
b11101 *
b10010010011111000101001001111011 .
#655200000000
0!
0"
1#
0%
0&
1'
#655250000000
1!
1"
0#
1%
1&
0'
b110 )
b10100100100001101010101000011101 .
#655300000000
0!
0"
1#
0%
0&
1'
#655350000000
1!
1"
0#
1%
1&
0'
b101 )
b10111111111110111101011000101110 .
#655400000000
0!
0"
1#
0%
0&
1'
#655450000000
1!
1"
0#
1%
1&
0'
b100 )
b01011111111111011110101100010111 .
#655500000000
0!
0"
1#
0%
0&
1'
#655550000000
1!
1"
0#
1%
1&
0'
b11 )
b11000010010001100111011010101011 .
#655600000000
0!
0"
1#
0%
0&
1'
#655650000000
1!
1"
0#
1%
1&
0'
b10 )
b10001100100110111011100001110101 .
#655700000000
0!
0"
1#
0%
0&
1'
#655750000000
1!
1"
0#
1%
1&
0'
b1 )
b10101011111101010101111100011010 .
#655800000000
0!
0"
1#
0%
0&
1'
#655850000000
1!
1"
0#
1%
1&
0'
b0 )
b01010101111110101010111110001101 .
#655900000000
0!
0"
1#
0%
0&
1'
#655950000000
1!
1"
0#
1%
1&
0'
b111 )
b11110 *
b11000111010001011101010011100110 .
#656000000000
0!
0"
1#
0%
0&
1'
#656050000000
1!
1"
0#
1%
1&
0'
b110 )
b01100011101000101110101001110011 .
#656100000000
0!
0"
1#
0%
0&
1'
#656150000000
1!
1"
0#
1%
1&
0'
b101 )
b11011100011010011111011000011001 .
#656200000000
0!
0"
1#
0%
0&
1'
#656250000000
1!
1"
0#
1%
1&
0'
b100 )
b10000011100011000111100000101100 .
#656300000000
0!
0"
1#
0%
0&
1'
#656350000000
1!
1"
0#
1%
1&
0'
b11 )
b01000001110001100011110000010110 .
#656400000000
0!
0"
1#
0%
0&
1'
#656450000000
1!
1"
0#
1%
1&
0'
b10 )
b00100000111000110001111000001011 .
#656500000000
0!
0"
1#
0%
0&
1'
#656550000000
1!
1"
0#
1%
1&
0'
b1 )
b11111101110010010000110000100101 .
#656600000000
0!
0"
1#
0%
0&
1'
#656650000000
1!
1"
0#
1%
1&
0'
b0 )
b10010011010111000000010100110010 .
#656700000000
0!
0"
1#
0%
0&
1'
#656750000000
1!
1"
0#
1%
1&
0'
b111 )
b11111 *
b01001001101011100000001010011001 .
#656800000000
0!
0"
1#
0%
0&
1'
#656850000000
1!
1"
0#
1%
1&
0'
b110 )
b11001001011011111000001001101100 .
#656900000000
0!
0"
1#
0%
0&
1'
#656950000000
1!
1"
0#
1%
1&
0'
b101 )
b01100100101101111100000100110110 .
#657000000000
0!
0"
1#
0%
0&
1'
#657050000000
1!
1"
0#
1%
1&
0'
b100 )
b00110010010110111110000010011011 .
#657100000000
0!
0"
1#
0%
0&
1'
#657150000000
1!
1"
0#
1%
1&
0'
b11 )
b11110100100101010111001101101101 .
#657200000000
0!
0"
1#
0%
0&
1'
#657250000000
1!
1"
0#
1%
1&
0'
b10 )
b10010111111100100011101010010110 .
#657300000000
0!
0"
1#
0%
0&
1'
#657350000000
1!
1"
0#
1%
1&
0'
b1 )
b01001011111110010001110101001011 .
#657400000000
0!
0"
1#
0%
0&
1'
#657450000000
1!
1"
0#
1%
1&
0'
b0 )
b11001000010001000000110110000101 .
#657500000000
0!
0"
1#
0%
0&
1'
#657550000000
1!
1"
0#
1%
1&
0'
b111 )
b100000 *
b10001001100110101000010111100010 .
#657600000000
0!
0"
1#
0%
0&
1'
#657650000000
1!
1"
0#
1%
1&
0'
b110 )
b01000100110011010100001011110001 .
#657700000000
0!
0"
1#
0%
0&
1'
#657750000000
1!
1"
0#
1%
1&
0'
b101 )
b11001111110111100010001001011000 .
#657800000000
0!
0"
1#
0%
0&
1'
#657850000000
1!
1"
0#
1%
1&
0'
b100 )
b01100111111011110001000100101100 .
#657900000000
0!
0"
1#
0%
0&
1'
#657950000000
1!
1"
0#
1%
1&
0'
b11 )
b00110011111101111000100010010110 .
#658000000000
0!
0"
1#
0%
0&
1'
#658050000000
1!
1"
0#
1%
1&
0'
b10 )
b00011001111110111100010001001011 .
#658100000000
0!
0"
1#
0%
0&
1'
#658150000000
1!
1"
0#
1%
1&
0'
b1 )
b11100001010001010110000100000101 .
#658200000000
0!
0"
1#
0%
0&
1'
#658250000000
1!
1"
0#
1%
1&
0'
b0 )
b10011101000110100011001110100010 .
#658300000000
0!
0"
1#
0%
0&
1'
#658350000000
1!
1"
0#
1%
1&
0'
b111 )
b100001 *
b01001110100011010001100111010001 .
#658400000000
0!
0"
1#
0%
0&
1'
#658450000000
1!
1"
0#
1%
1&
0'
b110 )
b11001010111111100000111111001000 .
#658500000000
0!
0"
1#
0%
0&
1'
#658550000000
1!
1"
0#
1%
1&
0'
b101 )
b01100101011111110000011111100100 .
#658600000000
0!
0"
1#
0%
0&
1'
#658650000000
1!
1"
0#
1%
1&
0'
b100 )
b00110010101111111000001111110010 .
#658700000000
0!
0"
1#
0%
0&
1'
#658750000000
1!
1"
0#
1%
1&
0'
b11 )
b00011001010111111100000111111001 .
#658800000000
0!
0"
1#
0%
0&
1'
#658850000000
1!
1"
0#
1%
1&
0'
b10 )
b11100001000101110110001111011100 .
#658900000000
0!
0"
1#
0%
0&
1'
#658950000000
1!
1"
0#
1%
1&
0'
b1 )
b01110000100010111011000111101110 .
#659000000000
0!
0"
1#
0%
0&
1'
#659050000000
1!
1"
0#
1%
1&
0'
b0 )
b00111000010001011101100011110111 .
#659100000000
0!
0"
1#
0%
0&
1'
#659150000000
1!
1"
0#
1%
1&
0'
b111 )
b100010 *
b11110001100110100110111101011011 .
#659200000000
0!
0"
1#
0%
0&
1'
#659250000000
1!
1"
0#
1%
1&
0'
b110 )
b10010101011101011011010010001101 .
#659300000000
0!
0"
1#
0%
0&
1'
#659350000000
1!
1"
0#
1%
1&
0'
b101 )
b10100111000000100101100101100110 .
#659400000000
0!
0"
1#
0%
0&
1'
#659450000000
1!
1"
0#
1%
1&
0'
b100 )
b01010011100000010010110010110011 .
#659500000000
0!
0"
1#
0%
0&
1'
#659550000000
1!
1"
0#
1%
1&
0'
b11 )
b11000100011110000001010101111001 .
#659600000000
0!
0"
1#
0%
0&
1'
#659650000000
1!
1"
0#
1%
1&
0'
b10 )
b10001111100001001000100110011100 .
#659700000000
0!
0"
1#
0%
0&
1'
#659750000000
1!
1"
0#
1%
1&
0'
b1 )
b01000111110000100100010011001110 .
#659800000000
0!
0"
1#
0%
0&
1'
#659850000000
1!
1"
0#
1%
1&
0'
b0 )
b00100011111000010010001001100111 .
#659900000000
0!
0"
1#
0%
0&
1'
#659950000000
1!
1"
0#
1%
1&
0'
b111 )
b100011 *
b11111100010010000001001000010011 .
#660000000000
0!
0"
1#
0%
0&
1'
#660050000000
1!
1"
0#
1%
1&
0'
b110 )
b10010011100111001000101000101001 .
#660100000000
0!
0"
1#
0%
0&
1'
#660150000000
1!
1"
0#
1%
1&
0'
b101 )
b10100100011101101100011000110100 .
#660200000000
0!
0"
1#
0%
0&
1'
#660250000000
1!
1"
0#
1%
1&
0'
b100 )
b01010010001110110110001100011010 .
#660300000000
0!
0"
1#
0%
0&
1'
#660350000000
1!
1"
0#
1%
1&
0'
b11 )
b00101001000111011011000110001101 .
#660400000000
0!
0"
1#
0%
0&
1'
#660450000000
1!
1"
0#
1%
1&
0'
b10 )
b11111001001101100101101111100110 .
#660500000000
0!
0"
1#
0%
0&
1'
#660550000000
1!
1"
0#
1%
1&
0'
b1 )
b01111100100110110010110111110011 .
#660600000000
0!
0"
1#
0%
0&
1'
#660650000000
1!
1"
0#
1%
1&
0'
b0 )
b11010011111101010001010111011001 .
#660700000000
0!
0"
1#
0%
0&
1'
#660750000000
1!
1"
0#
1%
1&
0'
b111 )
b100100 *
b10000100010000100000100111001100 .
#660800000000
0!
0"
1#
0%
0&
1'
#660850000000
1!
1"
0#
1%
1&
0'
b110 )
b01000010001000010000010011100110 .
#660900000000
0!
0"
1#
0%
0&
1'
#660950000000
1!
1"
0#
1%
1&
0'
b101 )
b00100001000100001000001001110011 .
#661000000000
0!
0"
1#
0%
0&
1'
#661050000000
1!
1"
0#
1%
1&
0'
b100 )
b11111101001100001100001000011001 .
#661100000000
0!
0"
1#
0%
0&
1'
#661150000000
1!
1"
0#
1%
1&
0'
b11 )
b10010011001000001110001000101100 .
#661200000000
0!
0"
1#
0%
0&
1'
#661250000000
1!
1"
0#
1%
1&
0'
b10 )
b01001001100100000111000100010110 .
#661300000000
0!
0"
1#
0%
0&
1'
#661350000000
1!
1"
0#
1%
1&
0'
b1 )
b00100100110010000011100010001011 .
#661400000000
0!
0"
1#
0%
0&
1'
#661450000000
1!
1"
0#
1%
1&
0'
b0 )
b11111111110111001001111101100101 .
#661500000000
0!
0"
1#
0%
0&
1'
#661550000000
1!
1"
0#
1%
1&
0'
b111 )
b100101 *
b10010010010101101100110010010010 .
#661600000000
0!
0"
1#
0%
0&
1'
#661650000000
1!
1"
0#
1%
1&
0'
b110 )
b01001001001010110110011001001001 .
#661700000000
0!
0"
1#
0%
0&
1'
#661750000000
1!
1"
0#
1%
1&
0'
b101 )
b11001001001011010011000000000100 .
#661800000000
0!
0"
1#
0%
0&
1'
#661850000000
1!
1"
0#
1%
1&
0'
b100 )
b01100100100101101001100000000010 .
#661900000000
0!
0"
1#
0%
0&
1'
#661950000000
1!
1"
0#
1%
1&
0'
b11 )
b00110010010010110100110000000001 .
#662000000000
0!
0"
1#
0%
0&
1'
#662050000000
1!
1"
0#
1%
1&
0'
b10 )
b11110100100111010010010100100000 .
#662100000000
0!
0"
1#
0%
0&
1'
#662150000000
1!
1"
0#
1%
1&
0'
b1 )
b01111010010011101001001010010000 .
#662200000000
0!
0"
1#
0%
0&
1'
#662250000000
1!
1"
0#
1%
1&
0'
b0 )
b00111101001001110100100101001000 .
#662300000000
0!
0"
1#
0%
0&
1'
#662350000000
1!
1"
0#
1%
1&
0'
b111 )
b100110 *
b00011110100100111010010010100100 .
#662400000000
0!
0"
1#
0%
0&
1'
#662450000000
1!
1"
0#
1%
1&
0'
b110 )
b00001111010010011101001001010010 .
#662500000000
0!
0"
1#
0%
0&
1'
#662550000000
1!
1"
0#
1%
1&
0'
b101 )
b00000111101001001110100100101001 .
#662600000000
0!
0"
1#
0%
0&
1'
#662650000000
1!
1"
0#
1%
1&
0'
b100 )
b11101110011010101111011110110100 .
#662700000000
0!
0"
1#
0%
0&
1'
#662750000000
1!
1"
0#
1%
1&
0'
b11 )
b01110111001101010111101111011010 .
#662800000000
0!
0"
1#
0%
0&
1'
#662850000000
1!
1"
0#
1%
1&
0'
b10 )
b00111011100110101011110111101101 .
#662900000000
0!
0"
1#
0%
0&
1'
#662950000000
1!
1"
0#
1%
1&
0'
b1 )
b11110000011101011101110111010110 .
#663000000000
0!
0"
1#
0%
0&
1'
#663050000000
1!
1"
0#
1%
1&
0'
b0 )
b01111000001110101110111011101011 .
#663100000000
0!
0"
1#
0%
0&
1'
#663150000000
1!
1"
0#
1%
1&
0'
b111 )
b100111 *
b11010001101001011111010001010101 .
#663200000000
0!
0"
1#
0%
0&
1'
#663250000000
1!
1"
0#
1%
1&
0'
b110 )
b10000101011010100111100100001010 .
#663300000000
0!
0"
1#
0%
0&
1'
#663350000000
1!
1"
0#
1%
1&
0'
b101 )
b01000010101101010011110010000101 .
#663400000000
0!
0"
1#
0%
0&
1'
#663450000000
1!
1"
0#
1%
1&
0'
b100 )
b11001100111000100001110101100010 .
#663500000000
0!
0"
1#
0%
0&
1'
#663550000000
1!
1"
0#
1%
1&
0'
b11 )
b01100110011100010000111010110001 .
#663600000000
0!
0"
1#
0%
0&
1'
#663650000000
1!
1"
0#
1%
1&
0'
b10 )
b11011110100000000000010001111000 .
#663700000000
0!
0"
1#
0%
0&
1'
#663750000000
1!
1"
0#
1%
1&
0'
b1 )
b01101111010000000000001000111100 .
#663800000000
0!
0"
1#
0%
0&
1'
#663850000000
1!
1"
0#
1%
1&
0'
b0 )
b00110111101000000000000100011110 .
#663900000000
0!
0"
1#
0%
0&
1'
#663950000000
1!
1"
0#
1%
1&
0'
b111 )
b101000 *
b00011011110100000000000010001111 .
#664000000000
0!
0"
1#
0%
0&
1'
#664050000000
1!
1"
0#
1%
1&
0'
b110 )
b11100000010100001000001101100111 .
#664100000000
0!
0"
1#
0%
0&
1'
#664150000000
1!
1"
0#
1%
1&
0'
b101 )
b10011101100100001100001010010011 .
#664200000000
0!
0"
1#
0%
0&
1'
#664250000000
1!
1"
0#
1%
1&
0'
b100 )
b10100011011100001110001001101001 .
#664300000000
0!
0"
1#
0%
0&
1'
#664350000000
1!
1"
0#
1%
1&
0'
b11 )
b10111100000000001111001000010100 .
#664400000000
0!
0"
1#
0%
0&
1'
#664450000000
1!
1"
0#
1%
1&
0'
b10 )
b01011110000000000111100100001010 .
#664500000000
0!
0"
1#
0%
0&
1'
#664550000000
1!
1"
0#
1%
1&
0'
b1 )
b00101111000000000011110010000101 .
#664600000000
0!
0"
1#
0%
0&
1'
#664650000000
1!
1"
0#
1%
1&
0'
b0 )
b11111010001110001001110101100010 .
#664700000000
0!
0"
1#
0%
0&
1'
#664750000000
1!
1"
0#
1%
1&
0'
b111 )
b101001 *
b01111101000111000100111010110001 .
#664800000000
0!
0"
1#
0%
0&
1'
#664850000000
1!
1"
0#
1%
1&
0'
b110 )
b11010011001101101010010001111000 .
#664900000000
0!
0"
1#
0%
0&
1'
#664950000000
1!
1"
0#
1%
1&
0'
b101 )
b01101001100110110101001000111100 .
#665000000000
0!
0"
1#
0%
0&
1'
#665050000000
1!
1"
0#
1%
1&
0'
b100 )
b00110100110011011010100100011110 .
#665100000000
0!
0"
1#
0%
0&
1'
#665150000000
1!
1"
0#
1%
1&
0'
b11 )
b00011010011001101101010010001111 .
#665200000000
0!
0"
1#
0%
0&
1'
#665250000000
1!
1"
0#
1%
1&
0'
b10 )
b11100000100010111110100101100111 .
#665300000000
0!
0"
1#
0%
0&
1'
#665350000000
1!
1"
0#
1%
1&
0'
b1 )
b10011101111111010111011110010011 .
#665400000000
0!
0"
1#
0%
0&
1'
#665450000000
1!
1"
0#
1%
1&
0'
b0 )
b10100011010001100011100011101001 .
#665500000000
0!
0"
1#
0%
0&
1'
#665550000000
1!
1"
0#
1%
1&
0'
b111 )
b101010 *
b10111100000110111001111101010100 .
#665600000000
0!
0"
1#
0%
0&
1'
#665650000000
1!
1"
0#
1%
1&
0'
b110 )
b01011110000011011100111110101010 .
#665700000000
0!
0"
1#
0%
0&
1'
#665750000000
1!
1"
0#
1%
1&
0'
b101 )
b00101111000001101110011111010101 .
#665800000000
0!
0"
1#
0%
0&
1'
#665850000000
1!
1"
0#
1%
1&
0'
b100 )
b11111010001110111111000011001010 .
#665900000000
0!
0"
1#
0%
0&
1'
#665950000000
1!
1"
0#
1%
1&
0'
b11 )
b01111101000111011111100001100101 .
#666000000000
0!
0"
1#
0%
0&
1'
#666050000000
1!
1"
0#
1%
1&
0'
b10 )
b11010011001101100111111100010010 .
#666100000000
0!
0"
1#
0%
0&
1'
#666150000000
1!
1"
0#
1%
1&
0'
b1 )
b01101001100110110011111110001001 .
#666200000000
0!
0"
1#
0%
0&
1'
#666250000000
1!
1"
0#
1%
1&
0'
b0 )
b11011001011101010001110011100100 .
#666300000000
0!
0"
1#
0%
0&
1'
#666350000000
1!
1"
0#
1%
1&
0'
b111 )
b101011 *
b01101100101110101000111001110010 .
#666400000000
0!
0"
1#
0%
0&
1'
#666450000000
1!
1"
0#
1%
1&
0'
b110 )
b00110110010111010100011100111001 .
#666500000000
0!
0"
1#
0%
0&
1'
#666550000000
1!
1"
0#
1%
1&
0'
b101 )
b11110110100101100010000010111100 .
#666600000000
0!
0"
1#
0%
0&
1'
#666650000000
1!
1"
0#
1%
1&
0'
b100 )
b01111011010010110001000001011110 .
#666700000000
0!
0"
1#
0%
0&
1'
#666750000000
1!
1"
0#
1%
1&
0'
b11 )
b00111101101001011000100000101111 .
#666800000000
0!
0"
1#
0%
0&
1'
#666850000000
1!
1"
0#
1%
1&
0'
b10 )
b11110011011010100100011100110111 .
#666900000000
0!
0"
1#
0%
0&
1'
#666950000000
1!
1"
0#
1%
1&
0'
b1 )
b10010100000011011010000010111011 .
#667000000000
0!
0"
1#
0%
0&
1'
#667050000000
1!
1"
0#
1%
1&
0'
b0 )
b10100111101111100101001101111101 .
#667100000000
0!
0"
1#
0%
0&
1'
#667150000000
1!
1"
0#
1%
1&
0'
b111 )
b101100 *
b10111110011001111010101010011110 .
#667200000000
0!
0"
1#
0%
0&
1'
#667250000000
1!
1"
0#
1%
1&
0'
b110 )
b01011111001100111101010101001111 .
#667300000000
0!
0"
1#
0%
0&
1'
#667350000000
1!
1"
0#
1%
1&
0'
b101 )
b11000010001000010110100110000111 .
#667400000000
0!
0"
1#
0%
0&
1'
#667450000000
1!
1"
0#
1%
1&
0'
b100 )
b10001100101010000011011111100011 .
#667500000000
0!
0"
1#
0%
0&
1'
#667550000000
1!
1"
0#
1%
1&
0'
b11 )
b10101011111011001001100011010001 .
#667600000000
0!
0"
1#
0%
0&
1'
#667650000000
1!
1"
0#
1%
1&
0'
b10 )
b10111000010011101100111101001000 .
#667700000000
0!
0"
1#
0%
0&
1'
#667750000000
1!
1"
0#
1%
1&
0'
b1 )
b01011100001001110110011110100100 .
#667800000000
0!
0"
1#
0%
0&
1'
#667850000000
1!
1"
0#
1%
1&
0'
b0 )
b00101110000100111011001111010010 .
#667900000000
0!
0"
1#
0%
0&
1'
#667950000000
1!
1"
0#
1%
1&
0'
b111 )
b101101 *
b00010111000010011101100111101001 .
#668000000000
0!
0"
1#
0%
0&
1'
#668050000000
1!
1"
0#
1%
1&
0'
b110 )
b11100110001111000110111111010100 .
#668100000000
0!
0"
1#
0%
0&
1'
#668150000000
1!
1"
0#
1%
1&
0'
b101 )
b01110011000111100011011111101010 .
#668200000000
0!
0"
1#
0%
0&
1'
#668250000000
1!
1"
0#
1%
1&
0'
b100 )
b00111001100011110001101111110101 .
#668300000000
0!
0"
1#
0%
0&
1'
#668350000000
1!
1"
0#
1%
1&
0'
b11 )
b11110001011111110000111011011010 .
#668400000000
0!
0"
1#
0%
0&
1'
#668450000000
1!
1"
0#
1%
1&
0'
b10 )
b01111000101111111000011101101101 .
#668500000000
0!
0"
1#
0%
0&
1'
#668550000000
1!
1"
0#
1%
1&
0'
b1 )
b11010001111001110100000010010110 .
#668600000000
0!
0"
1#
0%
0&
1'
#668650000000
1!
1"
0#
1%
1&
0'
b0 )
b01101000111100111010000001001011 .
#668700000000
0!
0"
1#
0%
0&
1'
#668750000000
1!
1"
0#
1%
1&
0'
b111 )
b0 *
b11011001110000010101001100000101 .
#668800000000
0!
0"
1#
0%
0&
1'
#668850000000
1!
1"
0#
1%
1&
0'
b1 ,
#668900000000
0!
0"
1#
0%
0&
1'
#668950000000
1!
1"
0#
1%
1&
0'
b10 ,
1-
#669000000000
0!
0"
0%
0&
#669050000000
1!
1"
1#
1%
1&
1'
b11 ,
0-
#669100000000
0!
0"
0%
0&
#669150000000
1!
1"
0#
1%
1&
0'
b100 ,
1-
#669200000000
0!
0"
0%
0&
#669250000000
1!
1"
1#
1%
1&
1'
b101 ,
#669300000000
0!
0"
0#
0%
0&
0'
#669350000000
1!
1"
1#
1%
1&
1'
b110 ,
#669400000000
0!
0"
0#
0%
0&
0'
#669450000000
1!
1"
1#
1%
1&
1'
b111 ,
#669500000000
0!
0"
0#
0%
0&
0'
#669550000000
1!
1"
1#
1%
1&
1'
b1000 ,
#669600000000
0!
0"
0#
0%
0&
0'
#669650000000
1!
1"
1#
1%
1&
1'
b1001 ,
0-
#669700000000
0!
0"
0%
0&
#669750000000
1!
1"
0#
1%
1&
0'
b1010 ,
#669800000000
0!
0"
1#
0%
0&
1'
#669850000000
1!
1"
0#
1%
1&
0'
b1011 ,
1-
#669900000000
0!
0"
0%
0&
#669950000000
1!
1"
1#
1%
1&
1'
b1100 ,
#670000000000
0!
0"
0#
0%
0&
0'
#670050000000
1!
1"
1#
1%
1&
1'
b1101 ,
0-
#670100000000
0!
0"
0%
0&
#670150000000
1!
1"
0#
1%
1&
0'
b1110 ,
1-
#670200000000
0!
0"
0%
0&
#670250000000
1!
1"
1#
1%
1&
1'
b1111 ,
0-
#670300000000
0!
0"
0%
0&
#670350000000
1!
1"
0#
1%
1&
0'
b10000 ,
1-
#670400000000
0!
0"
0%
0&
#670450000000
1!
1"
1#
1%
1&
1'
b10001 ,
0-
#670500000000
0!
0"
0%
0&
#670550000000
1!
1"
0#
1%
1&
0'
b10010 ,
1-
#670600000000
0!
0"
0%
0&
#670650000000
1!
1"
1#
1%
1&
1'
b10011 ,
#670700000000
0!
0"
0#
0%
0&
0'
#670750000000
1!
1"
1#
1%
1&
1'
b10100 ,
#670800000000
0!
0"
0#
0%
0&
0'
#670850000000
1!
1"
1#
1%
1&
1'
b10101 ,
#670900000000
0!
0"
0#
0%
0&
0'
#670950000000
1!
1"
1#
1%
1&
1'
b10110 ,
#671000000000
0!
0"
0#
0%
0&
0'
#671050000000
1!
1"
1#
1%
1&
1'
b10111 ,
0-
#671100000000
0!
0"
0%
0&
#671150000000
1!
1"
0#
1%
1&
0'
b11000 ,
#671200000000
0!
0"
1#
0%
0&
1'
#671250000000
1!
1"
0#
1%
1&
0'
b11001 ,
#671300000000
0!
0"
1#
0%
0&
1'
#671350000000
1!
1"
0#
1%
1&
0'
b11010 ,
1-
#671400000000
0!
0"
0%
0&
#671450000000
1!
1"
1#
1%
1&
1'
b11011 ,
#671500000000
0!
0"
0#
0%
0&
0'
#671550000000
1!
1"
1#
1%
1&
1'
b11100 ,
0-
#671600000000
0!
0"
0%
0&
#671650000000
1!
1"
0#
1%
1&
0'
b11101 ,
#671700000000
0!
0"
1#
0%
0&
1'
#671750000000
1!
1"
0#
1%
1&
0'
b11110 ,
1-
#671800000000
0!
0"
0%
0&
#671850000000
1!
1"
1#
1%
1&
1'
b11111 ,
0-
#671900000000
0!
0"
0%
0&
#671950000000
1!
1"
0#
0$
1%
1&
0'
0(
b0 ,
#672000000000
0!
0"
0%
0&
#672050000000
1!
1"
1%
1&
b1 +
#672100000000
0!
0"
0%
0&
#672150000000
1!
1"
1%
1&
b10 +
#672200000000
0!
0"
0%
0&
#672250000000
1!
1"
1%
1&
b11 +
#672300000000
0!
0"
0%
0&
#672350000000
1!
1"
1%
1&
b100 +
#672400000000
0!
0"
0%
0&
#672450000000
1!
1"
1%
1&
b101 +
#672500000000
0!
0"
0%
0&
#672550000000
1!
1"
1%
1&
b110 +
#672600000000
0!
0"
0%
0&
#672650000000
1!
1"
1%
1&
b111 +
#672700000000
0!
0"
0%
0&
#672750000000
1!
1"
1%
1&
b1000 +
#672800000000
0!
0"
0%
0&
#672850000000
1!
1"
1%
1&
b1001 +
#672900000000
0!
0"
0%
0&
#672950000000
1!
1"
1%
1&
b1010 +
#673000000000
0!
0"
0%
0&
#673050000000
1!
1"
1%
1&
b1011 +
#673100000000
0!
0"
0%
0&
#673150000000
1!
1"
1%
1&
b1100 +
#673200000000
0!
0"
0%
0&
#673250000000
1!
1"
1%
1&
b1101 +
#673300000000
0!
0"
0%
0&
#673350000000
1!
1"
1%
1&
b1110 +
#673400000000
0!
0"
0%
0&
#673450000000
1!
1"
1%
1&
b1111 +
#673500000000
0!
0"
0%
0&
#673550000000
1!
1"
1%
1&
b10000 +
#673600000000
0!
0"
0%
0&
#673650000000
1!
1"
1%
1&
b10001 +
#673700000000
0!
0"
0%
0&
#673750000000
1!
1"
1%
1&
b10010 +
#673800000000
0!
0"
0%
0&
#673850000000
1!
1"
1%
1&
b10011 +
#673900000000
0!
0"
0%
0&
#673950000000
1!
1"
1%
1&
b10100 +
#674000000000
0!
0"
0%
0&
#674050000000
1!
1"
1%
1&
b10101 +
#674100000000
0!
0"
0%
0&
#674150000000
1!
1"
1%
1&
b10110 +
#674200000000
0!
0"
0%
0&
#674250000000
1!
1"
1%
1&
b10111 +
#674300000000
0!
0"
0%
0&
#674350000000
1!
1"
1%
1&
b11000 +
#674400000000
0!
0"
0%
0&
#674450000000
1!
1"
1%
1&
b11001 +
#674500000000
0!
0"
0%
0&
#674550000000
1!
1"
1%
1&
b11010 +
#674600000000
0!
0"
0%
0&
#674650000000
1!
1"
1%
1&
b11011 +
#674700000000
0!
0"
0%
0&
#674750000000
1!
1"
1%
1&
b11100 +
#674800000000
0!
0"
0%
0&
#674850000000
1!
1"
1%
1&
b11101 +
#674900000000
0!
0"
0%
0&
#674950000000
1!
1"
1%
1&
b11110 +
#675000000000
0!
0"
0%
0&
#675050000000
1!
1"
1%
1&
b11111 +
#675100000000
0!
0"
0%
0&
#675150000000
1!
1"
1%
1&
b100000 +
#675200000000
0!
0"
0%
0&
#675250000000
1!
1"
1%
1&
b100001 +
#675300000000
0!
0"
0%
0&
#675350000000
1!
1"
1%
1&
b100010 +
#675400000000
0!
0"
0%
0&
#675450000000
1!
1"
1%
1&
b100011 +
#675500000000
0!
0"
0%
0&
#675550000000
1!
1"
1%
1&
b100100 +
#675600000000
0!
0"
0%
0&
#675650000000
1!
1"
1%
1&
b100101 +
#675700000000
0!
0"
0%
0&
#675750000000
1!
1"
1%
1&
b100110 +
#675800000000
0!
0"
0%
0&
#675850000000
1!
1"
1%
1&
b100111 +
#675900000000
0!
0"
0%
0&
#675950000000
1!
1"
1%
1&
b101000 +
#676000000000
0!
0"
0%
0&
#676050000000
1!
1"
1%
1&
b101001 +
#676100000000
0!
0"
0%
0&
#676150000000
1!
1"
1%
1&
b101010 +
#676200000000
0!
0"
0%
0&
#676250000000
1!
1"
1%
1&
b101011 +
#676300000000
0!
0"
0%
0&
#676350000000
1!
1"
1%
1&
b101100 +
#676400000000
0!
0"
0%
0&
#676450000000
1!
1"
1%
1&
b101101 +
#676500000000
0!
0"
0%
0&
#676550000000
1!
1"
1%
1&
b101110 +
#676600000000
0!
0"
0%
0&
#676650000000
1!
1"
1%
1&
b101111 +
#676700000000
0!
0"
0%
0&
#676750000000
1!
1"
1%
1&
b110000 +
#676800000000
0!
0"
0%
0&
#676850000000
1!
1"
1%
1&
b110001 +
#676900000000
0!
0"
0%
0&
#676950000000
1!
1"
1%
1&
b110010 +
#677000000000
0!
0"
0%
0&
#677050000000
1!
1"
1%
1&
b110011 +
#677100000000
0!
0"
0%
0&
#677150000000
1!
1"
1%
1&
b110100 +
#677200000000
0!
0"
0%
0&
#677250000000
1!
1"
1%
1&
b110101 +
#677300000000
0!
0"
0%
0&
#677350000000
1!
1"
1%
1&
b110110 +
#677400000000
0!
0"
0%
0&
#677450000000
1!
1"
1%
1&
b110111 +
#677500000000
0!
0"
0%
0&
#677550000000
1!
1"
1%
1&
b111000 +
#677600000000
0!
0"
0%
0&
#677650000000
1!
1"
1%
1&
b111001 +
#677700000000
0!
0"
0%
0&
#677750000000
1!
1"
1%
1&
b111010 +
#677800000000
0!
0"
0%
0&
#677850000000
1!
1"
1%
1&
b111011 +
#677900000000
0!
0"
0%
0&
#677950000000
1!
1"
1%
1&
b111100 +
#678000000000
0!
0"
0%
0&
#678050000000
1!
1"
1%
1&
b111101 +
#678100000000
0!
0"
0%
0&
#678150000000
1!
1"
1%
1&
b111110 +
#678200000000
0!
0"
0%
0&
#678250000000
1!
1"
1%
1&
b111111 +
#678300000000
0!
0"
0%
0&
#678350000000
1!
1"
1%
1&
b1000000 +
#678400000000
0!
0"
0%
0&
#678450000000
1!
1"
1%
1&
b1000001 +
#678500000000
0!
0"
0%
0&
#678550000000
1!
1"
1%
1&
b1000010 +
#678600000000
0!
0"
0%
0&
#678650000000
1!
1"
1%
1&
b1000011 +
#678700000000
0!
0"
0%
0&
#678750000000
1!
1"
1%
1&
b1000100 +
#678800000000
0!
0"
0%
0&
#678850000000
1!
1"
1%
1&
b1000101 +
#678900000000
0!
0"
0%
0&
#678950000000
1!
1"
1%
1&
b1000110 +
#679000000000
0!
0"
0%
0&
#679050000000
1!
1"
1%
1&
b1000111 +
#679100000000
0!
0"
0%
0&
#679150000000
1!
1"
1%
1&
b1001000 +
#679200000000
0!
0"
0%
0&
#679250000000
1!
1"
1%
1&
b1001001 +
#679300000000
0!
0"
0%
0&
#679350000000
1!
1"
1%
1&
b1001010 +
#679400000000
0!
0"
0%
0&
#679450000000
1!
1"
1%
1&
b1001011 +
#679500000000
0!
0"
0%
0&
#679550000000
1!
1"
1%
1&
b1001100 +
#679600000000
0!
0"
0%
0&
#679650000000
1!
1"
1%
1&
b1001101 +
#679700000000
0!
0"
0%
0&
#679750000000
1!
1"
1%
1&
b1001110 +
#679800000000
0!
0"
0%
0&
#679850000000
1!
1"
1%
1&
b1001111 +
#679900000000
0!
0"
0%
0&
#679950000000
1!
1"
1%
1&
b1010000 +
#680000000000
0!
0"
0%
0&
#680050000000
1!
1"
1%
1&
b1010001 +
#680100000000
0!
0"
0%
0&
#680150000000
1!
1"
1%
1&
b1010010 +
#680200000000
0!
0"
0%
0&
#680250000000
1!
1"
1%
1&
b1010011 +
#680300000000
0!
0"
0%
0&
#680350000000
1!
1"
1%
1&
b1010100 +
#680400000000
0!
0"
0%
0&
#680450000000
1!
1"
1%
1&
b1010101 +
#680500000000
0!
0"
0%
0&
#680550000000
1!
1"
1%
1&
b1010110 +
#680600000000
0!
0"
0%
0&
#680650000000
1!
1"
1%
1&
b1010111 +
#680700000000
0!
0"
0%
0&
#680750000000
1!
1"
1%
1&
b1011000 +
#680800000000
0!
0"
0%
0&
#680850000000
1!
1"
1%
1&
b1011001 +
#680900000000
0!
0"
0%
0&
#680950000000
1!
1"
1%
1&
b1011010 +
#681000000000
0!
0"
0%
0&
#681050000000
1!
1"
1%
1&
b1011011 +
#681100000000
0!
0"
0%
0&
#681150000000
1!
1"
1%
1&
b1011100 +
#681200000000
0!
0"
0%
0&
#681250000000
1!
1"
1%
1&
b1011101 +
#681300000000
0!
0"
0%
0&
#681350000000
1!
1"
1%
1&
b1011110 +
#681400000000
0!
0"
0%
0&
#681450000000
1!
1"
1%
1&
b1011111 +
#681500000000
0!
0"
0%
0&
#681550000000
1!
1"
1$
1%
1&
1(
b0 +
#681600000000
0!
0"
1#
0%
0&
1'
#681650000000
1!
1"
0#
1%
1&
0'
b110 )
1-
#681700000000
0!
0"
0%
0&
#681750000000
1!
1"
1#
1%
1&
1'
b101 )
0-
#681800000000
0!
0"
0%
0&
#681850000000
1!
1"
0#
1%
1&
0'
b100 )
1-
#681900000000
0!
0"
0%
0&
#681950000000
1!
1"
1#
1%
1&
1'
b11 )
0-
#682000000000
0!
0"
0%
0&
#682050000000
1!
1"
0#
1%
1&
0'
b10 )
1-
#682100000000
0!
0"
0%
0&
#682150000000
1!
1"
1#
1%
1&
1'
b1 )
0-
#682200000000
0!
0"
0%
0&
#682250000000
1!
1"
0#
1%
1&
0'
b0 )
1-
#682300000000
0!
0"
0%
0&
#682350000000
1!
1"
1#
1%
1&
1'
b111 )
b1 *
0-
#682400000000
0!
0"
0%
0&
#682450000000
1!
1"
0#
1%
1&
0'
b110 )
1-
#682500000000
0!
0"
0%
0&
#682550000000
1!
1"
1#
1%
1&
1'
b101 )
0-
#682600000000
0!
0"
0%
0&
#682650000000
1!
1"
0#
1%
1&
0'
b100 )
1-
#682700000000
0!
0"
0%
0&
#682750000000
1!
1"
1#
1%
1&
1'
b11 )
0-
#682800000000
0!
0"
0%
0&
#682850000000
1!
1"
0#
1%
1&
0'
b10 )
1-
#682900000000
0!
0"
0%
0&
#682950000000
1!
1"
1#
1%
1&
1'
b1 )
0-
#683000000000
0!
0"
0%
0&
#683050000000
1!
1"
0#
1%
1&
0'
b0 )
1-
#683100000000
0!
0"
0%
0&
#683150000000
1!
1"
1#
1%
1&
1'
b111 )
b10 *
0-
#683200000000
0!
0"
0%
0&
#683250000000
1!
1"
0#
1%
1&
0'
b110 )
1-
#683300000000
0!
0"
0%
0&
#683350000000
1!
1"
1#
1%
1&
1'
b101 )
0-
#683400000000
0!
0"
0%
0&
#683450000000
1!
1"
0#
1%
1&
0'
b100 )
1-
#683500000000
0!
0"
0%
0&
#683550000000
1!
1"
1#
1%
1&
1'
b11 )
0-
#683600000000
0!
0"
0%
0&
#683650000000
1!
1"
0#
1%
1&
0'
b10 )
1-
#683700000000
0!
0"
0%
0&
#683750000000
1!
1"
1#
1%
1&
1'
b1 )
0-
#683800000000
0!
0"
0%
0&
#683850000000
1!
1"
0#
1%
1&
0'
b0 )
1-
#683900000000
0!
0"
0%
0&
#683950000000
1!
1"
1#
1%
1&
1'
b111 )
b11 *
0-
#684000000000
0!
0"
0%
0&
#684050000000
1!
1"
0#
1%
1&
0'
b110 )
1-
#684100000000
0!
0"
0%
0&
#684150000000
1!
1"
1#
1%
1&
1'
b101 )
0-
#684200000000
0!
0"
0%
0&
#684250000000
1!
1"
0#
1%
1&
0'
b100 )
1-
#684300000000
0!
0"
0%
0&
#684350000000
1!
1"
1#
1%
1&
1'
b11 )
0-
#684400000000
0!
0"
0%
0&
#684450000000
1!
1"
0#
1%
1&
0'
b10 )
1-
#684500000000
0!
0"
0%
0&
#684550000000
1!
1"
1#
1%
1&
1'
b1 )
0-
#684600000000
0!
0"
0%
0&
#684650000000
1!
1"
0#
1%
1&
0'
b0 )
1-
#684700000000
0!
0"
0%
0&
#684750000000
1!
1"
1#
1%
1&
1'
b111 )
b100 *
0-
#684800000000
0!
0"
0%
0&
#684850000000
1!
1"
0#
1%
1&
0'
b110 )
1-
#684900000000
0!
0"
0%
0&
#684950000000
1!
1"
1#
1%
1&
1'
b101 )
0-
#685000000000
0!
0"
0%
0&
#685050000000
1!
1"
0#
1%
1&
0'
b100 )
1-
#685100000000
0!
0"
0%
0&
#685150000000
1!
1"
1#
1%
1&
1'
b11 )
0-
#685200000000
0!
0"
0%
0&
#685250000000
1!
1"
0#
1%
1&
0'
b10 )
1-
#685300000000
0!
0"
0%
0&
#685350000000
1!
1"
1#
1%
1&
1'
b1 )
0-
#685400000000
0!
0"
0%
0&
#685450000000
1!
1"
0#
1%
1&
0'
b0 )
1-
#685500000000
0!
0"
0%
0&
#685550000000
1!
1"
1#
1%
1&
1'
b111 )
b101 *
0-
#685600000000
0!
0"
0%
0&
#685650000000
1!
1"
0#
1%
1&
0'
b110 )
1-
#685700000000
0!
0"
0%
0&
#685750000000
1!
1"
1#
1%
1&
1'
b101 )
0-
#685800000000
0!
0"
0%
0&
#685850000000
1!
1"
0#
1%
1&
0'
b100 )
1-
#685900000000
0!
0"
0%
0&
#685950000000
1!
1"
1#
1%
1&
1'
b11 )
0-
#686000000000
0!
0"
0%
0&
#686050000000
1!
1"
0#
1%
1&
0'
b10 )
1-
#686100000000
0!
0"
0%
0&
#686150000000
1!
1"
1#
1%
1&
1'
b1 )
0-
#686200000000
0!
0"
0%
0&
#686250000000
1!
1"
0#
1%
1&
0'
b0 )
1-
#686300000000
0!
0"
0%
0&
#686350000000
1!
1"
1#
1%
1&
1'
b111 )
b110 *
0-
#686400000000
0!
0"
0%
0&
#686450000000
1!
1"
0#
1%
1&
0'
b110 )
1-
#686500000000
0!
0"
0%
0&
#686550000000
1!
1"
1#
1%
1&
1'
b101 )
0-
#686600000000
0!
0"
0%
0&
#686650000000
1!
1"
0#
1%
1&
0'
b100 )
1-
#686700000000
0!
0"
0%
0&
#686750000000
1!
1"
1#
1%
1&
1'
b11 )
0-
#686800000000
0!
0"
0%
0&
#686850000000
1!
1"
0#
1%
1&
0'
b10 )
1-
#686900000000
0!
0"
0%
0&
#686950000000
1!
1"
1#
1%
1&
1'
b1 )
0-
#687000000000
0!
0"
0%
0&
#687050000000
1!
1"
0#
1%
1&
0'
b0 )
1-
#687100000000
0!
0"
0%
0&
#687150000000
1!
1"
1#
1%
1&
1'
b111 )
b0 *
0-
#687200000000
0!
0"
0%
0&
#687250000000
1!
1"
0#
1%
1&
0'
b110 )
1-
#687300000000
0!
0"
0%
0&
#687350000000
1!
1"
1#
1%
1&
1'
b101 )
0-
#687400000000
0!
0"
0%
0&
#687450000000
1!
1"
0#
1%
1&
0'
b100 )
1-
#687500000000
0!
0"
0%
0&
#687550000000
1!
1"
1#
1%
1&
1'
b11 )
0-
#687600000000
0!
0"
0%
0&
#687650000000
1!
1"
0#
1%
1&
0'
b10 )
1-
#687700000000
0!
0"
0%
0&
#687750000000
1!
1"
1#
1%
1&
1'
b1 )
0-
#687800000000
0!
0"
0%
0&
#687850000000
1!
1"
0#
1%
1&
0'
b0 )
1-
#687900000000
0!
0"
0%
0&
#687950000000
1!
1"
1#
1%
1&
1'
b111 )
b11111111111111111111111111111111 .
#688000000000
0!
0"
0#
0%
0&
0'
#688050000000
1!
1"
1#
1%
1&
1'
b110 )
b01111111111111111111111111111111 .
#688100000000
0!
0"
0#
0%
0&
0'
#688150000000
1!
1"
1#
1%
1&
1'
b101 )
b00111111111111111111111111111111 .
#688200000000
0!
0"
0#
0%
0&
0'
#688250000000
1!
1"
1#
1%
1&
1'
b100 )
b00011111111111111111111111111111 .
#688300000000
0!
0"
0#
0%
0&
0'
#688350000000
1!
1"
1#
1%
1&
1'
b11 )
b00001111111111111111111111111111 .
#688400000000
0!
0"
0#
0%
0&
0'
#688450000000
1!
1"
1#
1%
1&
1'
b10 )
b00000111111111111111111111111111 .
#688500000000
0!
0"
0#
0%
0&
0'
#688550000000
1!
1"
1#
1%
1&
1'
b1 )
b00000011111111111111111111111111 .
#688600000000
0!
0"
0#
0%
0&
0'
#688650000000
1!
1"
1#
1%
1&
1'
b0 )
b00000001111111111111111111111111 .
#688700000000
0!
0"
0#
0%
0&
0'
#688750000000
1!
1"
1#
1%
1&
1'
b111 )
b1 *
b00000000111111111111111111111111 .
#688800000000
0!
0"
0#
0%
0&
0'
#688850000000
1!
1"
1#
1%
1&
1'
b110 )
b00000000011111111111111111111111 .
#688900000000
0!
0"
0#
0%
0&
0'
#688950000000
1!
1"
1#
1%
1&
1'
b101 )
b00000000001111111111111111111111 .
#689000000000
0!
0"
0#
0%
0&
0'
#689050000000
1!
1"
1#
1%
1&
1'
b100 )
b00000000000111111111111111111111 .
#689100000000
0!
0"
0#
0%
0&
0'
#689150000000
1!
1"
1#
1%
1&
1'
b11 )
b00000000000011111111111111111111 .
#689200000000
0!
0"
0#
0%
0&
0'
#689250000000
1!
1"
1#
1%
1&
1'
b10 )
b00000000000001111111111111111111 .
#689300000000
0!
0"
0#
0%
0&
0'
#689350000000
1!
1"
1#
1%
1&
1'
b1 )
b00000000000000111111111111111111 .
#689400000000
0!
0"
0#
0%
0&
0'
#689450000000
1!
1"
1#
1%
1&
1'
b0 )
b00000000000000011111111111111111 .
#689500000000
0!
0"
0#
0%
0&
0'
#689550000000
1!
1"
1#
1%
1&
1'
b111 )
b10 *
b00000000000000001111111111111111 .
#689600000000
0!
0"
0#
0%
0&
0'
#689650000000
1!
1"
1#
1%
1&
1'
b110 )
b00000000000000000111111111111111 .
#689700000000
0!
0"
0#
0%
0&
0'
#689750000000
1!
1"
1#
1%
1&
1'
b101 )
b00000000000000000011111111111111 .
#689800000000
0!
0"
0#
0%
0&
0'
#689850000000
1!
1"
1#
1%
1&
1'
b100 )
b00000000000000000001111111111111 .
#689900000000
0!
0"
0#
0%
0&
0'
#689950000000
1!
1"
1#
1%
1&
1'
b11 )
b00000000000000000000111111111111 .
#690000000000
0!
0"
0#
0%
0&
0'
#690050000000
1!
1"
1#
1%
1&
1'
b10 )
b00000000000000000000011111111111 .
#690100000000
0!
0"
0#
0%
0&
0'
#690150000000
1!
1"
1#
1%
1&
1'
b1 )
b00000000000000000000001111111111 .
#690200000000
0!
0"
0#
0%
0&
0'
#690250000000
1!
1"
1#
1%
1&
1'
b0 )
b00000000000000000000000111111111 .
#690300000000
0!
0"
0#
0%
0&
0'
#690350000000
1!
1"
1#
1%
1&
1'
b111 )
b11 *
b00000000000000000000000011111111 .
#690400000000
0!
0"
0#
0%
0&
0'
#690450000000
1!
1"
1#
1%
1&
1'
b110 )
b00000000000000000000000001111111 .
#690500000000
0!
0"
0#
0%
0&
0'
#690550000000
1!
1"
1#
1%
1&
1'
b101 )
b00000000000000000000000000111111 .
#690600000000
0!
0"
0#
0%
0&
0'
#690650000000
1!
1"
1#
1%
1&
1'
b100 )
b00000000000000000000000000011111 .
#690700000000
0!
0"
0#
0%
0&
0'
#690750000000
1!
1"
1#
1%
1&
1'
b11 )
b00000000000000000000000000001111 .
#690800000000
0!
0"
0#
0%
0&
0'
#690850000000
1!
1"
1#
1%
1&
1'
b10 )
b00000000000000000000000000000111 .
#690900000000
0!
0"
0#
0%
0&
0'
#690950000000
1!
1"
1#
1%
1&
1'
b1 )
b00000000000000000000000000000011 .
#691000000000
0!
0"
0#
0%
0&
0'
#691050000000
1!
1"
1#
1%
1&
1'
b0 )
b00000000000000000000000000000001 .
#691100000000
0!
0"
0#
0%
0&
0'
#691150000000
1!
1"
1#
1%
1&
1'
b111 )
b100 *
b00000000000000000000000000000000 .
#691200000000
0!
0"
0#
0%
0&
0'
#691250000000
1!
1"
1#
1%
1&
1'
b110 )
b11101101101110001000001100100000 .
#691300000000
0!
0"
0#
0%
0&
0'
#691350000000
1!
1"
1#
1%
1&
1'
b101 )
b10011011011001001100001010110000 .
#691400000000
0!
0"
0#
0%
0&
0'
#691450000000
1!
1"
1#
1%
1&
1'
b100 )
b10100000000010101110001001111000 .
#691500000000
0!
0"
0#
0%
0&
0'
#691550000000
1!
1"
1#
1%
1&
1'
b11 )
b10111101101111011111001000011100 .
#691600000000
0!
0"
0#
0%
0&
0'
#691650000000
1!
1"
1#
1%
1&
1'
b10 )
b10110011011001100111101000101110 .
#691700000000
0!
0"
0#
0%
0&
0'
#691750000000
1!
1"
1#
1%
1&
1'
b1 )
b10110100000010111011111000110111 .
#691800000000
0!
0"
0#
0%
0&
0'
#691850000000
1!
1"
1#
1%
1&
1'
b0 )
b01011010000001011101111100011011 .
#691900000000
0!
0"
0#
0%
0&
0'
#691950000000
1!
1"
1#
1%
1&
1'
b111 )
b101 *
b00101101000000101110111110001101 .
#692000000000
0!
0"
0#
0%
0&
0'
#692050000000
1!
1"
1#
1%
1&
1'
b110 )
b00010110100000010111011111000110 .
#692100000000
0!
0"
0#
0%
0&
0'
#692150000000
1!
1"
1#
1%
1&
1'
b101 )
b11100110111110000011100011000011 .
#692200000000
0!
0"
0#
0%
0&
0'
#692250000000
1!
1"
1#
1%
1&
1'
b100 )
b01110011011111000001110001100001 .
#692300000000
0!
0"
0#
0%
0&
0'
#692350000000
1!
1"
1#
1%
1&
1'
b11 )
b00111001101111100000111000110000 .
#692400000000
0!
0"
0#
0%
0&
0'
#692450000000
1!
1"
1#
1%
1&
1'
b10 )
b11110001011001111000010000111000 .
#692500000000
0!
0"
0#
0%
0&
0'
#692550000000
1!
1"
1#
1%
1&
1'
b1 )
b10010101000010110100000100111100 .
#692600000000
0!
0"
0#
0%
0&
0'
#692650000000
1!
1"
1#
1%
1&
1'
b0 )
b10100111001111010010001110111110 .
#692700000000
0!
0"
0#
0%
0&
0'
#692750000000
1!
1"
1#
1%
1&
1'
b111 )
b0 *
b10111110001001100001001011111111 .
#692800000000
0!
0"
0#
0%
0&
0'
#692850000000
1!
1"
1#
1%
1&
1'
b110 )
0-
b10110010101010111000101001011111 .
#692900000000
0!
0"
0%
0&
#692950000000
1!
1"
0#
1%
1&
0'
b101 )
b10110100111011010100011000001111 .
#693000000000
0!
0"
1#
0%
0&
1'
#693050000000
1!
1"
0#
1%
1&
0'
b100 )
b10110111110011100010000000100111 .
#693100000000
0!
0"
1#
0%
0&
1'
#693150000000
1!
1"
0#
1%
1&
0'
b11 )
b10110110010111111001001100110011 .
#693200000000
0!
0"
1#
0%
0&
1'
#693250000000
1!
1"
0#
1%
1&
0'
b10 )
1-
b01011011001011111100100110011001 .
#693300000000
0!
0"
0%
0&
#693350000000
1!
1"
1#
1%
1&
1'
b1 )
0-
b11000000001011110110011111101100 .
#693400000000
0!
0"
0%
0&
#693450000000
1!
1"
0#
1%
1&
0'
b0 )
b01100000000101111011001111110110 .
#693500000000
0!
0"
1#
0%
0&
1'
#693550000000
1!
1"
0#
1%
1&
0'
b111 )
b1 *
b00110000000010111101100111111011 .
#693600000000
0!
0"
1#
0%
0&
1'
#693650000000
1!
1"
0#
1%
1&
0'
b110 )
b11110101101111010110111111011101 .
#693700000000
0!
0"
1#
0%
0&
1'
#693750000000
1!
1"
0#
1%
1&
0'
b101 )
1-
b01111010110111101011011111101110 .
#693800000000
0!
0"
0%
0&
#693850000000
1!
1"
1#
1%
1&
1'
b100 )
0-
b00111101011011110101101111110111 .
#693900000000
0!
0"
0%
0&
#693950000000
1!
1"
0#
1%
1&
0'
b11 )
b11110011000011110010111011011011 .
#694000000000
0!
0"
1#
0%
0&
1'
#694050000000
1!
1"
0#
1%
1&
0'
b10 )
b10010100001111110001010001001101 .
#694100000000
0!
0"
1#
0%
0&
1'
#694150000000
1!
1"
0#
1%
1&
0'
b1 )
b10100111101001110000100100000110 .
#694200000000
0!
0"
1#
0%
0&
1'
#694250000000
1!
1"
0#
1%
1&
0'
b0 )
b01010011110100111000010010000011 .
#694300000000
0!
0"
1#
0%
0&
1'
#694350000000
1!
1"
0#
1%
1&
0'
b111 )
b10 *
1-
b00101001111010011100001001000001 .
#694400000000
0!
0"
0%
0&
#694450000000
1!
1"
1#
1%
1&
1'
b110 )
0-
b11111001010011000110001000000000 .
#694500000000
0!
0"
0%
0&
#694550000000
1!
1"
0#
1%
1&
0'
b101 )
1-
b10010001000111101011001000100000 .
#694600000000
0!
0"
0%
0&
#694650000000
1!
1"
1#
1%
1&
1'
b100 )
b10100101001101111101101000110000 .
#694700000000
0!
0"
0#
0%
0&
0'
#694750000000
1!
1"
1#
1%
1&
1'
b11 )
0-
b01010010100110111110110100011000 .
#694800000000
0!
0"
0%
0&
#694850000000
1!
1"
0#
1%
1&
0'
b10 )
b00101001010011011111011010001100 .
#694900000000
0!
0"
1#
0%
0&
1'
#694950000000
1!
1"
0#
1%
1&
0'
b1 )
b00010100101001101111101101000110 .
#695000000000
0!
0"
1#
0%
0&
1'
#695050000000
1!
1"
0#
1%
1&
0'
b0 )
b00001010010100110111110110100011 .
#695100000000
0!
0"
1#
0%
0&
1'
#695150000000
1!
1"
0#
1%
1&
0'
b111 )
b11 *
1-
b00000101001010011011111011010001 .
#695200000000
0!
0"
0%
0&
#695250000000
1!
1"
1#
1%
1&
1'
b110 )
0-
b11101111001011000101110001001000 .
#695300000000
0!
0"
0%
0&
#695350000000
1!
1"
0#
1%
1&
0'
b101 )
b01110111100101100010111000100100 .
#695400000000
0!
0"
1#
0%
0&
1'
#695450000000
1!
1"
0#
1%
1&
0'
b100 )
b00111011110010110001011100010010 .
#695500000000
0!
0"
1#
0%
0&
1'
#695550000000
1!
1"
0#
1%
1&
0'
b11 )
1-
b11110000010111010000100010101001 .
#695600000000
0!
0"
0%
0&
#695650000000
1!
1"
1#
1%
1&
1'
b10 )
b01111000001011101000010001010100 .
#695700000000
0!
0"
0#
0%
0&
0'
#695750000000
1!
1"
1#
1%
1&
1'
b1 )
0-
b00111100000101110100001000101010 .
#695800000000
0!
0"
0%
0&
#695850000000
1!
1"
0#
1%
1&
0'
b0 )
b00011110000010111010000100010101 .
#695900000000
0!
0"
1#
0%
0&
1'
#695950000000
1!
1"
0#
1%
1&
0'
b111 )
b100 *
b11100010101111010101001110101010 .
#696000000000
0!
0"
1#
0%
0&
1'
#696050000000
1!
1"
0#
1%
1&
0'
b110 )
b01110001010111101010100111010101 .
#696100000000
0!
0"
1#
0%
0&
1'
#696150000000
1!
1"
0#
1%
1&
0'
b101 )
1-
b00111000101011110101010011101010 .
#696200000000
0!
0"
0%
0&
#696250000000
1!
1"
1#
1%
1&
1'
b100 )
0-
b00011100010101111010101001110101 .
#696300000000
0!
0"
0%
0&
#696350000000
1!
1"
0#
1%
1&
0'
b11 )
1-
b00001110001010111101010100111010 .
#696400000000
0!
0"
0%
0&
#696450000000
1!
1"
1#
1%
1&
1'
b10 )
0-
b00000111000101011110101010011101 .
#696500000000
0!
0"
0%
0&
#696550000000
1!
1"
0#
1%
1&
0'
b1 )
1-
b00000011100010101111010101001110 .
#696600000000
0!
0"
0%
0&
#696650000000
1!
1"
1#
1%
1&
1'
b0 )
b11101100011111011111100110000111 .
#696700000000
0!
0"
0#
0%
0&
0'
#696750000000
1!
1"
1#
1%
1&
1'
b111 )
b101 *
b01110110001111101111110011000011 .
#696800000000
0!
0"
0#
0%
0&
0'
#696850000000
1!
1"
1#
1%
1&
1'
b110 )
0-
b11010110101001111111110101000001 .
#696900000000
0!
0"
0%
0&
#696950000000
1!
1"
0#
1%
1&
0'
b101 )
b10000110111010110111110110000000 .
#697000000000
0!
0"
1#
0%
0&
1'
#697050000000
1!
1"
0#
1%
1&
0'
b100 )
b01000011011101011011111011000000 .
#697100000000
0!
0"
1#
0%
0&
1'
#697150000000
1!
1"
0#
1%
1&
0'
b11 )
1-
b11001100000000100101110001000000 .
#697200000000
0!
0"
0%
0&
#697250000000
1!
1"
1#
1%
1&
1'
b10 )
0-
b01100110000000010010111000100000 .
#697300000000
0!
0"
0%
0&
#697350000000
1!
1"
0#
1%
1&
0'
b1 )
b00110011000000001001011100010000 .
#697400000000
0!
0"
1#
0%
0&
1'
#697450000000
1!
1"
0#
1%
1&
0'
b0 )
b00011001100000000100101110001000 .
#697500000000
0!
0"
1#
0%
0&
1'
#697550000000
1!
1"
0#
1%
1&
0'
b111 )
b0 *
b00001100110000000010010111000100 .
#697600000000
0!
0"
1#
0%
0&
1'
#697650000000
1!
1"
0#
1%
1&
0'
b110 )
b00000110011000000001001011100010 .
#697700000000
0!
0"
1#
0%
0&
1'
#697750000000
1!
1"
0#
1%
1&
0'
b101 )
b00000011001100000000100101110001 .
#697800000000
0!
0"
1#
0%
0&
1'
#697850000000
1!
1"
0#
1%
1&
0'
b100 )
b11101100001000001000011110011000 .
#697900000000
0!
0"
1#
0%
0&
1'
#697950000000
1!
1"
0#
1%
1&
0'
b11 )
1-
b10011011101010001100000011101100 .
#698000000000
0!
0"
0%
0&
#698050000000
1!
1"
1#
1%
1&
1'
b10 )
0-
b01001101110101000110000001110110 .
#698100000000
0!
0"
0%
0&
#698150000000
1!
1"
0#
1%
1&
0'
b1 )
b00100110111010100011000000111011 .
#698200000000
0!
0"
1#
0%
0&
1'
#698250000000
1!
1"
0#
1%
1&
0'
b0 )
b11111110110011011001101100111101 .
#698300000000
0!
0"
1#
0%
0&
1'
#698350000000
1!
1"
0#
1%
1&
0'
b111 )
b1 *
1-
b01111111011001101100110110011110 .
#698400000000
0!
0"
0%
0&
#698450000000
1!
1"
1#
1%
1&
1'
b110 )
b11010010000010111110010111101111 .
#698500000000
0!
0"
0#
0%
0&
0'
#698550000000
1!
1"
1#
1%
1&
1'
b101 )
0-
b10000100101111010111000111010111 .
#698600000000
0!
0"
0%
0&
#698650000000
1!
1"
0#
1%
1&
0'
b100 )
1-
b01000010010111101011100011101011 .
#698700000000
0!
0"
0%
0&
#698750000000
1!
1"
1#
1%
1&
1'
b11 )
0-
b11001100100101111101111101010101 .
#698800000000
0!
0"
0%
0&
#698850000000
1!
1"
0#
1%
1&
0'
b10 )
1-
b01100110010010111110111110101010 .
#698900000000
0!
0"
0%
0&
#698950000000
1!
1"
1#
1%
1&
1'
b1 )
b11011110100111010111010011110101 .
#699000000000
0!
0"
0#
0%
0&
0'
#699050000000
1!
1"
1#
1%
1&
1'
b0 )
0-
b10000010111101100011100101011010 .
#699100000000
0!
0"
0%
0&
#699150000000
1!
1"
0#
1%
1&
0'
b111 )
b0 *
1-
b10101100110000111001111110001101 .
#699200000000
0!
0"
0%
0&
#699250000000
1!
1"
1#
1%
1&
1'
b110 )
0-
b10111011110110010100110011100110 .
#699300000000
0!
0"
0%
0&
#699350000000
1!
1"
0#
1%
1&
0'
b101 )
b01011101111011001010011001110011 .
#699400000000
0!
0"
1#
0%
0&
1'
#699450000000
1!
1"
0#
1%
1&
0'
b100 )
b11000011010011101101000000011001 .
#699500000000
0!
0"
1#
0%
0&
1'
#699550000000
1!
1"
0#
1%
1&
0'
b11 )
b10001100000111111110101100101100 .
#699600000000
0!
0"
1#
0%
0&
1'
#699650000000
1!
1"
0#
1%
1&
0'
b10 )
b01000110000011111111010110010110 .
#699700000000
0!
0"
1#
0%
0&
1'
#699750000000
1!
1"
0#
1%
1&
0'
b1 )
b00100011000001111111101011001011 .
#699800000000
0!
0"
1#
0%
0&
1'
#699850000000
1!
1"
0#
1%
1&
0'
b0 )
b11111100001110110111111001000101 .
#699900000000
0!
0"
1#
0%
0&
1'
#699950000000
1!
1"
0#
1%
1&
0'
b111 )
b1 *
b10010011101001010011110000000010 .
#700000000000
0!
0"
1#
0%
0&
1'
#700050000000
1!
1"
0#
1%
1&
0'
b110 )
b01001001110100101001111000000001 .
#700100000000
0!
0"
1#
0%
0&
1'
#700150000000
1!
1"
0#
1%
1&
0'
b101 )
b11001001010100011100110000100000 .
#700200000000
0!
0"
1#
0%
0&
1'
#700250000000
1!
1"
0#
1%
1&
0'
b100 )
b01100100101010001110011000010000 .
#700300000000
0!
0"
1#
0%
0&
1'
#700350000000
1!
1"
0#
1%
1&
0'
b11 )
b00110010010101000111001100001000 .
#700400000000
0!
0"
1#
0%
0&
1'
#700450000000
1!
1"
0#
1%
1&
0'
b10 )
b00011001001010100011100110000100 .
#700500000000
0!
0"
1#
0%
0&
1'
#700550000000
1!
1"
0#
1%
1&
0'
b1 )
b00001100100101010001110011000010 .
#700600000000
0!
0"
1#
0%
0&
1'
#700650000000
1!
1"
0#
1%
1&
0'
b0 )
b00000110010010101000111001100001 .
#700700000000
0!
0"
1#
0%
0&
1'
#700750000000
1!
1"
0#
1%
1&
0'
b111 )
b10 *
b11101110100111011100010000010000 .
#700800000000
0!
0"
1#
0%
0&
1'
#700850000000
1!
1"
0#
1%
1&
0'
b110 )
b01110111010011101110001000001000 .
#700900000000
0!
0"
1#
0%
0&
1'
#700950000000
1!
1"
0#
1%
1&
0'
b101 )
b00111011101001110111000100000100 .
#701000000000
0!
0"
1#
0%
0&
1'
#701050000000
1!
1"
0#
1%
1&
0'
b100 )
b00011101110100111011100010000010 .
#701100000000
0!
0"
1#
0%
0&
1'
#701150000000
1!
1"
0#
1%
1&
0'
b11 )
b00001110111010011101110001000001 .
#701200000000
0!
0"
1#
0%
0&
1'
#701250000000
1!
1"
0#
1%
1&
0'
b10 )
b11101010110011000110110100000000 .
#701300000000
0!
0"
1#
0%
0&
1'
#701350000000
1!
1"
0#
1%
1&
0'
b1 )
b01110101011001100011011010000000 .
#701400000000
0!
0"
1#
0%
0&
1'
#701450000000
1!
1"
0#
1%
1&
0'
b0 )
b00111010101100110001101101000000 .
#701500000000
0!
0"
1#
0%
0&
1'
#701550000000
1!
1"
0#
1%
1&
0'
b111 )
b11 *
b00011101010110011000110110100000 .
#701600000000
0!
0"
1#
0%
0&
1'
#701650000000
1!
1"
0#
1%
1&
0'
b110 )
b00001110101011001100011011010000 .
#701700000000
0!
0"
1#
0%
0&
1'
#701750000000
1!
1"
0#
1%
1&
0'
b101 )
b00000111010101100110001101101000 .
#701800000000
0!
0"
1#
0%
0&
1'
#701850000000
1!
1"
0#
1%
1&
0'
b100 )
b00000011101010110011000110110100 .
#701900000000
0!
0"
1#
0%
0&
1'
#701950000000
1!
1"
0#
1%
1&
0'
b11 )
b00000001110101011001100011011010 .
#702000000000
0!
0"
1#
0%
0&
1'
#702050000000
1!
1"
0#
1%
1&
0'
b10 )
b00000000111010101100110001101101 .
#702100000000
0!
0"
1#
0%
0&
1'
#702150000000
1!
1"
0#
1%
1&
0'
b1 )
b11101101110011011110010100010110 .
#702200000000
0!
0"
1#
0%
0&
1'
#702250000000
1!
1"
0#
1%
1&
0'
b0 )
b01110110111001101111001010001011 .
#702300000000
0!
0"
1#
0%
0&
1'
#702350000000
1!
1"
0#
1%
1&
0'
b111 )
b100 *
b11010110110010111111101001100101 .
#702400000000
0!
0"
1#
0%
0&
1'
#702450000000
1!
1"
0#
1%
1&
0'
b110 )
b10000110110111010111111000010010 .
#702500000000
0!
0"
1#
0%
0&
1'
#702550000000
1!
1"
0#
1%
1&
0'
b101 )
b01000011011011101011111100001001 .
#702600000000
0!
0"
1#
0%
0&
1'
#702650000000
1!
1"
0#
1%
1&
0'
b100 )
b11001100000011111101110010100100 .
#702700000000
0!
0"
1#
0%
0&
1'
#702750000000
1!
1"
0#
1%
1&
0'
b11 )
b01100110000001111110111001010010 .
#702800000000
0!
0"
1#
0%
0&
1'
#702850000000
1!
1"
0#
1%
1&
0'
b10 )
b00110011000000111111011100101001 .
#702900000000
0!
0"
1#
0%
0&
1'
#702950000000
1!
1"
0#
1%
1&
0'
b1 )
b11110100001110010111100010110100 .
#703000000000
0!
0"
1#
0%
0&
1'
#703050000000
1!
1"
0#
1%
1&
0'
b0 )
b01111010000111001011110001011010 .
#703100000000
0!
0"
1#
0%
0&
1'
#703150000000
1!
1"
0#
1%
1&
0'
b111 )
b101 *
b00111101000011100101111000101101 .
#703200000000
0!
0"
1#
0%
0&
1'
#703250000000
1!
1"
0#
1%
1&
0'
b110 )
b11110011001111111010110000110110 .
#703300000000
0!
0"
1#
0%
0&
1'
#703350000000
1!
1"
0#
1%
1&
0'
b101 )
b01111001100111111101011000011011 .
#703400000000
0!
0"
1#
0%
0&
1'
#703450000000
1!
1"
0#
1%
1&
0'
b100 )
b11010001011101110110100000101101 .
#703500000000
0!
0"
1#
0%
0&
1'
#703550000000
1!
1"
0#
1%
1&
0'
b11 )
b10000101000000110011011100110110 .
#703600000000
0!
0"
1#
0%
0&
1'
#703650000000
1!
1"
0#
1%
1&
0'
b10 )
b01000010100000011001101110011011 .
#703700000000
0!
0"
1#
0%
0&
1'
#703750000000
1!
1"
0#
1%
1&
0'
b1 )
b11001100111110000100111011101101 .
#703800000000
0!
0"
1#
0%
0&
1'
#703850000000
1!
1"
0#
1%
1&
0'
b0 )
b10001011110001001010010001010110 .
#703900000000
0!
0"
1#
0%
0&
1'
#703950000000
1!
1"
0#
1%
1&
0'
b111 )
b110 *
b01000101111000100101001000101011 .
#704000000000
0!
0"
1#
0%
0&
1'
#704050000000
1!
1"
0#
1%
1&
0'
b110 )
b11001111010010011010101000110101 .
#704100000000
0!
0"
1#
0%
0&
1'
#704150000000
1!
1"
0#
1%
1&
0'
b101 )
b10001010000111000101011000111010 .
#704200000000
0!
0"
1#
0%
0&
1'
#704250000000
1!
1"
0#
1%
1&
0'
b100 )
b01000101000011100010101100011101 .
#704300000000
0!
0"
1#
0%
0&
1'
#704350000000
1!
1"
0#
1%
1&
0'
b11 )
b11001111001111111001011010101110 .
#704400000000
0!
0"
1#
0%
0&
1'
#704450000000
1!
1"
0#
1%
1&
0'
b10 )
b01100111100111111100101101010111 .
#704500000000
0!
0"
1#
0%
0&
1'
#704550000000
1!
1"
0#
1%
1&
0'
b1 )
b11011110011101110110011010001011 .
#704600000000
0!
0"
1#
0%
0&
1'
#704650000000
1!
1"
0#
1%
1&
0'
b0 )
b10000010100000110011000001100101 .
#704700000000
0!
0"
1#
0%
0&
1'
#704750000000
1!
1"
0#
1%
1&
0'
b111 )
b111 *
b10101100111110010001101100010010 .
#704800000000
0!
0"
1#
0%
0&
1'
#704850000000
1!
1"
0#
1%
1&
0'
b110 )
b01010110011111001000110110001001 .
#704900000000
0!
0"
1#
0%
0&
1'
#704950000000
1!
1"
0#
1%
1&
0'
b101 )
b11000110100001101100010111100100 .
#705000000000
0!
0"
1#
0%
0&
1'
#705050000000
1!
1"
0#
1%
1&
0'
b100 )
b01100011010000110110001011110010 .
#705100000000
0!
0"
1#
0%
0&
1'
#705150000000
1!
1"
0#
1%
1&
0'
b11 )
b00110001101000011011000101111001 .
#705200000000
0!
0"
1#
0%
0&
1'
#705250000000
1!
1"
0#
1%
1&
0'
b10 )
b11110101011010000101101110011100 .
#705300000000
0!
0"
1#
0%
0&
1'
#705350000000
1!
1"
0#
1%
1&
0'
b1 )
b01111010101101000010110111001110 .
#705400000000
0!
0"
1#
0%
0&
1'
#705450000000
1!
1"
0#
1%
1&
0'
b0 )
b00111101010110100001011011100111 .
#705500000000
0!
0"
1#
0%
0&
1'
#705550000000
1!
1"
0#
1%
1&
0'
b111 )
b1000 *
b11110011000101011000100001010011 .
#705600000000
0!
0"
1#
0%
0&
1'
#705650000000
1!
1"
0#
1%
1&
0'
b110 )
b10010100001100100100011100001001 .
#705700000000
0!
0"
1#
0%
0&
1'
#705750000000
1!
1"
0#
1%
1&
0'
b101 )
b10100111101000011010000010100100 .
#705800000000
0!
0"
1#
0%
0&
1'
#705850000000
1!
1"
0#
1%
1&
0'
b100 )
b01010011110100001101000001010010 .
#705900000000
0!
0"
1#
0%
0&
1'
#705950000000
1!
1"
0#
1%
1&
0'
b11 )
b00101001111010000110100000101001 .
#706000000000
0!
0"
1#
0%
0&
1'
#706050000000
1!
1"
0#
1%
1&
0'
b10 )
b11111001010011001011011100110100 .
#706100000000
0!
0"
1#
0%
0&
1'
#706150000000
1!
1"
0#
1%
1&
0'
b1 )
b01111100101001100101101110011010 .
#706200000000
0!
0"
1#
0%
0&
1'
#706250000000
1!
1"
0#
1%
1&
0'
b0 )
b00111110010100110010110111001101 .
#706300000000
0!
0"
1#
0%
0&
1'
#706350000000
1!
1"
0#
1%
1&
0'
b111 )
b1001 *
b11110010100100010001010111000110 .
#706400000000
0!
0"
1#
0%
0&
1'
#706450000000
1!
1"
0#
1%
1&
0'
b110 )
b01111001010010001000101011100011 .
#706500000000
0!
0"
1#
0%
0&
1'
#706550000000
1!
1"
0#
1%
1&
0'
b101 )
b11010001000111001100011001010001 .
#706600000000
0!
0"
1#
0%
0&
1'
#706650000000
1!
1"
0#
1%
1&
0'
b100 )
b10000101001101101110000000001000 .
#706700000000
0!
0"
1#
0%
0&
1'
#706750000000
1!
1"
0#
1%
1&
0'
b11 )
b01000010100110110111000000000100 .
#706800000000
0!
0"
1#
0%
0&
1'
#706850000000
1!
1"
0#
1%
1&
0'
b10 )
b00100001010011011011100000000010 .
#706900000000
0!
0"
1#
0%
0&
1'
#706950000000
1!
1"
0#
1%
1&
0'
b1 )
b00010000101001101101110000000001 .
#707000000000
0!
0"
1#
0%
0&
1'
#707050000000
1!
1"
0#
1%
1&
0'
b0 )
b11100101111010111110110100100000 .
#707100000000
0!
0"
1#
0%
0&
1'
#707150000000
1!
1"
0#
1%
1&
0'
b111 )
b1010 *
b01110010111101011111011010010000 .
#707200000000
0!
0"
1#
0%
0&
1'
#707250000000
1!
1"
0#
1%
1&
0'
b110 )
b00111001011110101111101101001000 .
#707300000000
0!
0"
1#
0%
0&
1'
#707350000000
1!
1"
0#
1%
1&
0'
b101 )
b00011100101111010111110110100100 .
#707400000000
0!
0"
1#
0%
0&
1'
#707450000000
1!
1"
0#
1%
1&
0'
b100 )
b00001110010111101011111011010010 .
#707500000000
0!
0"
1#
0%
0&
1'
#707550000000
1!
1"
0#
1%
1&
0'
b11 )
b00000111001011110101111101101001 .
#707600000000
0!
0"
1#
0%
0&
1'
#707650000000
1!
1"
0#
1%
1&
0'
b10 )
b11101110001011110010110010010100 .
#707700000000
0!
0"
1#
0%
0&
1'
#707750000000
1!
1"
0#
1%
1&
0'
b1 )
b01110111000101111001011001001010 .
#707800000000
0!
0"
1#
0%
0&
1'
#707850000000
1!
1"
0#
1%
1&
0'
b0 )
b00111011100010111100101100100101 .
#707900000000
0!
0"
1#
0%
0&
1'
#707950000000
1!
1"
0#
1%
1&
0'
b111 )
b1011 *
b11110000011111010110011010110010 .
#708000000000
0!
0"
1#
0%
0&
1'
#708050000000
1!
1"
0#
1%
1&
0'
b110 )
b01111000001111101011001101011001 .
#708100000000
0!
0"
1#
0%
0&
1'
#708150000000
1!
1"
0#
1%
1&
0'
b101 )
b11010001101001111101101010001100 .
#708200000000
0!
0"
1#
0%
0&
1'
#708250000000
1!
1"
0#
1%
1&
0'
b100 )
b01101000110100111110110101000110 .
#708300000000
0!
0"
1#
0%
0&
1'
#708350000000
1!
1"
0#
1%
1&
0'
b11 )
b00110100011010011111011010100011 .
#708400000000
0!
0"
1#
0%
0&
1'
#708450000000
1!
1"
0#
1%
1&
0'
b10 )
b11110111100011000111100001110001 .
#708500000000
0!
0"
1#
0%
0&
1'
#708550000000
1!
1"
0#
1%
1&
0'
b1 )
b10010110011111101011111100011000 .
#708600000000
0!
0"
1#
0%
0&
1'
#708650000000
1!
1"
0#
1%
1&
0'
b0 )
b01001011001111110101111110001100 .
#708700000000
0!
0"
1#
0%
0&
1'
#708750000000
1!
1"
0#
1%
1&
0'
b111 )
b1100 *
b00100101100111111010111111000110 .
#708800000000
0!
0"
1#
0%
0&
1'
#708850000000
1!
1"
0#
1%
1&
0'
b110 )
b00010010110011111101011111100011 .
#708900000000
0!
0"
1#
0%
0&
1'
#708950000000
1!
1"
0#
1%
1&
0'
b101 )
b11100100110111110110100011010001 .
#709000000000
0!
0"
1#
0%
0&
1'
#709050000000
1!
1"
0#
1%
1&
0'
b100 )
b10011111110101110011011101001000 .
#709100000000
0!
0"
1#
0%
0&
1'
#709150000000
1!
1"
0#
1%
1&
0'
b11 )
b01001111111010111001101110100100 .
#709200000000
0!
0"
1#
0%
0&
1'
#709250000000
1!
1"
0#
1%
1&
0'
b10 )
b00100111111101011100110111010010 .
#709300000000
0!
0"
1#
0%
0&
1'
#709350000000
1!
1"
0#
1%
1&
0'
b1 )
b00010011111110101110011011101001 .
#709400000000
0!
0"
1#
0%
0&
1'
#709450000000
1!
1"
0#
1%
1&
0'
b0 )
b11100100010001011111000001010100 .
#709500000000
0!
0"
1#
0%
0&
1'
#709550000000
1!
1"
0#
1%
1&
0'
b111 )
b1101 *
b01110010001000101111100000101010 .
#709600000000
0!
0"
1#
0%
0&
1'
#709650000000
1!
1"
0#
1%
1&
0'
b110 )
b00111001000100010111110000010101 .
#709700000000
0!
0"
1#
0%
0&
1'
#709750000000
1!
1"
0#
1%
1&
0'
b101 )
b11110001001100000011110100101010 .
#709800000000
0!
0"
1#
0%
0&
1'
#709850000000
1!
1"
0#
1%
1&
0'
b100 )
b01111000100110000001111010010101 .
#709900000000
0!
0"
1#
0%
0&
1'
#709950000000
1!
1"
0#
1%
1&
0'
b11 )
b11010001111101001000110001101010 .
#710000000000
0!
0"
1#
0%
0&
1'
#710050000000
1!
1"
0#
1%
1&
0'
b10 )
b01101000111110100100011000110101 .
#710100000000
0!
0"
1#
0%
0&
1'
#710150000000
1!
1"
0#
1%
1&
0'
b1 )
b11011001110001011010000000111010 .
#710200000000
0!
0"
1#
0%
0&
1'
#710250000000
1!
1"
0#
1%
1&
0'
b0 )
b01101100111000101101000000011101 .
#710300000000
0!
0"
1#
0%
0&
1'
#710350000000
1!
1"
0#
1%
1&
0'
b111 )
b1110 *
b11011011110010011110101100101110 .
#710400000000
0!
0"
1#
0%
0&
1'
#710450000000
1!
1"
0#
1%
1&
0'
b110 )
b01101101111001001111010110010111 .
#710500000000
0!
0"
1#
0%
0&
1'
#710550000000
1!
1"
0#
1%
1&
0'
b101 )
b11011011010010101111100111101011 .
#710600000000
0!
0"
1#
0%
0&
1'
#710650000000
1!
1"
0#
1%
1&
0'
b100 )
b10000000000111011111111111010101 .
#710700000000
0!
0"
1#
0%
0&
1'
#710750000000
1!
1"
0#
1%
1&
0'
b11 )
b10101101101101100111110011001010 .
#710800000000
0!
0"
1#
0%
0&
1'
#710850000000
1!
1"
0#
1%
1&
0'
b10 )
b01010110110110110011111001100101 .
#710900000000
0!
0"
1#
0%
0&
1'
#710950000000
1!
1"
0#
1%
1&
0'
b1 )
b11000110110101010001110000010010 .
#711000000000
0!
0"
1#
0%
0&
1'
#711050000000
1!
1"
0#
1%
1&
0'
b0 )
b01100011011010101000111000001001 .
#711100000000
0!
0"
1#
0%
0&
1'
#711150000000
1!
1"
0#
1%
1&
0'
b111 )
b1111 *
b11011100000011011100010000100100 .
#711200000000
0!
0"
1#
0%
0&
1'
#711250000000
1!
1"
0#
1%
1&
0'
b110 )
b01101110000001101110001000010010 .
#711300000000
0!
0"
1#
0%
0&
1'
#711350000000
1!
1"
0#
1%
1&
0'
b101 )
b00110111000000110111000100001001 .
#711400000000
0!
0"
1#
0%
0&
1'
#711450000000
1!
1"
0#
1%
1&
0'
b100 )
b11110110001110010011101110100100 .
#711500000000
0!
0"
1#
0%
0&
1'
#711550000000
1!
1"
0#
1%
1&
0'
b11 )
b01111011000111001001110111010010 .
#711600000000
0!
0"
1#
0%
0&
1'
#711650000000
1!
1"
0#
1%
1&
0'
b10 )
b00111101100011100100111011101001 .
#711700000000
0!
0"
1#
0%
0&
1'
#711750000000
1!
1"
0#
1%
1&
0'
b1 )
b11110011011111111010010001010100 .
#711800000000
0!
0"
1#
0%
0&
1'
#711850000000
1!
1"
0#
1%
1&
0'
b0 )
b01111001101111111101001000101010 .
#711900000000
0!
0"
1#
0%
0&
1'
#711950000000
1!
1"
0#
1%
1&
0'
b111 )
b10000 *
b00111100110111111110100100010101 .
#712000000000
0!
0"
1#
0%
0&
1'
#712050000000
1!
1"
0#
1%
1&
0'
b110 )
b11110011110101110111011110101010 .
#712100000000
0!
0"
1#
0%
0&
1'
#712150000000
1!
1"
0#
1%
1&
0'
b101 )
b01111001111010111011101111010101 .
#712200000000
0!
0"
1#
0%
0&
1'
#712250000000
1!
1"
0#
1%
1&
0'
b100 )
b11010001010011010101111011001010 .
#712300000000
0!
0"
1#
0%
0&
1'
#712350000000
1!
1"
0#
1%
1&
0'
b11 )
b01101000101001101010111101100101 .
#712400000000
0!
0"
1#
0%
0&
1'
#712450000000
1!
1"
0#
1%
1&
0'
b10 )
b11011001111010111101010010010010 .
#712500000000
0!
0"
1#
0%
0&
1'
#712550000000
1!
1"
0#
1%
1&
0'
b1 )
b01101100111101011110101001001001 .
#712600000000
0!
0"
1#
0%
0&
1'
#712650000000
1!
1"
0#
1%
1&
0'
b0 )
b11011011110000100111011000000100 .
#712700000000
0!
0"
1#
0%
0&
1'
#712750000000
1!
1"
0#
1%
1&
0'
b111 )
b10001 *
b01101101111000010011101100000010 .
#712800000000
0!
0"
1#
0%
0&
1'
#712850000000
1!
1"
0#
1%
1&
0'
b110 )
b00110110111100001001110110000001 .
#712900000000
0!
0"
1#
0%
0&
1'
#712950000000
1!
1"
0#
1%
1&
0'
b101 )
b11110110110000001100110111100000 .
#713000000000
0!
0"
1#
0%
0&
1'
#713050000000
1!
1"
0#
1%
1&
0'
b100 )
b01111011011000000110011011110000 .
#713100000000
0!
0"
1#
0%
0&
1'
#713150000000
1!
1"
0#
1%
1&
0'
b11 )
b00111101101100000011001101111000 .
#713200000000
0!
0"
1#
0%
0&
1'
#713250000000
1!
1"
0#
1%
1&
0'
b10 )
b00011110110110000001100110111100 .
#713300000000
0!
0"
1#
0%
0&
1'
#713350000000
1!
1"
0#
1%
1&
0'
b1 )
b00001111011011000000110011011110 .
#713400000000
0!
0"
1#
0%
0&
1'
#713450000000
1!
1"
0#
1%
1&
0'
b0 )
b00000111101101100000011001101111 .
#713500000000
0!
0"
1#
0%
0&
1'
#713550000000
1!
1"
0#
1%
1&
0'
b111 )
b10010 *
b11101110011000111000000000010111 .
#713600000000
0!
0"
1#
0%
0&
1'
#713650000000
1!
1"
0#
1%
1&
0'
b110 )
b10011010100010010100001100101011 .
#713700000000
0!
0"
1#
0%
0&
1'
#713750000000
1!
1"
0#
1%
1&
0'
b101 )
b10100000111111000010001010110101 .
#713800000000
0!
0"
1#
0%
0&
1'
#713850000000
1!
1"
0#
1%
1&
0'
b100 )
b10111101110001101001001001111010 .
#713900000000
0!
0"
1#
0%
0&
1'
#713950000000
1!
1"
0#
1%
1&
0'
b11 )
b01011110111000110100100100111101 .
#714000000000
0!
0"
1#
0%
0&
1'
#714050000000
1!
1"
0#
1%
1&
0'
b10 )
b11000010110010010010011110111110 .
#714100000000
0!
0"
1#
0%
0&
1'
#714150000000
1!
1"
0#
1%
1&
0'
b1 )
b01100001011001001001001111011111 .
#714200000000
0!
0"
1#
0%
0&
1'
#714250000000
1!
1"
0#
1%
1&
0'
b0 )
b11011101000010101100101011001111 .
#714300000000
0!
0"
1#
0%
0&
1'
#714350000000
1!
1"
0#
1%
1&
0'
b111 )
b10011 *
b10000011001111011110011001000111 .
#714400000000
0!
0"
1#
0%
0&
1'
#714450000000
1!
1"
0#
1%
1&
0'
b110 )
b10101100001001100111000000000011 .
#714500000000
0!
0"
1#
0%
0&
1'
#714550000000
1!
1"
0#
1%
1&
0'
b101 )
b10111011101010111011101100100001 .
#714600000000
0!
0"
1#
0%
0&
1'
#714650000000
1!
1"
0#
1%
1&
0'
b100 )
b10110000011011010101111010110000 .
#714700000000
0!
0"
1#
0%
0&
1'
#714750000000
1!
1"
0#
1%
1&
0'
b11 )
b01011000001101101010111101011000 .
#714800000000
0!
0"
1#
0%
0&
1'
#714850000000
1!
1"
0#
1%
1&
0'
b10 )
b00101100000110110101011110101100 .
#714900000000
0!
0"
1#
0%
0&
1'
#714950000000
1!
1"
0#
1%
1&
0'
b1 )
b00010110000011011010101111010110 .
#715000000000
0!
0"
1#
0%
0&
1'
#715050000000
1!
1"
0#
1%
1&
0'
b0 )
b00001011000001101101010111101011 .
#715100000000
0!
0"
1#
0%
0&
1'
#715150000000
1!
1"
0#
1%
1&
0'
b111 )
b10100 *
b11101000001110111110100111010101 .
#715200000000
0!
0"
1#
0%
0&
1'
#715250000000
1!
1"
0#
1%
1&
0'
b110 )
b10011001101001010111011111001010 .
#715300000000
0!
0"
1#
0%
0&
1'
#715350000000
1!
1"
0#
1%
1&
0'
b101 )
b01001100110100101011101111100101 .
#715400000000
0!
0"
1#
0%
0&
1'
#715450000000
1!
1"
0#
1%
1&
0'
b100 )
b11001011110100011101111011010010 .
#715500000000
0!
0"
1#
0%
0&
1'
#715550000000
1!
1"
0#
1%
1&
0'
b11 )
b01100101111010001110111101101001 .
#715600000000
0!
0"
1#
0%
0&
1'
#715650000000
1!
1"
0#
1%
1&
0'
b10 )
b11011111010011001111010010010100 .
#715700000000
0!
0"
1#
0%
0&
1'
#715750000000
1!
1"
0#
1%
1&
0'
b1 )
b01101111101001100111101001001010 .
#715800000000
0!
0"
1#
0%
0&
1'
#715850000000
1!
1"
0#
1%
1&
0'
b0 )
b00110111110100110011110100100101 .
#715900000000
0!
0"
1#
0%
0&
1'
#715950000000
1!
1"
0#
1%
1&
0'
b111 )
b10101 *
b11110110010100010001110110110010 .
#716000000000
0!
0"
1#
0%
0&
1'
#716050000000
1!
1"
0#
1%
1&
0'
b110 )
b01111011001010001000111011011001 .
#716100000000
0!
0"
1#
0%
0&
1'
#716150000000
1!
1"
0#
1%
1&
0'
b101 )
b11010000001011001100010001001100 .
#716200000000
0!
0"
1#
0%
0&
1'
#716250000000
1!
1"
0#
1%
1&
0'
b100 )
b01101000000101100110001000100110 .
#716300000000
0!
0"
1#
0%
0&
1'
#716350000000
1!
1"
0#
1%
1&
0'
b11 )
b00110100000010110011000100010011 .
#716400000000
0!
0"
1#
0%
0&
1'
#716450000000
1!
1"
0#
1%
1&
0'
b10 )
b11110111101111010001101110101001 .
#716500000000
0!
0"
1#
0%
0&
1'
#716550000000
1!
1"
0#
1%
1&
0'
b1 )
b10010110011001100000111011110100 .
#716600000000
0!
0"
1#
0%
0&
1'
#716650000000
1!
1"
0#
1%
1&
0'
b0 )
b01001011001100110000011101111010 .
#716700000000
0!
0"
1#
0%
0&
1'
#716750000000
1!
1"
0#
1%
1&
0'
b111 )
b10110 *
b00100101100110011000001110111101 .
#716800000000
0!
0"
1#
0%
0&
1'
#716850000000
1!
1"
0#
1%
1&
0'
b110 )
b11111111011101000100001011111110 .
#716900000000
0!
0"
1#
0%
0&
1'
#716950000000
1!
1"
0#
1%
1&
0'
b101 )
b01111111101110100010000101111111 .
#717000000000
0!
0"
1#
0%
0&
1'
#717050000000
1!
1"
0#
1%
1&
0'
b100 )
b11010010011001011001001110011111 .
#717100000000
0!
0"
1#
0%
0&
1'
#717150000000
1!
1"
0#
1%
1&
0'
b11 )
b10000100100010100100101011101111 .
#717200000000
0!
0"
1#
0%
0&
1'
#717250000000
1!
1"
0#
1%
1&
0'
b10 )
b10101111111111011010011001010111 .
#717300000000
0!
0"
1#
0%
0&
1'
#717350000000
1!
1"
0#
1%
1&
0'
b1 )
b10111010010001100101000000001011 .
#717400000000
0!
0"
1#
0%
0&
1'
#717450000000
1!
1"
0#
1%
1&
0'
b0 )
b10110000100110111010101100100101 .
#717500000000
0!
0"
1#
0%
0&
1'
#717550000000
1!
1"
0#
1%
1&
0'
b111 )
b10111 *
b10110101111101010101011010110010 .
#717600000000
0!
0"
1#
0%
0&
1'
#717650000000
1!
1"
0#
1%
1&
0'
b110 )
b01011010111110101010101101011001 .
#717700000000
0!
0"
1#
0%
0&
1'
#717750000000
1!
1"
0#
1%
1&
0'
b101 )
b11000000110001011101011010001100 .
#717800000000
0!
0"
1#
0%
0&
1'
#717850000000
1!
1"
0#
1%
1&
0'
b100 )
b01100000011000101110101101000110 .
#717900000000
0!
0"
1#
0%
0&
1'
#717950000000
1!
1"
0#
1%
1&
0'
b11 )
b00110000001100010111010110100011 .
#718000000000
0!
0"
1#
0%
0&
1'
#718050000000
1!
1"
0#
1%
1&
0'
b10 )
b11110101101000000011100111110001 .
#718100000000
0!
0"
1#
0%
0&
1'
#718150000000
1!
1"
0#
1%
1&
0'
b1 )
b10010111011010001001111111011000 .
#718200000000
0!
0"
1#
0%
0&
1'
#718250000000
1!
1"
0#
1%
1&
0'
b0 )
b01001011101101000100111111101100 .
#718300000000
0!
0"
1#
0%
0&
1'
#718350000000
1!
1"
0#
1%
1&
0'
b111 )
b11000 *
b00100101110110100010011111110110 .
#718400000000
0!
0"
1#
0%
0&
1'
#718450000000
1!
1"
0#
1%
1&
0'
b110 )
b00010010111011010001001111111011 .
#718500000000
0!
0"
1#
0%
0&
1'
#718550000000
1!
1"
0#
1%
1&
0'
b101 )
b11100100110011100000101011011101 .
#718600000000
0!
0"
1#
0%
0&
1'
#718650000000
1!
1"
0#
1%
1&
0'
b100 )
b10011111110111111000011001001110 .
#718700000000
0!
0"
1#
0%
0&
1'
#718750000000
1!
1"
0#
1%
1&
0'
b11 )
b01001111111011111100001100100111 .
#718800000000
0!
0"
1#
0%
0&
1'
#718850000000
1!
1"
0#
1%
1&
0'
b10 )
b11001010010011110110001010110011 .
#718900000000
0!
0"
1#
0%
0&
1'
#718950000000
1!
1"
0#
1%
1&
0'
b1 )
b10001000100111110011001001111001 .
#719000000000
0!
0"
1#
0%
0&
1'
#719050000000
1!
1"
0#
1%
1&
0'
b0 )
b10101001111101110001101000011100 .
#719100000000
0!
0"
1#
0%
0&
1'
#719150000000
1!
1"
0#
1%
1&
0'
b111 )
b11001 *
b01010100111110111000110100001110 .
#719200000000
0!
0"
1#
0%
0&
1'
#719250000000
1!
1"
0#
1%
1&
0'
b110 )
b00101010011111011100011010000111 .
#719300000000
0!
0"
1#
0%
0&
1'
#719350000000
1!
1"
0#
1%
1&
0'
b101 )
b11111000100001100110000001100011 .
#719400000000
0!
0"
1#
0%
0&
1'
#719450000000
1!
1"
0#
1%
1&
0'
b100 )
b10010001111110111011001100010001 .
#719500000000
0!
0"
1#
0%
0&
1'
#719550000000
1!
1"
0#
1%
1&
0'
b11 )
b10100101010001010101101010101000 .
#719600000000
0!
0"
1#
0%
0&
1'
#719650000000
1!
1"
0#
1%
1&
0'
b10 )
b01010010101000101010110101010100 .
#719700000000
0!
0"
1#
0%
0&
1'
#719750000000
1!
1"
0#
1%
1&
0'
b1 )
b00101001010100010101011010101010 .
#719800000000
0!
0"
1#
0%
0&
1'
#719850000000
1!
1"
0#
1%
1&
0'
b0 )
b00010100101010001010101101010101 .
#719900000000
0!
0"
1#
0%
0&
1'
#719950000000
1!
1"
0#
1%
1&
0'
b111 )
b11010 *
b11100111111011001101011010001010 .
#720000000000
0!
0"
1#
0%
0&
1'
#720050000000
1!
1"
0#
1%
1&
0'
b110 )
b01110011111101100110101101000101 .
#720100000000
0!
0"
1#
0%
0&
1'
#720150000000
1!
1"
0#
1%
1&
0'
b101 )
b11010100010000111011011010000010 .
#720200000000
0!
0"
1#
0%
0&
1'
#720250000000
1!
1"
0#
1%
1&
0'
b100 )
b01101010001000011101101101000001 .
#720300000000
0!
0"
1#
0%
0&
1'
#720350000000
1!
1"
0#
1%
1&
0'
b11 )
b11011000101010000110111010000000 .
#720400000000
0!
0"
1#
0%
0&
1'
#720450000000
1!
1"
0#
1%
1&
0'
b10 )
b01101100010101000011011101000000 .
#720500000000
0!
0"
1#
0%
0&
1'
#720550000000
1!
1"
0#
1%
1&
0'
b1 )
b00110110001010100001101110100000 .
#720600000000
0!
0"
1#
0%
0&
1'
#720650000000
1!
1"
0#
1%
1&
0'
b0 )
b00011011000101010000110111010000 .
#720700000000
0!
0"
1#
0%
0&
1'
#720750000000
1!
1"
0#
1%
1&
0'
b111 )
b11011 *
b00001101100010101000011011101000 .
#720800000000
0!
0"
1#
0%
0&
1'
#720850000000
1!
1"
0#
1%
1&
0'
b110 )
b00000110110001010100001101110100 .
#720900000000
0!
0"
1#
0%
0&
1'
#720950000000
1!
1"
0#
1%
1&
0'
b101 )
b00000011011000101010000110111010 .
#721000000000
0!
0"
1#
0%
0&
1'
#721050000000
1!
1"
0#
1%
1&
0'
b100 )
b00000001101100010101000011011101 .
#721100000000
0!
0"
1#
0%
0&
1'
#721150000000
1!
1"
0#
1%
1&
0'
b11 )
b11101101011000000010101101001110 .
#721200000000
0!
0"
1#
0%
0&
1'
#721250000000
1!
1"
0#
1%
1&
0'
b10 )
b01110110101100000001010110100111 .
#721300000000
0!
0"
1#
0%
0&
1'
#721350000000
1!
1"
0#
1%
1&
0'
b1 )
b11010110111000001000100111110011 .
#721400000000
0!
0"
1#
0%
0&
1'
#721450000000
1!
1"
0#
1%
1&
0'
b0 )
b10000110110010001100011111011001 .
#721500000000
0!
0"
1#
0%
0&
1'
#721550000000
1!
1"
0#
1%
1&
0'
b111 )
b11100 *
b10101110110111001110000011001100 .
#721600000000
0!
0"
1#
0%
0&
1'
#721650000000
1!
1"
0#
1%
1&
0'
b110 )
b01010111011011100111000001100110 .
#721700000000
0!
0"
1#
0%
0&
1'
#721750000000
1!
1"
0#
1%
1&
0'
b101 )
b00101011101101110011100000110011 .
#721800000000
0!
0"
1#
0%
0&
1'
#721850000000
1!
1"
0#
1%
1&
0'
b100 )
b11111000011000110001111100111001 .
#721900000000
0!
0"
1#
0%
0&
1'
#721950000000
1!
1"
0#
1%
1&
0'
b11 )
b10010001100010010000110010111100 .
#722000000000
0!
0"
1#
0%
0&
1'
#722050000000
1!
1"
0#
1%
1&
0'
b10 )
b01001000110001001000011001011110 .
#722100000000
0!
0"
1#
0%
0&
1'
#722150000000
1!
1"
0#
1%
1&
0'
b1 )
b00100100011000100100001100101111 .
#722200000000
0!
0"
1#
0%
0&
1'
#722250000000
1!
1"
0#
1%
1&
0'
b0 )
b11111111100010011010001010110111 .
#722300000000
0!
0"
1#
0%
0&
1'
#722350000000
1!
1"
0#
1%
1&
0'
b111 )
b11101 *
b10010010011111000101001001111011 .
#722400000000
0!
0"
1#
0%
0&
1'
#722450000000
1!
1"
0#
1%
1&
0'
b110 )
b10100100100001101010101000011101 .
#722500000000
0!
0"
1#
0%
0&
1'
#722550000000
1!
1"
0#
1%
1&
0'
b101 )
b10111111111110111101011000101110 .
#722600000000
0!
0"
1#
0%
0&
1'
#722650000000
1!
1"
0#
1%
1&
0'
b100 )
b01011111111111011110101100010111 .
#722700000000
0!
0"
1#
0%
0&
1'
#722750000000
1!
1"
0#
1%
1&
0'
b11 )
b11000010010001100111011010101011 .
#722800000000
0!
0"
1#
0%
0&
1'
#722850000000
1!
1"
0#
1%
1&
0'
b10 )
b10001100100110111011100001110101 .
#722900000000
0!
0"
1#
0%
0&
1'
#722950000000
1!
1"
0#
1%
1&
0'
b1 )
b10101011111101010101111100011010 .
#723000000000
0!
0"
1#
0%
0&
1'
#723050000000
1!
1"
0#
1%
1&
0'
b0 )
b01010101111110101010111110001101 .
#723100000000
0!
0"
1#
0%
0&
1'
#723150000000
1!
1"
0#
1%
1&
0'
b111 )
b11110 *
b11000111010001011101010011100110 .
#723200000000
0!
0"
1#
0%
0&
1'
#723250000000
1!
1"
0#
1%
1&
0'
b110 )
b01100011101000101110101001110011 .
#723300000000
0!
0"
1#
0%
0&
1'
#723350000000
1!
1"
0#
1%
1&
0'
b101 )
b11011100011010011111011000011001 .
#723400000000
0!
0"
1#
0%
0&
1'
#723450000000
1!
1"
0#
1%
1&
0'
b100 )
b10000011100011000111100000101100 .
#723500000000
0!
0"
1#
0%
0&
1'
#723550000000
1!
1"
0#
1%
1&
0'
b11 )
b01000001110001100011110000010110 .
#723600000000
0!
0"
1#
0%
0&
1'
#723650000000
1!
1"
0#
1%
1&
0'
b10 )
b00100000111000110001111000001011 .
#723700000000
0!
0"
1#
0%
0&
1'
#723750000000
1!
1"
0#
1%
1&
0'
b1 )
b11111101110010010000110000100101 .
#723800000000
0!
0"
1#
0%
0&
1'
#723850000000
1!
1"
0#
1%
1&
0'
b0 )
b10010011010111000000010100110010 .
#723900000000
0!
0"
1#
0%
0&
1'
#723950000000
1!
1"
0#
1%
1&
0'
b111 )
b11111 *
b01001001101011100000001010011001 .
#724000000000
0!
0"
1#
0%
0&
1'
#724050000000
1!
1"
0#
1%
1&
0'
b110 )
b11001001011011111000001001101100 .
#724100000000
0!
0"
1#
0%
0&
1'
#724150000000
1!
1"
0#
1%
1&
0'
b101 )
b01100100101101111100000100110110 .
#724200000000
0!
0"
1#
0%
0&
1'
#724250000000
1!
1"
0#
1%
1&
0'
b100 )
b00110010010110111110000010011011 .
#724300000000
0!
0"
1#
0%
0&
1'
#724350000000
1!
1"
0#
1%
1&
0'
b11 )
b11110100100101010111001101101101 .
#724400000000
0!
0"
1#
0%
0&
1'
#724450000000
1!
1"
0#
1%
1&
0'
b10 )
b10010111111100100011101010010110 .
#724500000000
0!
0"
1#
0%
0&
1'
#724550000000
1!
1"
0#
1%
1&
0'
b1 )
b01001011111110010001110101001011 .
#724600000000
0!
0"
1#
0%
0&
1'
#724650000000
1!
1"
0#
1%
1&
0'
b0 )
b11001000010001000000110110000101 .
#724700000000
0!
0"
1#
0%
0&
1'
#724750000000
1!
1"
0#
1%
1&
0'
b111 )
b100000 *
b10001001100110101000010111100010 .
#724800000000
0!
0"
1#
0%
0&
1'
#724850000000
1!
1"
0#
1%
1&
0'
b110 )
b01000100110011010100001011110001 .
#724900000000
0!
0"
1#
0%
0&
1'
#724950000000
1!
1"
0#
1%
1&
0'
b101 )
b11001111110111100010001001011000 .
#725000000000
0!
0"
1#
0%
0&
1'
#725050000000
1!
1"
0#
1%
1&
0'
b100 )
b01100111111011110001000100101100 .
#725100000000
0!
0"
1#
0%
0&
1'
#725150000000
1!
1"
0#
1%
1&
0'
b11 )
b00110011111101111000100010010110 .
#725200000000
0!
0"
1#
0%
0&
1'
#725250000000
1!
1"
0#
1%
1&
0'
b10 )
b00011001111110111100010001001011 .
#725300000000
0!
0"
1#
0%
0&
1'
#725350000000
1!
1"
0#
1%
1&
0'
b1 )
b11100001010001010110000100000101 .
#725400000000
0!
0"
1#
0%
0&
1'
#725450000000
1!
1"
0#
1%
1&
0'
b0 )
b10011101000110100011001110100010 .
#725500000000
0!
0"
1#
0%
0&
1'
#725550000000
1!
1"
0#
1%
1&
0'
b111 )
b100001 *
b01001110100011010001100111010001 .
#725600000000
0!
0"
1#
0%
0&
1'
#725650000000
1!
1"
0#
1%
1&
0'
b110 )
b11001010111111100000111111001000 .
#725700000000
0!
0"
1#
0%
0&
1'
#725750000000
1!
1"
0#
1%
1&
0'
b101 )
b01100101011111110000011111100100 .
#725800000000
0!
0"
1#
0%
0&
1'
#725850000000
1!
1"
0#
1%
1&
0'
b100 )
b00110010101111111000001111110010 .
#725900000000
0!
0"
1#
0%
0&
1'
#725950000000
1!
1"
0#
1%
1&
0'
b11 )
b00011001010111111100000111111001 .
#726000000000
0!
0"
1#
0%
0&
1'
#726050000000
1!
1"
0#
1%
1&
0'
b10 )
b11100001000101110110001111011100 .
#726100000000
0!
0"
1#
0%
0&
1'
#726150000000
1!
1"
0#
1%
1&
0'
b1 )
b01110000100010111011000111101110 .
#726200000000
0!
0"
1#
0%
0&
1'
#726250000000
1!
1"
0#
1%
1&
0'
b0 )
b00111000010001011101100011110111 .
#726300000000
0!
0"
1#
0%
0&
1'
#726350000000
1!
1"
0#
1%
1&
0'
b111 )
b100010 *
b11110001100110100110111101011011 .
#726400000000
0!
0"
1#
0%
0&
1'
#726450000000
1!
1"
0#
1%
1&
0'
b110 )
b10010101011101011011010010001101 .
#726500000000
0!
0"
1#
0%
0&
1'
#726550000000
1!
1"
0#
1%
1&
0'
b101 )
b10100111000000100101100101100110 .
#726600000000
0!
0"
1#
0%
0&
1'
#726650000000
1!
1"
0#
1%
1&
0'
b100 )
b01010011100000010010110010110011 .
#726700000000
0!
0"
1#
0%
0&
1'
#726750000000
1!
1"
0#
1%
1&
0'
b11 )
b11000100011110000001010101111001 .
#726800000000
0!
0"
1#
0%
0&
1'
#726850000000
1!
1"
0#
1%
1&
0'
b10 )
b10001111100001001000100110011100 .
#726900000000
0!
0"
1#
0%
0&
1'
#726950000000
1!
1"
0#
1%
1&
0'
b1 )
b01000111110000100100010011001110 .
#727000000000
0!
0"
1#
0%
0&
1'
#727050000000
1!
1"
0#
1%
1&
0'
b0 )
b00100011111000010010001001100111 .
#727100000000
0!
0"
1#
0%
0&
1'
#727150000000
1!
1"
0#
1%
1&
0'
b111 )
b100011 *
b11111100010010000001001000010011 .
#727200000000
0!
0"
1#
0%
0&
1'
#727250000000
1!
1"
0#
1%
1&
0'
b110 )
b10010011100111001000101000101001 .
#727300000000
0!
0"
1#
0%
0&
1'
#727350000000
1!
1"
0#
1%
1&
0'
b101 )
b10100100011101101100011000110100 .
#727400000000
0!
0"
1#
0%
0&
1'
#727450000000
1!
1"
0#
1%
1&
0'
b100 )
b01010010001110110110001100011010 .
#727500000000
0!
0"
1#
0%
0&
1'
#727550000000
1!
1"
0#
1%
1&
0'
b11 )
b00101001000111011011000110001101 .
#727600000000
0!
0"
1#
0%
0&
1'
#727650000000
1!
1"
0#
1%
1&
0'
b10 )
b11111001001101100101101111100110 .
#727700000000
0!
0"
1#
0%
0&
1'
#727750000000
1!
1"
0#
1%
1&
0'
b1 )
b01111100100110110010110111110011 .
#727800000000
0!
0"
1#
0%
0&
1'
#727850000000
1!
1"
0#
1%
1&
0'
b0 )
b11010011111101010001010111011001 .
#727900000000
0!
0"
1#
0%
0&
1'
#727950000000
1!
1"
0#
1%
1&
0'
b111 )
b100100 *
b10000100010000100000100111001100 .
#728000000000
0!
0"
1#
0%
0&
1'
#728050000000
1!
1"
0#
1%
1&
0'
b110 )
b01000010001000010000010011100110 .
#728100000000
0!
0"
1#
0%
0&
1'
#728150000000
1!
1"
0#
1%
1&
0'
b101 )
b00100001000100001000001001110011 .
#728200000000
0!
0"
1#
0%
0&
1'
#728250000000
1!
1"
0#
1%
1&
0'
b100 )
b11111101001100001100001000011001 .
#728300000000
0!
0"
1#
0%
0&
1'
#728350000000
1!
1"
0#
1%
1&
0'
b11 )
b10010011001000001110001000101100 .
#728400000000
0!
0"
1#
0%
0&
1'
#728450000000
1!
1"
0#
1%
1&
0'
b10 )
b01001001100100000111000100010110 .
#728500000000
0!
0"
1#
0%
0&
1'
#728550000000
1!
1"
0#
1%
1&
0'
b1 )
b00100100110010000011100010001011 .
#728600000000
0!
0"
1#
0%
0&
1'
#728650000000
1!
1"
0#
1%
1&
0'
b0 )
b11111111110111001001111101100101 .
#728700000000
0!
0"
1#
0%
0&
1'
#728750000000
1!
1"
0#
1%
1&
0'
b111 )
b100101 *
b10010010010101101100110010010010 .
#728800000000
0!
0"
1#
0%
0&
1'
#728850000000
1!
1"
0#
1%
1&
0'
b110 )
b01001001001010110110011001001001 .
#728900000000
0!
0"
1#
0%
0&
1'
#728950000000
1!
1"
0#
1%
1&
0'
b101 )
b11001001001011010011000000000100 .
#729000000000
0!
0"
1#
0%
0&
1'
#729050000000
1!
1"
0#
1%
1&
0'
b100 )
b01100100100101101001100000000010 .
#729100000000
0!
0"
1#
0%
0&
1'
#729150000000
1!
1"
0#
1%
1&
0'
b11 )
b00110010010010110100110000000001 .
#729200000000
0!
0"
1#
0%
0&
1'
#729250000000
1!
1"
0#
1%
1&
0'
b10 )
b11110100100111010010010100100000 .
#729300000000
0!
0"
1#
0%
0&
1'
#729350000000
1!
1"
0#
1%
1&
0'
b1 )
b01111010010011101001001010010000 .
#729400000000
0!
0"
1#
0%
0&
1'
#729450000000
1!
1"
0#
1%
1&
0'
b0 )
b00111101001001110100100101001000 .
#729500000000
0!
0"
1#
0%
0&
1'
#729550000000
1!
1"
0#
1%
1&
0'
b111 )
b100110 *
b00011110100100111010010010100100 .
#729600000000
0!
0"
1#
0%
0&
1'
#729650000000
1!
1"
0#
1%
1&
0'
b110 )
b00001111010010011101001001010010 .
#729700000000
0!
0"
1#
0%
0&
1'
#729750000000
1!
1"
0#
1%
1&
0'
b101 )
b00000111101001001110100100101001 .
#729800000000
0!
0"
1#
0%
0&
1'
#729850000000
1!
1"
0#
1%
1&
0'
b100 )
b11101110011010101111011110110100 .
#729900000000
0!
0"
1#
0%
0&
1'
#729950000000
1!
1"
0#
1%
1&
0'
b11 )
b01110111001101010111101111011010 .
#730000000000
0!
0"
1#
0%
0&
1'
#730050000000
1!
1"
0#
1%
1&
0'
b10 )
b00111011100110101011110111101101 .
#730100000000
0!
0"
1#
0%
0&
1'
#730150000000
1!
1"
0#
1%
1&
0'
b1 )
b11110000011101011101110111010110 .
#730200000000
0!
0"
1#
0%
0&
1'
#730250000000
1!
1"
0#
1%
1&
0'
b0 )
b01111000001110101110111011101011 .
#730300000000
0!
0"
1#
0%
0&
1'
#730350000000
1!
1"
0#
1%
1&
0'
b111 )
b100111 *
b11010001101001011111010001010101 .
#730400000000
0!
0"
1#
0%
0&
1'
#730450000000
1!
1"
0#
1%
1&
0'
b110 )
b10000101011010100111100100001010 .
#730500000000
0!
0"
1#
0%
0&
1'
#730550000000
1!
1"
0#
1%
1&
0'
b101 )
b01000010101101010011110010000101 .
#730600000000
0!
0"
1#
0%
0&
1'
#730650000000
1!
1"
0#
1%
1&
0'
b100 )
b11001100111000100001110101100010 .
#730700000000
0!
0"
1#
0%
0&
1'
#730750000000
1!
1"
0#
1%
1&
0'
b11 )
b01100110011100010000111010110001 .
#730800000000
0!
0"
1#
0%
0&
1'
#730850000000
1!
1"
0#
1%
1&
0'
b10 )
b11011110100000000000010001111000 .
#730900000000
0!
0"
1#
0%
0&
1'
#730950000000
1!
1"
0#
1%
1&
0'
b1 )
b01101111010000000000001000111100 .
#731000000000
0!
0"
1#
0%
0&
1'
#731050000000
1!
1"
0#
1%
1&
0'
b0 )
b00110111101000000000000100011110 .
#731100000000
0!
0"
1#
0%
0&
1'
#731150000000
1!
1"
0#
1%
1&
0'
b111 )
b101000 *
b00011011110100000000000010001111 .
#731200000000
0!
0"
1#
0%
0&
1'
#731250000000
1!
1"
0#
1%
1&
0'
b110 )
b11100000010100001000001101100111 .
#731300000000
0!
0"
1#
0%
0&
1'
#731350000000
1!
1"
0#
1%
1&
0'
b101 )
b10011101100100001100001010010011 .
#731400000000
0!
0"
1#
0%
0&
1'
#731450000000
1!
1"
0#
1%
1&
0'
b100 )
b10100011011100001110001001101001 .
#731500000000
0!
0"
1#
0%
0&
1'
#731550000000
1!
1"
0#
1%
1&
0'
b11 )
b10111100000000001111001000010100 .
#731600000000
0!
0"
1#
0%
0&
1'
#731650000000
1!
1"
0#
1%
1&
0'
b10 )
b01011110000000000111100100001010 .
#731700000000
0!
0"
1#
0%
0&
1'
#731750000000
1!
1"
0#
1%
1&
0'
b1 )
b00101111000000000011110010000101 .
#731800000000
0!
0"
1#
0%
0&
1'
#731850000000
1!
1"
0#
1%
1&
0'
b0 )
b11111010001110001001110101100010 .
#731900000000
0!
0"
1#
0%
0&
1'
#731950000000
1!
1"
0#
1%
1&
0'
b111 )
b101001 *
b01111101000111000100111010110001 .
#732000000000
0!
0"
1#
0%
0&
1'
#732050000000
1!
1"
0#
1%
1&
0'
b110 )
b11010011001101101010010001111000 .
#732100000000
0!
0"
1#
0%
0&
1'
#732150000000
1!
1"
0#
1%
1&
0'
b101 )
b01101001100110110101001000111100 .
#732200000000
0!
0"
1#
0%
0&
1'
#732250000000
1!
1"
0#
1%
1&
0'
b100 )
b00110100110011011010100100011110 .
#732300000000
0!
0"
1#
0%
0&
1'
#732350000000
1!
1"
0#
1%
1&
0'
b11 )
b00011010011001101101010010001111 .
#732400000000
0!
0"
1#
0%
0&
1'
#732450000000
1!
1"
0#
1%
1&
0'
b10 )
b11100000100010111110100101100111 .
#732500000000
0!
0"
1#
0%
0&
1'
#732550000000
1!
1"
0#
1%
1&
0'
b1 )
b10011101111111010111011110010011 .
#732600000000
0!
0"
1#
0%
0&
1'
#732650000000
1!
1"
0#
1%
1&
0'
b0 )
b10100011010001100011100011101001 .
#732700000000
0!
0"
1#
0%
0&
1'
#732750000000
1!
1"
0#
1%
1&
0'
b111 )
b101010 *
b10111100000110111001111101010100 .
#732800000000
0!
0"
1#
0%
0&
1'
#732850000000
1!
1"
0#
1%
1&
0'
b110 )
b01011110000011011100111110101010 .
#732900000000
0!
0"
1#
0%
0&
1'
#732950000000
1!
1"
0#
1%
1&
0'
b101 )
b00101111000001101110011111010101 .
#733000000000
0!
0"
1#
0%
0&
1'
#733050000000
1!
1"
0#
1%
1&
0'
b100 )
b11111010001110111111000011001010 .
#733100000000
0!
0"
1#
0%
0&
1'
#733150000000
1!
1"
0#
1%
1&
0'
b11 )
b01111101000111011111100001100101 .
#733200000000
0!
0"
1#
0%
0&
1'
#733250000000
1!
1"
0#
1%
1&
0'
b10 )
b11010011001101100111111100010010 .
#733300000000
0!
0"
1#
0%
0&
1'
#733350000000
1!
1"
0#
1%
1&
0'
b1 )
b01101001100110110011111110001001 .
#733400000000
0!
0"
1#
0%
0&
1'
#733450000000
1!
1"
0#
1%
1&
0'
b0 )
b11011001011101010001110011100100 .
#733500000000
0!
0"
1#
0%
0&
1'
#733550000000
1!
1"
0#
1%
1&
0'
b111 )
b101011 *
b01101100101110101000111001110010 .
#733600000000
0!
0"
1#
0%
0&
1'
#733650000000
1!
1"
0#
1%
1&
0'
b110 )
b00110110010111010100011100111001 .
#733700000000
0!
0"
1#
0%
0&
1'
#733750000000
1!
1"
0#
1%
1&
0'
b101 )
b11110110100101100010000010111100 .
#733800000000
0!
0"
1#
0%
0&
1'
#733850000000
1!
1"
0#
1%
1&
0'
b100 )
b01111011010010110001000001011110 .
#733900000000
0!
0"
1#
0%
0&
1'
#733950000000
1!
1"
0#
1%
1&
0'
b11 )
b00111101101001011000100000101111 .
#734000000000
0!
0"
1#
0%
0&
1'
#734050000000
1!
1"
0#
1%
1&
0'
b10 )
b11110011011010100100011100110111 .
#734100000000
0!
0"
1#
0%
0&
1'
#734150000000
1!
1"
0#
1%
1&
0'
b1 )
b10010100000011011010000010111011 .
#734200000000
0!
0"
1#
0%
0&
1'
#734250000000
1!
1"
0#
1%
1&
0'
b0 )
b10100111101111100101001101111101 .
#734300000000
0!
0"
1#
0%
0&
1'
#734350000000
1!
1"
0#
1%
1&
0'
b111 )
b101100 *
b10111110011001111010101010011110 .
#734400000000
0!
0"
1#
0%
0&
1'
#734450000000
1!
1"
0#
1%
1&
0'
b110 )
b01011111001100111101010101001111 .
#734500000000
0!
0"
1#
0%
0&
1'
#734550000000
1!
1"
0#
1%
1&
0'
b101 )
b11000010001000010110100110000111 .
#734600000000
0!
0"
1#
0%
0&
1'
#734650000000
1!
1"
0#
1%
1&
0'
b100 )
b10001100101010000011011111100011 .
#734700000000
0!
0"
1#
0%
0&
1'
#734750000000
1!
1"
0#
1%
1&
0'
b11 )
b10101011111011001001100011010001 .
#734800000000
0!
0"
1#
0%
0&
1'
#734850000000
1!
1"
0#
1%
1&
0'
b10 )
b10111000010011101100111101001000 .
#734900000000
0!
0"
1#
0%
0&
1'
#734950000000
1!
1"
0#
1%
1&
0'
b1 )
b01011100001001110110011110100100 .
#735000000000
0!
0"
1#
0%
0&
1'
#735050000000
1!
1"
0#
1%
1&
0'
b0 )
b00101110000100111011001111010010 .
#735100000000
0!
0"
1#
0%
0&
1'
#735150000000
1!
1"
0#
1%
1&
0'
b111 )
b101101 *
b00010111000010011101100111101001 .
#735200000000
0!
0"
1#
0%
0&
1'
#735250000000
1!
1"
0#
1%
1&
0'
b110 )
b11100110001111000110111111010100 .
#735300000000
0!
0"
1#
0%
0&
1'
#735350000000
1!
1"
0#
1%
1&
0'
b101 )
b01110011000111100011011111101010 .
#735400000000
0!
0"
1#
0%
0&
1'
#735450000000
1!
1"
0#
1%
1&
0'
b100 )
b00111001100011110001101111110101 .
#735500000000
0!
0"
1#
0%
0&
1'
#735550000000
1!
1"
0#
1%
1&
0'
b11 )
b11110001011111110000111011011010 .
#735600000000
0!
0"
1#
0%
0&
1'
#735650000000
1!
1"
0#
1%
1&
0'
b10 )
b01111000101111111000011101101101 .
#735700000000
0!
0"
1#
0%
0&
1'
#735750000000
1!
1"
0#
1%
1&
0'
b1 )
b11010001111001110100000010010110 .
#735800000000
0!
0"
1#
0%
0&
1'
#735850000000
1!
1"
0#
1%
1&
0'
b0 )
b01101000111100111010000001001011 .
#735900000000
0!
0"
1#
0%
0&
1'
#735950000000
1!
1"
0#
1%
1&
0'
b111 )
b0 *
b11011001110000010101001100000101 .
#736000000000
0!
0"
1#
0%
0&
1'
#736050000000
1!
1"
0#
1%
1&
0'
b1 ,
#736100000000
0!
0"
1#
0%
0&
1'
#736150000000
1!
1"
0#
1%
1&
0'
b10 ,
1-
#736200000000
0!
0"
0%
0&
#736250000000
1!
1"
1#
1%
1&
1'
b11 ,
0-
#736300000000
0!
0"
0%
0&
#736350000000
1!
1"
0#
1%
1&
0'
b100 ,
1-
#736400000000
0!
0"
0%
0&
#736450000000
1!
1"
1#
1%
1&
1'
b101 ,
#736500000000
0!
0"
0#
0%
0&
0'
#736550000000
1!
1"
1#
1%
1&
1'
b110 ,
#736600000000
0!
0"
0#
0%
0&
0'
#736650000000
1!
1"
1#
1%
1&
1'
b111 ,
#736700000000
0!
0"
0#
0%
0&
0'
#736750000000
1!
1"
1#
1%
1&
1'
b1000 ,
#736800000000
0!
0"
0#
0%
0&
0'
#736850000000
1!
1"
1#
1%
1&
1'
b1001 ,
0-
#736900000000
0!
0"
0%
0&
#736950000000
1!
1"
0#
1%
1&
0'
b1010 ,
#737000000000
0!
0"
1#
0%
0&
1'
#737050000000
1!
1"
0#
1%
1&
0'
b1011 ,
1-
#737100000000
0!
0"
0%
0&
#737150000000
1!
1"
1#
1%
1&
1'
b1100 ,
#737200000000
0!
0"
0#
0%
0&
0'
#737250000000
1!
1"
1#
1%
1&
1'
b1101 ,
0-
#737300000000
0!
0"
0%
0&
#737350000000
1!
1"
0#
1%
1&
0'
b1110 ,
1-
#737400000000
0!
0"
0%
0&
#737450000000
1!
1"
1#
1%
1&
1'
b1111 ,
0-
#737500000000
0!
0"
0%
0&
#737550000000
1!
1"
0#
1%
1&
0'
b10000 ,
1-
#737600000000
0!
0"
0%
0&
#737650000000
1!
1"
1#
1%
1&
1'
b10001 ,
0-
#737700000000
0!
0"
0%
0&
#737750000000
1!
1"
0#
1%
1&
0'
b10010 ,
1-
#737800000000
0!
0"
0%
0&
#737850000000
1!
1"
1#
1%
1&
1'
b10011 ,
#737900000000
0!
0"
0#
0%
0&
0'
#737950000000
1!
1"
1#
1%
1&
1'
b10100 ,
#738000000000
0!
0"
0#
0%
0&
0'
#738050000000
1!
1"
1#
1%
1&
1'
b10101 ,
#738100000000
0!
0"
0#
0%
0&
0'
#738150000000
1!
1"
1#
1%
1&
1'
b10110 ,
#738200000000
0!
0"
0#
0%
0&
0'
#738250000000
1!
1"
1#
1%
1&
1'
b10111 ,
0-
#738300000000
0!
0"
0%
0&
#738350000000
1!
1"
0#
1%
1&
0'
b11000 ,
#738400000000
0!
0"
1#
0%
0&
1'
#738450000000
1!
1"
0#
1%
1&
0'
b11001 ,
#738500000000
0!
0"
1#
0%
0&
1'
#738550000000
1!
1"
0#
1%
1&
0'
b11010 ,
1-
#738600000000
0!
0"
0%
0&
#738650000000
1!
1"
1#
1%
1&
1'
b11011 ,
#738700000000
0!
0"
0#
0%
0&
0'
#738750000000
1!
1"
1#
1%
1&
1'
b11100 ,
0-
#738800000000
0!
0"
0%
0&
#738850000000
1!
1"
0#
1%
1&
0'
b11101 ,
#738900000000
0!
0"
1#
0%
0&
1'
#738950000000
1!
1"
0#
1%
1&
0'
b11110 ,
1-
#739000000000
0!
0"
0%
0&
#739050000000
1!
1"
1#
1%
1&
1'
b11111 ,
0-
#739100000000
0!
0"
0%
0&
#739150000000
1!
1"
0#
0$
1%
1&
0'
0(
b0 ,
#739200000000
0!
0"
0%
0&
#739250000000
1!
1"
1%
1&
b1 +
#739300000000
0!
0"
0%
0&
#739350000000
1!
1"
1%
1&
b10 +
#739400000000
0!
0"
0%
0&
#739450000000
1!
1"
1%
1&
b11 +
#739500000000
0!
0"
0%
0&
#739550000000
1!
1"
1%
1&
b100 +
#739600000000
0!
0"
0%
0&
#739650000000
1!
1"
1%
1&
b101 +
#739700000000
0!
0"
0%
0&
#739750000000
1!
1"
1%
1&
b110 +
#739800000000
0!
0"
0%
0&
#739850000000
1!
1"
1%
1&
b111 +
#739900000000
0!
0"
0%
0&
#739950000000
1!
1"
1%
1&
b1000 +
#740000000000
0!
0"
0%
0&
#740050000000
1!
1"
1%
1&
b1001 +
#740100000000
0!
0"
0%
0&
#740150000000
1!
1"
1%
1&
b1010 +
#740200000000
0!
0"
0%
0&
#740250000000
1!
1"
1%
1&
b1011 +
#740300000000
0!
0"
0%
0&
#740350000000
1!
1"
1%
1&
b1100 +
#740400000000
0!
0"
0%
0&
#740450000000
1!
1"
1%
1&
b1101 +
#740500000000
0!
0"
0%
0&
#740550000000
1!
1"
1%
1&
b1110 +
#740600000000
0!
0"
0%
0&
#740650000000
1!
1"
1%
1&
b1111 +
#740700000000
0!
0"
0%
0&
#740750000000
1!
1"
1%
1&
b10000 +
#740800000000
0!
0"
0%
0&
#740850000000
1!
1"
1%
1&
b10001 +
#740900000000
0!
0"
0%
0&
#740950000000
1!
1"
1%
1&
b10010 +
#741000000000
0!
0"
0%
0&
#741050000000
1!
1"
1%
1&
b10011 +
#741100000000
0!
0"
0%
0&
#741150000000
1!
1"
1%
1&
b10100 +
#741200000000
0!
0"
0%
0&
#741250000000
1!
1"
1%
1&
b10101 +
#741300000000
0!
0"
0%
0&
#741350000000
1!
1"
1%
1&
b10110 +
#741400000000
0!
0"
0%
0&
#741450000000
1!
1"
1%
1&
b10111 +
#741500000000
0!
0"
0%
0&
#741550000000
1!
1"
1%
1&
b11000 +
#741600000000
0!
0"
0%
0&
#741650000000
1!
1"
1%
1&
b11001 +
#741700000000
0!
0"
0%
0&
#741750000000
1!
1"
1%
1&
b11010 +
#741800000000
0!
0"
0%
0&
#741850000000
1!
1"
1%
1&
b11011 +
#741900000000
0!
0"
0%
0&
#741950000000
1!
1"
1%
1&
b11100 +
#742000000000
0!
0"
0%
0&
#742050000000
1!
1"
1%
1&
b11101 +
#742100000000
0!
0"
0%
0&
#742150000000
1!
1"
1%
1&
b11110 +
#742200000000
0!
0"
0%
0&
#742250000000
1!
1"
1%
1&
b11111 +
#742300000000
0!
0"
0%
0&
#742350000000
1!
1"
1%
1&
b100000 +
#742400000000
0!
0"
0%
0&
#742450000000
1!
1"
1%
1&
b100001 +
#742500000000
0!
0"
0%
0&
#742550000000
1!
1"
1%
1&
b100010 +
#742600000000
0!
0"
0%
0&
#742650000000
1!
1"
1%
1&
b100011 +
#742700000000
0!
0"
0%
0&
#742750000000
1!
1"
1%
1&
b100100 +
#742800000000
0!
0"
0%
0&
#742850000000
1!
1"
1%
1&
b100101 +
#742900000000
0!
0"
0%
0&
#742950000000
1!
1"
1%
1&
b100110 +
#743000000000
0!
0"
0%
0&
#743050000000
1!
1"
1%
1&
b100111 +
#743100000000
0!
0"
0%
0&
#743150000000
1!
1"
1%
1&
b101000 +
#743200000000
0!
0"
0%
0&
#743250000000
1!
1"
1%
1&
b101001 +
#743300000000
0!
0"
0%
0&
#743350000000
1!
1"
1%
1&
b101010 +
#743400000000
0!
0"
0%
0&
#743450000000
1!
1"
1%
1&
b101011 +
#743500000000
0!
0"
0%
0&
#743550000000
1!
1"
1%
1&
b101100 +
#743600000000
0!
0"
0%
0&
#743650000000
1!
1"
1%
1&
b101101 +
#743700000000
0!
0"
0%
0&
#743750000000
1!
1"
1%
1&
b101110 +
#743800000000
0!
0"
0%
0&
#743850000000
1!
1"
1%
1&
b101111 +
#743900000000
0!
0"
0%
0&
#743950000000
1!
1"
1%
1&
b110000 +
#744000000000
0!
0"
0%
0&
#744050000000
1!
1"
1%
1&
b110001 +
#744100000000
0!
0"
0%
0&
#744150000000
1!
1"
1%
1&
b110010 +
#744200000000
0!
0"
0%
0&
#744250000000
1!
1"
1%
1&
b110011 +
#744300000000
0!
0"
0%
0&
#744350000000
1!
1"
1%
1&
b110100 +
#744400000000
0!
0"
0%
0&
#744450000000
1!
1"
1%
1&
b110101 +
#744500000000
0!
0"
0%
0&
#744550000000
1!
1"
1%
1&
b110110 +
#744600000000
0!
0"
0%
0&
#744650000000
1!
1"
1%
1&
b110111 +
#744700000000
0!
0"
0%
0&
#744750000000
1!
1"
1%
1&
b111000 +
#744800000000
0!
0"
0%
0&
#744850000000
1!
1"
1%
1&
b111001 +
#744900000000
0!
0"
0%
0&
#744950000000
1!
1"
1%
1&
b111010 +
#745000000000
0!
0"
0%
0&
#745050000000
1!
1"
1%
1&
b111011 +
#745100000000
0!
0"
0%
0&
#745150000000
1!
1"
1%
1&
b111100 +
#745200000000
0!
0"
0%
0&
#745250000000
1!
1"
1%
1&
b111101 +
#745300000000
0!
0"
0%
0&
#745350000000
1!
1"
1%
1&
b111110 +
#745400000000
0!
0"
0%
0&
#745450000000
1!
1"
1%
1&
b111111 +
#745500000000
0!
0"
0%
0&
#745550000000
1!
1"
1%
1&
b1000000 +
#745600000000
0!
0"
0%
0&
#745650000000
1!
1"
1%
1&
b1000001 +
#745700000000
0!
0"
0%
0&
#745750000000
1!
1"
1%
1&
b1000010 +
#745800000000
0!
0"
0%
0&
#745850000000
1!
1"
1%
1&
b1000011 +
#745900000000
0!
0"
0%
0&
#745950000000
1!
1"
1%
1&
b1000100 +
#746000000000
0!
0"
0%
0&
#746050000000
1!
1"
1%
1&
b1000101 +
#746100000000
0!
0"
0%
0&
#746150000000
1!
1"
1%
1&
b1000110 +
#746200000000
0!
0"
0%
0&
#746250000000
1!
1"
1%
1&
b1000111 +
#746300000000
0!
0"
0%
0&
#746350000000
1!
1"
1%
1&
b1001000 +
#746400000000
0!
0"
0%
0&
#746450000000
1!
1"
1%
1&
b1001001 +
#746500000000
0!
0"
0%
0&
#746550000000
1!
1"
1%
1&
b1001010 +
#746600000000
0!
0"
0%
0&
#746650000000
1!
1"
1%
1&
b1001011 +
#746700000000
0!
0"
0%
0&
#746750000000
1!
1"
1%
1&
b1001100 +
#746800000000
0!
0"
0%
0&
#746850000000
1!
1"
1%
1&
b1001101 +
#746900000000
0!
0"
0%
0&
#746950000000
1!
1"
1%
1&
b1001110 +
#747000000000
0!
0"
0%
0&
#747050000000
1!
1"
1%
1&
b1001111 +
#747100000000
0!
0"
0%
0&
#747150000000
1!
1"
1%
1&
b1010000 +
#747200000000
0!
0"
0%
0&
#747250000000
1!
1"
1%
1&
b1010001 +
#747300000000
0!
0"
0%
0&
#747350000000
1!
1"
1%
1&
b1010010 +
#747400000000
0!
0"
0%
0&
#747450000000
1!
1"
1%
1&
b1010011 +
#747500000000
0!
0"
0%
0&
#747550000000
1!
1"
1%
1&
b1010100 +
#747600000000
0!
0"
0%
0&
#747650000000
1!
1"
1%
1&
b1010101 +
#747700000000
0!
0"
0%
0&
#747750000000
1!
1"
1%
1&
b1010110 +
#747800000000
0!
0"
0%
0&
#747850000000
1!
1"
1%
1&
b1010111 +
#747900000000
0!
0"
0%
0&
#747950000000
1!
1"
1%
1&
b1011000 +
#748000000000
0!
0"
0%
0&
#748050000000
1!
1"
1%
1&
b1011001 +
#748100000000
0!
0"
0%
0&
#748150000000
1!
1"
1%
1&
b1011010 +
#748200000000
0!
0"
0%
0&
#748250000000
1!
1"
1%
1&
b1011011 +
#748300000000
0!
0"
0%
0&
#748350000000
1!
1"
1%
1&
b1011100 +
#748400000000
0!
0"
0%
0&
#748450000000
1!
1"
1%
1&
b1011101 +
#748500000000
0!
0"
0%
0&
#748550000000
1!
1"
1%
1&
b1011110 +
#748600000000
0!
0"
0%
0&
#748650000000
1!
1"
1%
1&
b1011111 +
#748700000000
0!
0"
0%
0&
#748750000000
1!
1"
1$
1%
1&
1(
b0 +
#748800000000
0!
0"
1#
0%
0&
1'
#748850000000
1!
1"
0#
1%
1&
0'
b110 )
1-
#748900000000
0!
0"
0%
0&
#748950000000
1!
1"
1#
1%
1&
1'
b101 )
0-
#749000000000
0!
0"
0%
0&
#749050000000
1!
1"
0#
1%
1&
0'
b100 )
1-
#749100000000
0!
0"
0%
0&
#749150000000
1!
1"
1#
1%
1&
1'
b11 )
0-
#749200000000
0!
0"
0%
0&
#749250000000
1!
1"
0#
1%
1&
0'
b10 )
1-
#749300000000
0!
0"
0%
0&
#749350000000
1!
1"
1#
1%
1&
1'
b1 )
0-
#749400000000
0!
0"
0%
0&
#749450000000
1!
1"
0#
1%
1&
0'
b0 )
1-
#749500000000
0!
0"
0%
0&
#749550000000
1!
1"
1#
1%
1&
1'
b111 )
b1 *
0-
#749600000000
0!
0"
0%
0&
#749650000000
1!
1"
0#
1%
1&
0'
b110 )
1-
#749700000000
0!
0"
0%
0&
#749750000000
1!
1"
1#
1%
1&
1'
b101 )
0-
#749800000000
0!
0"
0%
0&
#749850000000
1!
1"
0#
1%
1&
0'
b100 )
1-
#749900000000
0!
0"
0%
0&
#749950000000
1!
1"
1#
1%
1&
1'
b11 )
0-
#750000000000
0!
0"
0%
0&
#750050000000
1!
1"
0#
1%
1&
0'
b10 )
1-
#750100000000
0!
0"
0%
0&
#750150000000
1!
1"
1#
1%
1&
1'
b1 )
0-
#750200000000
0!
0"
0%
0&
#750250000000
1!
1"
0#
1%
1&
0'
b0 )
1-
#750300000000
0!
0"
0%
0&
#750350000000
1!
1"
1#
1%
1&
1'
b111 )
b10 *
0-
#750400000000
0!
0"
0%
0&
#750450000000
1!
1"
0#
1%
1&
0'
b110 )
1-
#750500000000
0!
0"
0%
0&
#750550000000
1!
1"
1#
1%
1&
1'
b101 )
0-
#750600000000
0!
0"
0%
0&
#750650000000
1!
1"
0#
1%
1&
0'
b100 )
1-
#750700000000
0!
0"
0%
0&
#750750000000
1!
1"
1#
1%
1&
1'
b11 )
0-
#750800000000
0!
0"
0%
0&
#750850000000
1!
1"
0#
1%
1&
0'
b10 )
1-
#750900000000
0!
0"
0%
0&
#750950000000
1!
1"
1#
1%
1&
1'
b1 )
0-
#751000000000
0!
0"
0%
0&
#751050000000
1!
1"
0#
1%
1&
0'
b0 )
1-
#751100000000
0!
0"
0%
0&
#751150000000
1!
1"
1#
1%
1&
1'
b111 )
b11 *
0-
#751200000000
0!
0"
0%
0&
#751250000000
1!
1"
0#
1%
1&
0'
b110 )
1-
#751300000000
0!
0"
0%
0&
#751350000000
1!
1"
1#
1%
1&
1'
b101 )
0-
#751400000000
0!
0"
0%
0&
#751450000000
1!
1"
0#
1%
1&
0'
b100 )
1-
#751500000000
0!
0"
0%
0&
#751550000000
1!
1"
1#
1%
1&
1'
b11 )
0-
#751600000000
0!
0"
0%
0&
#751650000000
1!
1"
0#
1%
1&
0'
b10 )
1-
#751700000000
0!
0"
0%
0&
#751750000000
1!
1"
1#
1%
1&
1'
b1 )
0-
#751800000000
0!
0"
0%
0&
#751850000000
1!
1"
0#
1%
1&
0'
b0 )
1-
#751900000000
0!
0"
0%
0&
#751950000000
1!
1"
1#
1%
1&
1'
b111 )
b100 *
0-
#752000000000
0!
0"
0%
0&
#752050000000
1!
1"
0#
1%
1&
0'
b110 )
1-
#752100000000
0!
0"
0%
0&
#752150000000
1!
1"
1#
1%
1&
1'
b101 )
0-
#752200000000
0!
0"
0%
0&
#752250000000
1!
1"
0#
1%
1&
0'
b100 )
1-
#752300000000
0!
0"
0%
0&
#752350000000
1!
1"
1#
1%
1&
1'
b11 )
0-
#752400000000
0!
0"
0%
0&
#752450000000
1!
1"
0#
1%
1&
0'
b10 )
1-
#752500000000
0!
0"
0%
0&
#752550000000
1!
1"
1#
1%
1&
1'
b1 )
0-
#752600000000
0!
0"
0%
0&
#752650000000
1!
1"
0#
1%
1&
0'
b0 )
1-
#752700000000
0!
0"
0%
0&
#752750000000
1!
1"
1#
1%
1&
1'
b111 )
b101 *
0-
#752800000000
0!
0"
0%
0&
#752850000000
1!
1"
0#
1%
1&
0'
b110 )
1-
#752900000000
0!
0"
0%
0&
#752950000000
1!
1"
1#
1%
1&
1'
b101 )
0-
#753000000000
0!
0"
0%
0&
#753050000000
1!
1"
0#
1%
1&
0'
b100 )
1-
#753100000000
0!
0"
0%
0&
#753150000000
1!
1"
1#
1%
1&
1'
b11 )
0-
#753200000000
0!
0"
0%
0&
#753250000000
1!
1"
0#
1%
1&
0'
b10 )
1-
#753300000000
0!
0"
0%
0&
#753350000000
1!
1"
1#
1%
1&
1'
b1 )
0-
#753400000000
0!
0"
0%
0&
#753450000000
1!
1"
0#
1%
1&
0'
b0 )
1-
#753500000000
0!
0"
0%
0&
#753550000000
1!
1"
1#
1%
1&
1'
b111 )
b110 *
0-
#753600000000
0!
0"
0%
0&
#753650000000
1!
1"
0#
1%
1&
0'
b110 )
1-
#753700000000
0!
0"
0%
0&
#753750000000
1!
1"
1#
1%
1&
1'
b101 )
0-
#753800000000
0!
0"
0%
0&
#753850000000
1!
1"
0#
1%
1&
0'
b100 )
1-
#753900000000
0!
0"
0%
0&
#753950000000
1!
1"
1#
1%
1&
1'
b11 )
0-
#754000000000
0!
0"
0%
0&
#754050000000
1!
1"
0#
1%
1&
0'
b10 )
1-
#754100000000
0!
0"
0%
0&
#754150000000
1!
1"
1#
1%
1&
1'
b1 )
0-
#754200000000
0!
0"
0%
0&
#754250000000
1!
1"
0#
1%
1&
0'
b0 )
1-
#754300000000
0!
0"
0%
0&
#754350000000
1!
1"
1#
1%
1&
1'
b111 )
b0 *
0-
#754400000000
0!
0"
0%
0&
#754450000000
1!
1"
0#
1%
1&
0'
b110 )
1-
#754500000000
0!
0"
0%
0&
#754550000000
1!
1"
1#
1%
1&
1'
b101 )
0-
#754600000000
0!
0"
0%
0&
#754650000000
1!
1"
0#
1%
1&
0'
b100 )
1-
#754700000000
0!
0"
0%
0&
#754750000000
1!
1"
1#
1%
1&
1'
b11 )
0-
#754800000000
0!
0"
0%
0&
#754850000000
1!
1"
0#
1%
1&
0'
b10 )
1-
#754900000000
0!
0"
0%
0&
#754950000000
1!
1"
1#
1%
1&
1'
b1 )
0-
#755000000000
0!
0"
0%
0&
#755050000000
1!
1"
0#
1%
1&
0'
b0 )
1-
#755100000000
0!
0"
0%
0&
#755150000000
1!
1"
1#
1%
1&
1'
b111 )
b11111111111111111111111111111111 .
#755200000000
0!
0"
0#
0%
0&
0'
#755250000000
1!
1"
1#
1%
1&
1'
b110 )
b01111111111111111111111111111111 .
#755300000000
0!
0"
0#
0%
0&
0'
#755350000000
1!
1"
1#
1%
1&
1'
b101 )
b00111111111111111111111111111111 .
#755400000000
0!
0"
0#
0%
0&
0'
#755450000000
1!
1"
1#
1%
1&
1'
b100 )
b00011111111111111111111111111111 .
#755500000000
0!
0"
0#
0%
0&
0'
#755550000000
1!
1"
1#
1%
1&
1'
b11 )
b00001111111111111111111111111111 .
#755600000000
0!
0"
0#
0%
0&
0'
#755650000000
1!
1"
1#
1%
1&
1'
b10 )
b00000111111111111111111111111111 .
#755700000000
0!
0"
0#
0%
0&
0'
#755750000000
1!
1"
1#
1%
1&
1'
b1 )
b00000011111111111111111111111111 .
#755800000000
0!
0"
0#
0%
0&
0'
#755850000000
1!
1"
1#
1%
1&
1'
b0 )
b00000001111111111111111111111111 .
#755900000000
0!
0"
0#
0%
0&
0'
#755950000000
1!
1"
1#
1%
1&
1'
b111 )
b1 *
b00000000111111111111111111111111 .
#756000000000
0!
0"
0#
0%
0&
0'
#756050000000
1!
1"
1#
1%
1&
1'
b110 )
b00000000011111111111111111111111 .
#756100000000
0!
0"
0#
0%
0&
0'
#756150000000
1!
1"
1#
1%
1&
1'
b101 )
b00000000001111111111111111111111 .
#756200000000
0!
0"
0#
0%
0&
0'
#756250000000
1!
1"
1#
1%
1&
1'
b100 )
b00000000000111111111111111111111 .
#756300000000
0!
0"
0#
0%
0&
0'
#756350000000
1!
1"
1#
1%
1&
1'
b11 )
b00000000000011111111111111111111 .
#756400000000
0!
0"
0#
0%
0&
0'
#756450000000
1!
1"
1#
1%
1&
1'
b10 )
b00000000000001111111111111111111 .
#756500000000
0!
0"
0#
0%
0&
0'
#756550000000
1!
1"
1#
1%
1&
1'
b1 )
b00000000000000111111111111111111 .
#756600000000
0!
0"
0#
0%
0&
0'
#756650000000
1!
1"
1#
1%
1&
1'
b0 )
b00000000000000011111111111111111 .
#756700000000
0!
0"
0#
0%
0&
0'
#756750000000
1!
1"
1#
1%
1&
1'
b111 )
b10 *
b00000000000000001111111111111111 .
#756800000000
0!
0"
0#
0%
0&
0'
#756850000000
1!
1"
1#
1%
1&
1'
b110 )
b00000000000000000111111111111111 .
#756900000000
0!
0"
0#
0%
0&
0'
#756950000000
1!
1"
1#
1%
1&
1'
b101 )
b00000000000000000011111111111111 .
#757000000000
0!
0"
0#
0%
0&
0'
#757050000000
1!
1"
1#
1%
1&
1'
b100 )
b00000000000000000001111111111111 .
#757100000000
0!
0"
0#
0%
0&
0'
#757150000000
1!
1"
1#
1%
1&
1'
b11 )
b00000000000000000000111111111111 .
#757200000000
0!
0"
0#
0%
0&
0'
#757250000000
1!
1"
1#
1%
1&
1'
b10 )
b00000000000000000000011111111111 .
#757300000000
0!
0"
0#
0%
0&
0'
#757350000000
1!
1"
1#
1%
1&
1'
b1 )
b00000000000000000000001111111111 .
#757400000000
0!
0"
0#
0%
0&
0'
#757450000000
1!
1"
1#
1%
1&
1'
b0 )
b00000000000000000000000111111111 .
#757500000000
0!
0"
0#
0%
0&
0'
#757550000000
1!
1"
1#
1%
1&
1'
b111 )
b11 *
b00000000000000000000000011111111 .
#757600000000
0!
0"
0#
0%
0&
0'
#757650000000
1!
1"
1#
1%
1&
1'
b110 )
b00000000000000000000000001111111 .
#757700000000
0!
0"
0#
0%
0&
0'
#757750000000
1!
1"
1#
1%
1&
1'
b101 )
b00000000000000000000000000111111 .
#757800000000
0!
0"
0#
0%
0&
0'
#757850000000
1!
1"
1#
1%
1&
1'
b100 )
b00000000000000000000000000011111 .
#757900000000
0!
0"
0#
0%
0&
0'
#757950000000
1!
1"
1#
1%
1&
1'
b11 )
b00000000000000000000000000001111 .
#758000000000
0!
0"
0#
0%
0&
0'
#758050000000
1!
1"
1#
1%
1&
1'
b10 )
b00000000000000000000000000000111 .
#758100000000
0!
0"
0#
0%
0&
0'
#758150000000
1!
1"
1#
1%
1&
1'
b1 )
b00000000000000000000000000000011 .
#758200000000
0!
0"
0#
0%
0&
0'
#758250000000
1!
1"
1#
1%
1&
1'
b0 )
b00000000000000000000000000000001 .
#758300000000
0!
0"
0#
0%
0&
0'
#758350000000
1!
1"
1#
1%
1&
1'
b111 )
b100 *
b00000000000000000000000000000000 .
#758400000000
0!
0"
0#
0%
0&
0'
#758450000000
1!
1"
1#
1%
1&
1'
b110 )
b11101101101110001000001100100000 .
#758500000000
0!
0"
0#
0%
0&
0'
#758550000000
1!
1"
1#
1%
1&
1'
b101 )
b10011011011001001100001010110000 .
#758600000000
0!
0"
0#
0%
0&
0'
#758650000000
1!
1"
1#
1%
1&
1'
b100 )
b10100000000010101110001001111000 .
#758700000000
0!
0"
0#
0%
0&
0'
#758750000000
1!
1"
1#
1%
1&
1'
b11 )
b10111101101111011111001000011100 .
#758800000000
0!
0"
0#
0%
0&
0'
#758850000000
1!
1"
1#
1%
1&
1'
b10 )
b10110011011001100111101000101110 .
#758900000000
0!
0"
0#
0%
0&
0'
#758950000000
1!
1"
1#
1%
1&
1'
b1 )
b10110100000010111011111000110111 .
#759000000000
0!
0"
0#
0%
0&
0'
#759050000000
1!
1"
1#
1%
1&
1'
b0 )
b01011010000001011101111100011011 .
#759100000000
0!
0"
0#
0%
0&
0'
#759150000000
1!
1"
1#
1%
1&
1'
b111 )
b101 *
b00101101000000101110111110001101 .
#759200000000
0!
0"
0#
0%
0&
0'
#759250000000
1!
1"
1#
1%
1&
1'
b110 )
b00010110100000010111011111000110 .
#759300000000
0!
0"
0#
0%
0&
0'
#759350000000
1!
1"
1#
1%
1&
1'
b101 )
b11100110111110000011100011000011 .
#759400000000
0!
0"
0#
0%
0&
0'
#759450000000
1!
1"
1#
1%
1&
1'
b100 )
b01110011011111000001110001100001 .
#759500000000
0!
0"
0#
0%
0&
0'
#759550000000
1!
1"
1#
1%
1&
1'
b11 )
b00111001101111100000111000110000 .
#759600000000
0!
0"
0#
0%
0&
0'
#759650000000
1!
1"
1#
1%
1&
1'
b10 )
b11110001011001111000010000111000 .
#759700000000
0!
0"
0#
0%
0&
0'
#759750000000
1!
1"
1#
1%
1&
1'
b1 )
b10010101000010110100000100111100 .
#759800000000
0!
0"
0#
0%
0&
0'
#759850000000
1!
1"
1#
1%
1&
1'
b0 )
b10100111001111010010001110111110 .
#759900000000
0!
0"
0#
0%
0&
0'
#759950000000
1!
1"
1#
1%
1&
1'
b111 )
b0 *
b10111110001001100001001011111111 .
#760000000000
0!
0"
0#
0%
0&
0'
#760050000000
1!
1"
1#
1%
1&
1'
b110 )
0-
b10110010101010111000101001011111 .
#760100000000
0!
0"
0%
0&
#760150000000
1!
1"
0#
1%
1&
0'
b101 )
b10110100111011010100011000001111 .
#760200000000
0!
0"
1#
0%
0&
1'
#760250000000
1!
1"
0#
1%
1&
0'
b100 )
b10110111110011100010000000100111 .
#760300000000
0!
0"
1#
0%
0&
1'
#760350000000
1!
1"
0#
1%
1&
0'
b11 )
b10110110010111111001001100110011 .
#760400000000
0!
0"
1#
0%
0&
1'
#760450000000
1!
1"
0#
1%
1&
0'
b10 )
1-
b01011011001011111100100110011001 .
#760500000000
0!
0"
0%
0&
#760550000000
1!
1"
1#
1%
1&
1'
b1 )
0-
b11000000001011110110011111101100 .
#760600000000
0!
0"
0%
0&
#760650000000
1!
1"
0#
1%
1&
0'
b0 )
b01100000000101111011001111110110 .
#760700000000
0!
0"
1#
0%
0&
1'
#760750000000
1!
1"
0#
1%
1&
0'
b111 )
b1 *
b00110000000010111101100111111011 .
#760800000000
0!
0"
1#
0%
0&
1'
#760850000000
1!
1"
0#
1%
1&
0'
b110 )
b11110101101111010110111111011101 .
#760900000000
0!
0"
1#
0%
0&
1'
#760950000000
1!
1"
0#
1%
1&
0'
b101 )
1-
b01111010110111101011011111101110 .
#761000000000
0!
0"
0%
0&
#761050000000
1!
1"
1#
1%
1&
1'
b100 )
0-
b00111101011011110101101111110111 .
#761100000000
0!
0"
0%
0&
#761150000000
1!
1"
0#
1%
1&
0'
b11 )
b11110011000011110010111011011011 .
#761200000000
0!
0"
1#
0%
0&
1'
#761250000000
1!
1"
0#
1%
1&
0'
b10 )
b10010100001111110001010001001101 .
#761300000000
0!
0"
1#
0%
0&
1'
#761350000000
1!
1"
0#
1%
1&
0'
b1 )
b10100111101001110000100100000110 .
#761400000000
0!
0"
1#
0%
0&
1'
#761450000000
1!
1"
0#
1%
1&
0'
b0 )
b01010011110100111000010010000011 .
#761500000000
0!
0"
1#
0%
0&
1'
#761550000000
1!
1"
0#
1%
1&
0'
b111 )
b10 *
1-
b00101001111010011100001001000001 .
#761600000000
0!
0"
0%
0&
#761650000000
1!
1"
1#
1%
1&
1'
b110 )
0-
b11111001010011000110001000000000 .
#761700000000
0!
0"
0%
0&
#761750000000
1!
1"
0#
1%
1&
0'
b101 )
1-
b10010001000111101011001000100000 .
#761800000000
0!
0"
0%
0&
#761850000000
1!
1"
1#
1%
1&
1'
b100 )
b10100101001101111101101000110000 .
#761900000000
0!
0"
0#
0%
0&
0'
#761950000000
1!
1"
1#
1%
1&
1'
b11 )
0-
b01010010100110111110110100011000 .
#762000000000
0!
0"
0%
0&
#762050000000
1!
1"
0#
1%
1&
0'
b10 )
b00101001010011011111011010001100 .
#762100000000
0!
0"
1#
0%
0&
1'
#762150000000
1!
1"
0#
1%
1&
0'
b1 )
b00010100101001101111101101000110 .
#762200000000
0!
0"
1#
0%
0&
1'
#762250000000
1!
1"
0#
1%
1&
0'
b0 )
b00001010010100110111110110100011 .
#762300000000
0!
0"
1#
0%
0&
1'
#762350000000
1!
1"
0#
1%
1&
0'
b111 )
b11 *
1-
b00000101001010011011111011010001 .
#762400000000
0!
0"
0%
0&
#762450000000
1!
1"
1#
1%
1&
1'
b110 )
0-
b11101111001011000101110001001000 .
#762500000000
0!
0"
0%
0&
#762550000000
1!
1"
0#
1%
1&
0'
b101 )
b01110111100101100010111000100100 .
#762600000000
0!
0"
1#
0%
0&
1'
#762650000000
1!
1"
0#
1%
1&
0'
b100 )
b00111011110010110001011100010010 .
#762700000000
0!
0"
1#
0%
0&
1'
#762750000000
1!
1"
0#
1%
1&
0'
b11 )
1-
b11110000010111010000100010101001 .
#762800000000
0!
0"
0%
0&
#762850000000
1!
1"
1#
1%
1&
1'
b10 )
b01111000001011101000010001010100 .
#762900000000
0!
0"
0#
0%
0&
0'
#762950000000
1!
1"
1#
1%
1&
1'
b1 )
0-
b00111100000101110100001000101010 .
#763000000000
0!
0"
0%
0&
#763050000000
1!
1"
0#
1%
1&
0'
b0 )
b00011110000010111010000100010101 .
#763100000000
0!
0"
1#
0%
0&
1'
#763150000000
1!
1"
0#
1%
1&
0'
b111 )
b100 *
b11100010101111010101001110101010 .
#763200000000
0!
0"
1#
0%
0&
1'
#763250000000
1!
1"
0#
1%
1&
0'
b110 )
b01110001010111101010100111010101 .
#763300000000
0!
0"
1#
0%
0&
1'
#763350000000
1!
1"
0#
1%
1&
0'
b101 )
1-
b00111000101011110101010011101010 .
#763400000000
0!
0"
0%
0&
#763450000000
1!
1"
1#
1%
1&
1'
b100 )
0-
b00011100010101111010101001110101 .
#763500000000
0!
0"
0%
0&
#763550000000
1!
1"
0#
1%
1&
0'
b11 )
1-
b00001110001010111101010100111010 .
#763600000000
0!
0"
0%
0&
#763650000000
1!
1"
1#
1%
1&
1'
b10 )
0-
b00000111000101011110101010011101 .
#763700000000
0!
0"
0%
0&
#763750000000
1!
1"
0#
1%
1&
0'
b1 )
1-
b00000011100010101111010101001110 .
#763800000000
0!
0"
0%
0&
#763850000000
1!
1"
1#
1%
1&
1'
b0 )
b11101100011111011111100110000111 .
#763900000000
0!
0"
0#
0%
0&
0'
#763950000000
1!
1"
1#
1%
1&
1'
b111 )
b101 *
b01110110001111101111110011000011 .
#764000000000
0!
0"
0#
0%
0&
0'
#764050000000
1!
1"
1#
1%
1&
1'
b110 )
0-
b11010110101001111111110101000001 .
#764100000000
0!
0"
0%
0&
#764150000000
1!
1"
0#
1%
1&
0'
b101 )
b10000110111010110111110110000000 .
#764200000000
0!
0"
1#
0%
0&
1'
#764250000000
1!
1"
0#
1%
1&
0'
b100 )
b01000011011101011011111011000000 .
#764300000000
0!
0"
1#
0%
0&
1'
#764350000000
1!
1"
0#
1%
1&
0'
b11 )
1-
b11001100000000100101110001000000 .
#764400000000
0!
0"
0%
0&
#764450000000
1!
1"
1#
1%
1&
1'
b10 )
0-
b01100110000000010010111000100000 .
#764500000000
0!
0"
0%
0&
#764550000000
1!
1"
0#
1%
1&
0'
b1 )
b00110011000000001001011100010000 .
#764600000000
0!
0"
1#
0%
0&
1'
#764650000000
1!
1"
0#
1%
1&
0'
b0 )
b00011001100000000100101110001000 .
#764700000000
0!
0"
1#
0%
0&
1'
#764750000000
1!
1"
0#
1%
1&
0'
b111 )
b0 *
b00001100110000000010010111000100 .
#764800000000
0!
0"
1#
0%
0&
1'
#764850000000
1!
1"
0#
1%
1&
0'
b110 )
b00000110011000000001001011100010 .
#764900000000
0!
0"
1#
0%
0&
1'
#764950000000
1!
1"
0#
1%
1&
0'
b101 )
b00000011001100000000100101110001 .
#765000000000
0!
0"
1#
0%
0&
1'
#765050000000
1!
1"
0#
1%
1&
0'
b100 )
b11101100001000001000011110011000 .
#765100000000
0!
0"
1#
0%
0&
1'
#765150000000
1!
1"
0#
1%
1&
0'
b11 )
1-
b10011011101010001100000011101100 .
#765200000000
0!
0"
0%
0&
#765250000000
1!
1"
1#
1%
1&
1'
b10 )
0-
b01001101110101000110000001110110 .
#765300000000
0!
0"
0%
0&
#765350000000
1!
1"
0#
1%
1&
0'
b1 )
b00100110111010100011000000111011 .
#765400000000
0!
0"
1#
0%
0&
1'
#765450000000
1!
1"
0#
1%
1&
0'
b0 )
b11111110110011011001101100111101 .
#765500000000
0!
0"
1#
0%
0&
1'
#765550000000
1!
1"
0#
1%
1&
0'
b111 )
b1 *
1-
b01111111011001101100110110011110 .
#765600000000
0!
0"
0%
0&
#765650000000
1!
1"
1#
1%
1&
1'
b110 )
b11010010000010111110010111101111 .
#765700000000
0!
0"
0#
0%
0&
0'
#765750000000
1!
1"
1#
1%
1&
1'
b101 )
0-
b10000100101111010111000111010111 .
#765800000000
0!
0"
0%
0&
#765850000000
1!
1"
0#
1%
1&
0'
b100 )
1-
b01000010010111101011100011101011 .
#765900000000
0!
0"
0%
0&
#765950000000
1!
1"
1#
1%
1&
1'
b11 )
0-
b11001100100101111101111101010101 .
#766000000000
0!
0"
0%
0&
#766050000000
1!
1"
0#
1%
1&
0'
b10 )
1-
b01100110010010111110111110101010 .
#766100000000
0!
0"
0%
0&
#766150000000
1!
1"
1#
1%
1&
1'
b1 )
b11011110100111010111010011110101 .
#766200000000
0!
0"
0#
0%
0&
0'
#766250000000
1!
1"
1#
1%
1&
1'
b0 )
0-
b10000010111101100011100101011010 .
#766300000000
0!
0"
0%
0&
#766350000000
1!
1"
0#
1%
1&
0'
b111 )
b0 *
1-
b10101100110000111001111110001101 .
#766400000000
0!
0"
0%
0&
#766450000000
1!
1"
1#
1%
1&
1'
b110 )
0-
b10111011110110010100110011100110 .
#766500000000
0!
0"
0%
0&
#766550000000
1!
1"
0#
1%
1&
0'
b101 )
b01011101111011001010011001110011 .
#766600000000
0!
0"
1#
0%
0&
1'
#766650000000
1!
1"
0#
1%
1&
0'
b100 )
b11000011010011101101000000011001 .
#766700000000
0!
0"
1#
0%
0&
1'
#766750000000
1!
1"
0#
1%
1&
0'
b11 )
b10001100000111111110101100101100 .
#766800000000
0!
0"
1#
0%
0&
1'
#766850000000
1!
1"
0#
1%
1&
0'
b10 )
b01000110000011111111010110010110 .
#766900000000
0!
0"
1#
0%
0&
1'
#766950000000
1!
1"
0#
1%
1&
0'
b1 )
b00100011000001111111101011001011 .
#767000000000
0!
0"
1#
0%
0&
1'
#767050000000
1!
1"
0#
1%
1&
0'
b0 )
b11111100001110110111111001000101 .
#767100000000
0!
0"
1#
0%
0&
1'
#767150000000
1!
1"
0#
1%
1&
0'
b111 )
b1 *
b10010011101001010011110000000010 .
#767200000000
0!
0"
1#
0%
0&
1'
#767250000000
1!
1"
0#
1%
1&
0'
b110 )
b01001001110100101001111000000001 .
#767300000000
0!
0"
1#
0%
0&
1'
#767350000000
1!
1"
0#
1%
1&
0'
b101 )
b11001001010100011100110000100000 .
#767400000000
0!
0"
1#
0%
0&
1'
#767450000000
1!
1"
0#
1%
1&
0'
b100 )
b01100100101010001110011000010000 .
#767500000000
0!
0"
1#
0%
0&
1'
#767550000000
1!
1"
0#
1%
1&
0'
b11 )
b00110010010101000111001100001000 .
#767600000000
0!
0"
1#
0%
0&
1'
#767650000000
1!
1"
0#
1%
1&
0'
b10 )
b00011001001010100011100110000100 .
#767700000000
0!
0"
1#
0%
0&
1'
#767750000000
1!
1"
0#
1%
1&
0'
b1 )
b00001100100101010001110011000010 .
#767800000000
0!
0"
1#
0%
0&
1'
#767850000000
1!
1"
0#
1%
1&
0'
b0 )
b00000110010010101000111001100001 .
#767900000000
0!
0"
1#
0%
0&
1'
#767950000000
1!
1"
0#
1%
1&
0'
b111 )
b10 *
b11101110100111011100010000010000 .
#768000000000
0!
0"
1#
0%
0&
1'
#768050000000
1!
1"
0#
1%
1&
0'
b110 )
b01110111010011101110001000001000 .
#768100000000
0!
0"
1#
0%
0&
1'
#768150000000
1!
1"
0#
1%
1&
0'
b101 )
b00111011101001110111000100000100 .
#768200000000
0!
0"
1#
0%
0&
1'
#768250000000
1!
1"
0#
1%
1&
0'
b100 )
b00011101110100111011100010000010 .
#768300000000
0!
0"
1#
0%
0&
1'
#768350000000
1!
1"
0#
1%
1&
0'
b11 )
b00001110111010011101110001000001 .
#768400000000
0!
0"
1#
0%
0&
1'
#768450000000
1!
1"
0#
1%
1&
0'
b10 )
b11101010110011000110110100000000 .
#768500000000
0!
0"
1#
0%
0&
1'
#768550000000
1!
1"
0#
1%
1&
0'
b1 )
b01110101011001100011011010000000 .
#768600000000
0!
0"
1#
0%
0&
1'
#768650000000
1!
1"
0#
1%
1&
0'
b0 )
b00111010101100110001101101000000 .
#768700000000
0!
0"
1#
0%
0&
1'
#768750000000
1!
1"
0#
1%
1&
0'
b111 )
b11 *
b00011101010110011000110110100000 .
#768800000000
0!
0"
1#
0%
0&
1'
#768850000000
1!
1"
0#
1%
1&
0'
b110 )
b00001110101011001100011011010000 .
#768900000000
0!
0"
1#
0%
0&
1'
#768950000000
1!
1"
0#
1%
1&
0'
b101 )
b00000111010101100110001101101000 .
#769000000000
0!
0"
1#
0%
0&
1'
#769050000000
1!
1"
0#
1%
1&
0'
b100 )
b00000011101010110011000110110100 .
#769100000000
0!
0"
1#
0%
0&
1'
#769150000000
1!
1"
0#
1%
1&
0'
b11 )
b00000001110101011001100011011010 .
#769200000000
0!
0"
1#
0%
0&
1'
#769250000000
1!
1"
0#
1%
1&
0'
b10 )
b00000000111010101100110001101101 .
#769300000000
0!
0"
1#
0%
0&
1'
#769350000000
1!
1"
0#
1%
1&
0'
b1 )
b11101101110011011110010100010110 .
#769400000000
0!
0"
1#
0%
0&
1'
#769450000000
1!
1"
0#
1%
1&
0'
b0 )
b01110110111001101111001010001011 .
#769500000000
0!
0"
1#
0%
0&
1'
#769550000000
1!
1"
0#
1%
1&
0'
b111 )
b100 *
b11010110110010111111101001100101 .
#769600000000
0!
0"
1#
0%
0&
1'
#769650000000
1!
1"
0#
1%
1&
0'
b110 )
b10000110110111010111111000010010 .
#769700000000
0!
0"
1#
0%
0&
1'
#769750000000
1!
1"
0#
1%
1&
0'
b101 )
b01000011011011101011111100001001 .
#769800000000
0!
0"
1#
0%
0&
1'
#769850000000
1!
1"
0#
1%
1&
0'
b100 )
b11001100000011111101110010100100 .
#769900000000
0!
0"
1#
0%
0&
1'
#769950000000
1!
1"
0#
1%
1&
0'
b11 )
b01100110000001111110111001010010 .
#770000000000
0!
0"
1#
0%
0&
1'
#770050000000
1!
1"
0#
1%
1&
0'
b10 )
b00110011000000111111011100101001 .
#770100000000
0!
0"
1#
0%
0&
1'
#770150000000
1!
1"
0#
1%
1&
0'
b1 )
b11110100001110010111100010110100 .
#770200000000
0!
0"
1#
0%
0&
1'
#770250000000
1!
1"
0#
1%
1&
0'
b0 )
b01111010000111001011110001011010 .
#770300000000
0!
0"
1#
0%
0&
1'
#770350000000
1!
1"
0#
1%
1&
0'
b111 )
b101 *
b00111101000011100101111000101101 .
#770400000000
0!
0"
1#
0%
0&
1'
#770450000000
1!
1"
0#
1%
1&
0'
b110 )
b11110011001111111010110000110110 .
#770500000000
0!
0"
1#
0%
0&
1'
#770550000000
1!
1"
0#
1%
1&
0'
b101 )
b01111001100111111101011000011011 .
#770600000000
0!
0"
1#
0%
0&
1'
#770650000000
1!
1"
0#
1%
1&
0'
b100 )
b11010001011101110110100000101101 .
#770700000000
0!
0"
1#
0%
0&
1'
#770750000000
1!
1"
0#
1%
1&
0'
b11 )
b10000101000000110011011100110110 .
#770800000000
0!
0"
1#
0%
0&
1'
#770850000000
1!
1"
0#
1%
1&
0'
b10 )
b01000010100000011001101110011011 .
#770900000000
0!
0"
1#
0%
0&
1'
#770950000000
1!
1"
0#
1%
1&
0'
b1 )
b11001100111110000100111011101101 .
#771000000000
0!
0"
1#
0%
0&
1'
#771050000000
1!
1"
0#
1%
1&
0'
b0 )
b10001011110001001010010001010110 .
#771100000000
0!
0"
1#
0%
0&
1'
#771150000000
1!
1"
0#
1%
1&
0'
b111 )
b110 *
b01000101111000100101001000101011 .
#771200000000
0!
0"
1#
0%
0&
1'
#771250000000
1!
1"
0#
1%
1&
0'
b110 )
b11001111010010011010101000110101 .
#771300000000
0!
0"
1#
0%
0&
1'
#771350000000
1!
1"
0#
1%
1&
0'
b101 )
b10001010000111000101011000111010 .
#771400000000
0!
0"
1#
0%
0&
1'
#771450000000
1!
1"
0#
1%
1&
0'
b100 )
b01000101000011100010101100011101 .
#771500000000
0!
0"
1#
0%
0&
1'
#771550000000
1!
1"
0#
1%
1&
0'
b11 )
b11001111001111111001011010101110 .
#771600000000
0!
0"
1#
0%
0&
1'
#771650000000
1!
1"
0#
1%
1&
0'
b10 )
b01100111100111111100101101010111 .
#771700000000
0!
0"
1#
0%
0&
1'
#771750000000
1!
1"
0#
1%
1&
0'
b1 )
b11011110011101110110011010001011 .
#771800000000
0!
0"
1#
0%
0&
1'
#771850000000
1!
1"
0#
1%
1&
0'
b0 )
b10000010100000110011000001100101 .
#771900000000
0!
0"
1#
0%
0&
1'
#771950000000
1!
1"
0#
1%
1&
0'
b111 )
b111 *
b10101100111110010001101100010010 .
#772000000000
0!
0"
1#
0%
0&
1'
#772050000000
1!
1"
0#
1%
1&
0'
b110 )
b01010110011111001000110110001001 .
#772100000000
0!
0"
1#
0%
0&
1'
#772150000000
1!
1"
0#
1%
1&
0'
b101 )
b11000110100001101100010111100100 .
#772200000000
0!
0"
1#
0%
0&
1'
#772250000000
1!
1"
0#
1%
1&
0'
b100 )
b01100011010000110110001011110010 .
#772300000000
0!
0"
1#
0%
0&
1'
#772350000000
1!
1"
0#
1%
1&
0'
b11 )
b00110001101000011011000101111001 .
#772400000000
0!
0"
1#
0%
0&
1'
#772450000000
1!
1"
0#
1%
1&
0'
b10 )
b11110101011010000101101110011100 .
#772500000000
0!
0"
1#
0%
0&
1'
#772550000000
1!
1"
0#
1%
1&
0'
b1 )
b01111010101101000010110111001110 .
#772600000000
0!
0"
1#
0%
0&
1'
#772650000000
1!
1"
0#
1%
1&
0'
b0 )
b00111101010110100001011011100111 .
#772700000000
0!
0"
1#
0%
0&
1'
#772750000000
1!
1"
0#
1%
1&
0'
b111 )
b1000 *
b11110011000101011000100001010011 .
#772800000000
0!
0"
1#
0%
0&
1'
#772850000000
1!
1"
0#
1%
1&
0'
b110 )
b10010100001100100100011100001001 .
#772900000000
0!
0"
1#
0%
0&
1'
#772950000000
1!
1"
0#
1%
1&
0'
b101 )
b10100111101000011010000010100100 .
#773000000000
0!
0"
1#
0%
0&
1'
#773050000000
1!
1"
0#
1%
1&
0'
b100 )
b01010011110100001101000001010010 .
#773100000000
0!
0"
1#
0%
0&
1'
#773150000000
1!
1"
0#
1%
1&
0'
b11 )
b00101001111010000110100000101001 .
#773200000000
0!
0"
1#
0%
0&
1'
#773250000000
1!
1"
0#
1%
1&
0'
b10 )
b11111001010011001011011100110100 .
#773300000000
0!
0"
1#
0%
0&
1'
#773350000000
1!
1"
0#
1%
1&
0'
b1 )
b01111100101001100101101110011010 .
#773400000000
0!
0"
1#
0%
0&
1'
#773450000000
1!
1"
0#
1%
1&
0'
b0 )
b00111110010100110010110111001101 .
#773500000000
0!
0"
1#
0%
0&
1'
#773550000000
1!
1"
0#
1%
1&
0'
b111 )
b1001 *
b11110010100100010001010111000110 .
#773600000000
0!
0"
1#
0%
0&
1'
#773650000000
1!
1"
0#
1%
1&
0'
b110 )
b01111001010010001000101011100011 .
#773700000000
0!
0"
1#
0%
0&
1'
#773750000000
1!
1"
0#
1%
1&
0'
b101 )
b11010001000111001100011001010001 .
#773800000000
0!
0"
1#
0%
0&
1'
#773850000000
1!
1"
0#
1%
1&
0'
b100 )
b10000101001101101110000000001000 .
#773900000000
0!
0"
1#
0%
0&
1'
#773950000000
1!
1"
0#
1%
1&
0'
b11 )
b01000010100110110111000000000100 .
#774000000000
0!
0"
1#
0%
0&
1'
#774050000000
1!
1"
0#
1%
1&
0'
b10 )
b00100001010011011011100000000010 .
#774100000000
0!
0"
1#
0%
0&
1'
#774150000000
1!
1"
0#
1%
1&
0'
b1 )
b00010000101001101101110000000001 .
#774200000000
0!
0"
1#
0%
0&
1'
#774250000000
1!
1"
0#
1%
1&
0'
b0 )
b11100101111010111110110100100000 .
#774300000000
0!
0"
1#
0%
0&
1'
#774350000000
1!
1"
0#
1%
1&
0'
b111 )
b1010 *
b01110010111101011111011010010000 .
#774400000000
0!
0"
1#
0%
0&
1'
#774450000000
1!
1"
0#
1%
1&
0'
b110 )
b00111001011110101111101101001000 .
#774500000000
0!
0"
1#
0%
0&
1'
#774550000000
1!
1"
0#
1%
1&
0'
b101 )
b00011100101111010111110110100100 .
#774600000000
0!
0"
1#
0%
0&
1'
#774650000000
1!
1"
0#
1%
1&
0'
b100 )
b00001110010111101011111011010010 .
#774700000000
0!
0"
1#
0%
0&
1'
#774750000000
1!
1"
0#
1%
1&
0'
b11 )
b00000111001011110101111101101001 .
#774800000000
0!
0"
1#
0%
0&
1'
#774850000000
1!
1"
0#
1%
1&
0'
b10 )
b11101110001011110010110010010100 .
#774900000000
0!
0"
1#
0%
0&
1'
#774950000000
1!
1"
0#
1%
1&
0'
b1 )
b01110111000101111001011001001010 .
#775000000000
0!
0"
1#
0%
0&
1'
#775050000000
1!
1"
0#
1%
1&
0'
b0 )
b00111011100010111100101100100101 .
#775100000000
0!
0"
1#
0%
0&
1'
#775150000000
1!
1"
0#
1%
1&
0'
b111 )
b1011 *
b11110000011111010110011010110010 .
#775200000000
0!
0"
1#
0%
0&
1'
#775250000000
1!
1"
0#
1%
1&
0'
b110 )
b01111000001111101011001101011001 .
#775300000000
0!
0"
1#
0%
0&
1'
#775350000000
1!
1"
0#
1%
1&
0'
b101 )
b11010001101001111101101010001100 .
#775400000000
0!
0"
1#
0%
0&
1'
#775450000000
1!
1"
0#
1%
1&
0'
b100 )
b01101000110100111110110101000110 .
#775500000000
0!
0"
1#
0%
0&
1'
#775550000000
1!
1"
0#
1%
1&
0'
b11 )
b00110100011010011111011010100011 .
#775600000000
0!
0"
1#
0%
0&
1'
#775650000000
1!
1"
0#
1%
1&
0'
b10 )
b11110111100011000111100001110001 .
#775700000000
0!
0"
1#
0%
0&
1'
#775750000000
1!
1"
0#
1%
1&
0'
b1 )
b10010110011111101011111100011000 .
#775800000000
0!
0"
1#
0%
0&
1'
#775850000000
1!
1"
0#
1%
1&
0'
b0 )
b01001011001111110101111110001100 .
#775900000000
0!
0"
1#
0%
0&
1'
#775950000000
1!
1"
0#
1%
1&
0'
b111 )
b1100 *
b00100101100111111010111111000110 .
#776000000000
0!
0"
1#
0%
0&
1'
#776050000000
1!
1"
0#
1%
1&
0'
b110 )
b00010010110011111101011111100011 .
#776100000000
0!
0"
1#
0%
0&
1'
#776150000000
1!
1"
0#
1%
1&
0'
b101 )
b11100100110111110110100011010001 .
#776200000000
0!
0"
1#
0%
0&
1'
#776250000000
1!
1"
0#
1%
1&
0'
b100 )
b10011111110101110011011101001000 .
#776300000000
0!
0"
1#
0%
0&
1'
#776350000000
1!
1"
0#
1%
1&
0'
b11 )
b01001111111010111001101110100100 .
#776400000000
0!
0"
1#
0%
0&
1'
#776450000000
1!
1"
0#
1%
1&
0'
b10 )
b00100111111101011100110111010010 .
#776500000000
0!
0"
1#
0%
0&
1'
#776550000000
1!
1"
0#
1%
1&
0'
b1 )
b00010011111110101110011011101001 .
#776600000000
0!
0"
1#
0%
0&
1'
#776650000000
1!
1"
0#
1%
1&
0'
b0 )
b11100100010001011111000001010100 .
#776700000000
0!
0"
1#
0%
0&
1'
#776750000000
1!
1"
0#
1%
1&
0'
b111 )
b1101 *
b01110010001000101111100000101010 .
#776800000000
0!
0"
1#
0%
0&
1'
#776850000000
1!
1"
0#
1%
1&
0'
b110 )
b00111001000100010111110000010101 .
#776900000000
0!
0"
1#
0%
0&
1'
#776950000000
1!
1"
0#
1%
1&
0'
b101 )
b11110001001100000011110100101010 .
#777000000000
0!
0"
1#
0%
0&
1'
#777050000000
1!
1"
0#
1%
1&
0'
b100 )
b01111000100110000001111010010101 .
#777100000000
0!
0"
1#
0%
0&
1'
#777150000000
1!
1"
0#
1%
1&
0'
b11 )
b11010001111101001000110001101010 .
#777200000000
0!
0"
1#
0%
0&
1'
#777250000000
1!
1"
0#
1%
1&
0'
b10 )
b01101000111110100100011000110101 .
#777300000000
0!
0"
1#
0%
0&
1'
#777350000000
1!
1"
0#
1%
1&
0'
b1 )
b11011001110001011010000000111010 .
#777400000000
0!
0"
1#
0%
0&
1'
#777450000000
1!
1"
0#
1%
1&
0'
b0 )
b01101100111000101101000000011101 .
#777500000000
0!
0"
1#
0%
0&
1'
#777550000000
1!
1"
0#
1%
1&
0'
b111 )
b1110 *
b11011011110010011110101100101110 .
#777600000000
0!
0"
1#
0%
0&
1'
#777650000000
1!
1"
0#
1%
1&
0'
b110 )
b01101101111001001111010110010111 .
#777700000000
0!
0"
1#
0%
0&
1'
#777750000000
1!
1"
0#
1%
1&
0'
b101 )
b11011011010010101111100111101011 .
#777800000000
0!
0"
1#
0%
0&
1'
#777850000000
1!
1"
0#
1%
1&
0'
b100 )
b10000000000111011111111111010101 .
#777900000000
0!
0"
1#
0%
0&
1'
#777950000000
1!
1"
0#
1%
1&
0'
b11 )
b10101101101101100111110011001010 .
#778000000000
0!
0"
1#
0%
0&
1'
#778050000000
1!
1"
0#
1%
1&
0'
b10 )
b01010110110110110011111001100101 .
#778100000000
0!
0"
1#
0%
0&
1'
#778150000000
1!
1"
0#
1%
1&
0'
b1 )
b11000110110101010001110000010010 .
#778200000000
0!
0"
1#
0%
0&
1'
#778250000000
1!
1"
0#
1%
1&
0'
b0 )
b01100011011010101000111000001001 .
#778300000000
0!
0"
1#
0%
0&
1'
#778350000000
1!
1"
0#
1%
1&
0'
b111 )
b1111 *
b11011100000011011100010000100100 .
#778400000000
0!
0"
1#
0%
0&
1'
#778450000000
1!
1"
0#
1%
1&
0'
b110 )
b01101110000001101110001000010010 .
#778500000000
0!
0"
1#
0%
0&
1'
#778550000000
1!
1"
0#
1%
1&
0'
b101 )
b00110111000000110111000100001001 .
#778600000000
0!
0"
1#
0%
0&
1'
#778650000000
1!
1"
0#
1%
1&
0'
b100 )
b11110110001110010011101110100100 .
#778700000000
0!
0"
1#
0%
0&
1'
#778750000000
1!
1"
0#
1%
1&
0'
b11 )
b01111011000111001001110111010010 .
#778800000000
0!
0"
1#
0%
0&
1'
#778850000000
1!
1"
0#
1%
1&
0'
b10 )
b00111101100011100100111011101001 .
#778900000000
0!
0"
1#
0%
0&
1'
#778950000000
1!
1"
0#
1%
1&
0'
b1 )
b11110011011111111010010001010100 .
#779000000000
0!
0"
1#
0%
0&
1'
#779050000000
1!
1"
0#
1%
1&
0'
b0 )
b01111001101111111101001000101010 .
#779100000000
0!
0"
1#
0%
0&
1'
#779150000000
1!
1"
0#
1%
1&
0'
b111 )
b10000 *
b00111100110111111110100100010101 .
#779200000000
0!
0"
1#
0%
0&
1'
#779250000000
1!
1"
0#
1%
1&
0'
b110 )
b11110011110101110111011110101010 .
#779300000000
0!
0"
1#
0%
0&
1'
#779350000000
1!
1"
0#
1%
1&
0'
b101 )
b01111001111010111011101111010101 .
#779400000000
0!
0"
1#
0%
0&
1'
#779450000000
1!
1"
0#
1%
1&
0'
b100 )
b11010001010011010101111011001010 .
#779500000000
0!
0"
1#
0%
0&
1'
#779550000000
1!
1"
0#
1%
1&
0'
b11 )
b01101000101001101010111101100101 .
#779600000000
0!
0"
1#
0%
0&
1'
#779650000000
1!
1"
0#
1%
1&
0'
b10 )
b11011001111010111101010010010010 .
#779700000000
0!
0"
1#
0%
0&
1'
#779750000000
1!
1"
0#
1%
1&
0'
b1 )
b01101100111101011110101001001001 .
#779800000000
0!
0"
1#
0%
0&
1'
#779850000000
1!
1"
0#
1%
1&
0'
b0 )
b11011011110000100111011000000100 .
#779900000000
0!
0"
1#
0%
0&
1'
#779950000000
1!
1"
0#
1%
1&
0'
b111 )
b10001 *
b01101101111000010011101100000010 .
#780000000000
0!
0"
1#
0%
0&
1'
#780050000000
1!
1"
0#
1%
1&
0'
b110 )
b00110110111100001001110110000001 .
#780100000000
0!
0"
1#
0%
0&
1'
#780150000000
1!
1"
0#
1%
1&
0'
b101 )
b11110110110000001100110111100000 .
#780200000000
0!
0"
1#
0%
0&
1'
#780250000000
1!
1"
0#
1%
1&
0'
b100 )
b01111011011000000110011011110000 .
#780300000000
0!
0"
1#
0%
0&
1'
#780350000000
1!
1"
0#
1%
1&
0'
b11 )
b00111101101100000011001101111000 .
#780400000000
0!
0"
1#
0%
0&
1'
#780450000000
1!
1"
0#
1%
1&
0'
b10 )
b00011110110110000001100110111100 .
#780500000000
0!
0"
1#
0%
0&
1'
#780550000000
1!
1"
0#
1%
1&
0'
b1 )
b00001111011011000000110011011110 .
#780600000000
0!
0"
1#
0%
0&
1'
#780650000000
1!
1"
0#
1%
1&
0'
b0 )
b00000111101101100000011001101111 .
#780700000000
0!
0"
1#
0%
0&
1'
#780750000000
1!
1"
0#
1%
1&
0'
b111 )
b10010 *
b11101110011000111000000000010111 .
#780800000000
0!
0"
1#
0%
0&
1'
#780850000000
1!
1"
0#
1%
1&
0'
b110 )
b10011010100010010100001100101011 .
#780900000000
0!
0"
1#
0%
0&
1'
#780950000000
1!
1"
0#
1%
1&
0'
b101 )
b10100000111111000010001010110101 .
#781000000000
0!
0"
1#
0%
0&
1'
#781050000000
1!
1"
0#
1%
1&
0'
b100 )
b10111101110001101001001001111010 .
#781100000000
0!
0"
1#
0%
0&
1'
#781150000000
1!
1"
0#
1%
1&
0'
b11 )
b01011110111000110100100100111101 .
#781200000000
0!
0"
1#
0%
0&
1'
#781250000000
1!
1"
0#
1%
1&
0'
b10 )
b11000010110010010010011110111110 .
#781300000000
0!
0"
1#
0%
0&
1'
#781350000000
1!
1"
0#
1%
1&
0'
b1 )
b01100001011001001001001111011111 .
#781400000000
0!
0"
1#
0%
0&
1'
#781450000000
1!
1"
0#
1%
1&
0'
b0 )
b11011101000010101100101011001111 .
#781500000000
0!
0"
1#
0%
0&
1'
#781550000000
1!
1"
0#
1%
1&
0'
b111 )
b10011 *
b10000011001111011110011001000111 .
#781600000000
0!
0"
1#
0%
0&
1'
#781650000000
1!
1"
0#
1%
1&
0'
b110 )
b10101100001001100111000000000011 .
#781700000000
0!
0"
1#
0%
0&
1'
#781750000000
1!
1"
0#
1%
1&
0'
b101 )
b10111011101010111011101100100001 .
#781800000000
0!
0"
1#
0%
0&
1'
#781850000000
1!
1"
0#
1%
1&
0'
b100 )
b10110000011011010101111010110000 .
#781900000000
0!
0"
1#
0%
0&
1'
#781950000000
1!
1"
0#
1%
1&
0'
b11 )
b01011000001101101010111101011000 .
#782000000000
0!
0"
1#
0%
0&
1'
#782050000000
1!
1"
0#
1%
1&
0'
b10 )
b00101100000110110101011110101100 .
#782100000000
0!
0"
1#
0%
0&
1'
#782150000000
1!
1"
0#
1%
1&
0'
b1 )
b00010110000011011010101111010110 .
#782200000000
0!
0"
1#
0%
0&
1'
#782250000000
1!
1"
0#
1%
1&
0'
b0 )
b00001011000001101101010111101011 .
#782300000000
0!
0"
1#
0%
0&
1'
#782350000000
1!
1"
0#
1%
1&
0'
b111 )
b10100 *
b11101000001110111110100111010101 .
#782400000000
0!
0"
1#
0%
0&
1'
#782450000000
1!
1"
0#
1%
1&
0'
b110 )
b10011001101001010111011111001010 .
#782500000000
0!
0"
1#
0%
0&
1'
#782550000000
1!
1"
0#
1%
1&
0'
b101 )
b01001100110100101011101111100101 .
#782600000000
0!
0"
1#
0%
0&
1'
#782650000000
1!
1"
0#
1%
1&
0'
b100 )
b11001011110100011101111011010010 .
#782700000000
0!
0"
1#
0%
0&
1'
#782750000000
1!
1"
0#
1%
1&
0'
b11 )
b01100101111010001110111101101001 .
#782800000000
0!
0"
1#
0%
0&
1'
#782850000000
1!
1"
0#
1%
1&
0'
b10 )
b11011111010011001111010010010100 .
#782900000000
0!
0"
1#
0%
0&
1'
#782950000000
1!
1"
0#
1%
1&
0'
b1 )
b01101111101001100111101001001010 .
#783000000000
0!
0"
1#
0%
0&
1'
#783050000000
1!
1"
0#
1%
1&
0'
b0 )
b00110111110100110011110100100101 .
#783100000000
0!
0"
1#
0%
0&
1'
#783150000000
1!
1"
0#
1%
1&
0'
b111 )
b10101 *
b11110110010100010001110110110010 .
#783200000000
0!
0"
1#
0%
0&
1'
#783250000000
1!
1"
0#
1%
1&
0'
b110 )
b01111011001010001000111011011001 .
#783300000000
0!
0"
1#
0%
0&
1'
#783350000000
1!
1"
0#
1%
1&
0'
b101 )
b11010000001011001100010001001100 .
#783400000000
0!
0"
1#
0%
0&
1'
#783450000000
1!
1"
0#
1%
1&
0'
b100 )
b01101000000101100110001000100110 .
#783500000000
0!
0"
1#
0%
0&
1'
#783550000000
1!
1"
0#
1%
1&
0'
b11 )
b00110100000010110011000100010011 .
#783600000000
0!
0"
1#
0%
0&
1'
#783650000000
1!
1"
0#
1%
1&
0'
b10 )
b11110111101111010001101110101001 .
#783700000000
0!
0"
1#
0%
0&
1'
#783750000000
1!
1"
0#
1%
1&
0'
b1 )
b10010110011001100000111011110100 .
#783800000000
0!
0"
1#
0%
0&
1'
#783850000000
1!
1"
0#
1%
1&
0'
b0 )
b01001011001100110000011101111010 .
#783900000000
0!
0"
1#
0%
0&
1'
#783950000000
1!
1"
0#
1%
1&
0'
b111 )
b10110 *
b00100101100110011000001110111101 .
#784000000000
0!
0"
1#
0%
0&
1'
#784050000000
1!
1"
0#
1%
1&
0'
b110 )
b11111111011101000100001011111110 .
#784100000000
0!
0"
1#
0%
0&
1'
#784150000000
1!
1"
0#
1%
1&
0'
b101 )
b01111111101110100010000101111111 .
#784200000000
0!
0"
1#
0%
0&
1'
#784250000000
1!
1"
0#
1%
1&
0'
b100 )
b11010010011001011001001110011111 .
#784300000000
0!
0"
1#
0%
0&
1'
#784350000000
1!
1"
0#
1%
1&
0'
b11 )
b10000100100010100100101011101111 .
#784400000000
0!
0"
1#
0%
0&
1'
#784450000000
1!
1"
0#
1%
1&
0'
b10 )
b10101111111111011010011001010111 .
#784500000000
0!
0"
1#
0%
0&
1'
#784550000000
1!
1"
0#
1%
1&
0'
b1 )
b10111010010001100101000000001011 .
#784600000000
0!
0"
1#
0%
0&
1'
#784650000000
1!
1"
0#
1%
1&
0'
b0 )
b10110000100110111010101100100101 .
#784700000000
0!
0"
1#
0%
0&
1'
#784750000000
1!
1"
0#
1%
1&
0'
b111 )
b10111 *
b10110101111101010101011010110010 .
#784800000000
0!
0"
1#
0%
0&
1'
#784850000000
1!
1"
0#
1%
1&
0'
b110 )
b01011010111110101010101101011001 .
#784900000000
0!
0"
1#
0%
0&
1'
#784950000000
1!
1"
0#
1%
1&
0'
b101 )
b11000000110001011101011010001100 .
#785000000000
0!
0"
1#
0%
0&
1'
#785050000000
1!
1"
0#
1%
1&
0'
b100 )
b01100000011000101110101101000110 .
#785100000000
0!
0"
1#
0%
0&
1'
#785150000000
1!
1"
0#
1%
1&
0'
b11 )
b00110000001100010111010110100011 .
#785200000000
0!
0"
1#
0%
0&
1'
#785250000000
1!
1"
0#
1%
1&
0'
b10 )
b11110101101000000011100111110001 .
#785300000000
0!
0"
1#
0%
0&
1'
#785350000000
1!
1"
0#
1%
1&
0'
b1 )
b10010111011010001001111111011000 .
#785400000000
0!
0"
1#
0%
0&
1'
#785450000000
1!
1"
0#
1%
1&
0'
b0 )
b01001011101101000100111111101100 .
#785500000000
0!
0"
1#
0%
0&
1'
#785550000000
1!
1"
0#
1%
1&
0'
b111 )
b11000 *
b00100101110110100010011111110110 .
#785600000000
0!
0"
1#
0%
0&
1'
#785650000000
1!
1"
0#
1%
1&
0'
b110 )
b00010010111011010001001111111011 .
#785700000000
0!
0"
1#
0%
0&
1'
#785750000000
1!
1"
0#
1%
1&
0'
b101 )
b11100100110011100000101011011101 .
#785800000000
0!
0"
1#
0%
0&
1'
#785850000000
1!
1"
0#
1%
1&
0'
b100 )
b10011111110111111000011001001110 .
#785900000000
0!
0"
1#
0%
0&
1'
#785950000000
1!
1"
0#
1%
1&
0'
b11 )
b01001111111011111100001100100111 .
#786000000000
0!
0"
1#
0%
0&
1'
#786050000000
1!
1"
0#
1%
1&
0'
b10 )
b11001010010011110110001010110011 .
#786100000000
0!
0"
1#
0%
0&
1'
#786150000000
1!
1"
0#
1%
1&
0'
b1 )
b10001000100111110011001001111001 .
#786200000000
0!
0"
1#
0%
0&
1'
#786250000000
1!
1"
0#
1%
1&
0'
b0 )
b10101001111101110001101000011100 .
#786300000000
0!
0"
1#
0%
0&
1'
#786350000000
1!
1"
0#
1%
1&
0'
b111 )
b11001 *
b01010100111110111000110100001110 .
#786400000000
0!
0"
1#
0%
0&
1'
#786450000000
1!
1"
0#
1%
1&
0'
b110 )
b00101010011111011100011010000111 .
#786500000000
0!
0"
1#
0%
0&
1'
#786550000000
1!
1"
0#
1%
1&
0'
b101 )
b11111000100001100110000001100011 .
#786600000000
0!
0"
1#
0%
0&
1'
#786650000000
1!
1"
0#
1%
1&
0'
b100 )
b10010001111110111011001100010001 .
#786700000000
0!
0"
1#
0%
0&
1'
#786750000000
1!
1"
0#
1%
1&
0'
b11 )
b10100101010001010101101010101000 .
#786800000000
0!
0"
1#
0%
0&
1'
#786850000000
1!
1"
0#
1%
1&
0'
b10 )
b01010010101000101010110101010100 .
#786900000000
0!
0"
1#
0%
0&
1'
#786950000000
1!
1"
0#
1%
1&
0'
b1 )
b00101001010100010101011010101010 .
#787000000000
0!
0"
1#
0%
0&
1'
#787050000000
1!
1"
0#
1%
1&
0'
b0 )
b00010100101010001010101101010101 .
#787100000000
0!
0"
1#
0%
0&
1'
#787150000000
1!
1"
0#
1%
1&
0'
b111 )
b11010 *
b11100111111011001101011010001010 .
#787200000000
0!
0"
1#
0%
0&
1'
#787250000000
1!
1"
0#
1%
1&
0'
b110 )
b01110011111101100110101101000101 .
#787300000000
0!
0"
1#
0%
0&
1'
#787350000000
1!
1"
0#
1%
1&
0'
b101 )
b11010100010000111011011010000010 .
#787400000000
0!
0"
1#
0%
0&
1'
#787450000000
1!
1"
0#
1%
1&
0'
b100 )
b01101010001000011101101101000001 .
#787500000000
0!
0"
1#
0%
0&
1'
#787550000000
1!
1"
0#
1%
1&
0'
b11 )
b11011000101010000110111010000000 .
#787600000000
0!
0"
1#
0%
0&
1'
#787650000000
1!
1"
0#
1%
1&
0'
b10 )
b01101100010101000011011101000000 .
#787700000000
0!
0"
1#
0%
0&
1'
#787750000000
1!
1"
0#
1%
1&
0'
b1 )
b00110110001010100001101110100000 .
#787800000000
0!
0"
1#
0%
0&
1'
#787850000000
1!
1"
0#
1%
1&
0'
b0 )
b00011011000101010000110111010000 .
#787900000000
0!
0"
1#
0%
0&
1'
#787950000000
1!
1"
0#
1%
1&
0'
b111 )
b11011 *
b00001101100010101000011011101000 .
#788000000000
0!
0"
1#
0%
0&
1'
#788050000000
1!
1"
0#
1%
1&
0'
b110 )
b00000110110001010100001101110100 .
#788100000000
0!
0"
1#
0%
0&
1'
#788150000000
1!
1"
0#
1%
1&
0'
b101 )
b00000011011000101010000110111010 .
#788200000000
0!
0"
1#
0%
0&
1'
#788250000000
1!
1"
0#
1%
1&
0'
b100 )
b00000001101100010101000011011101 .
#788300000000
0!
0"
1#
0%
0&
1'
#788350000000
1!
1"
0#
1%
1&
0'
b11 )
b11101101011000000010101101001110 .
#788400000000
0!
0"
1#
0%
0&
1'
#788450000000
1!
1"
0#
1%
1&
0'
b10 )
b01110110101100000001010110100111 .
#788500000000
0!
0"
1#
0%
0&
1'
#788550000000
1!
1"
0#
1%
1&
0'
b1 )
b11010110111000001000100111110011 .
#788600000000
0!
0"
1#
0%
0&
1'
#788650000000
1!
1"
0#
1%
1&
0'
b0 )
b10000110110010001100011111011001 .
#788700000000
0!
0"
1#
0%
0&
1'
#788750000000
1!
1"
0#
1%
1&
0'
b111 )
b11100 *
b10101110110111001110000011001100 .
#788800000000
0!
0"
1#
0%
0&
1'
#788850000000
1!
1"
0#
1%
1&
0'
b110 )
b01010111011011100111000001100110 .
#788900000000
0!
0"
1#
0%
0&
1'
#788950000000
1!
1"
0#
1%
1&
0'
b101 )
b00101011101101110011100000110011 .
#789000000000
0!
0"
1#
0%
0&
1'
#789050000000
1!
1"
0#
1%
1&
0'
b100 )
b11111000011000110001111100111001 .
#789100000000
0!
0"
1#
0%
0&
1'
#789150000000
1!
1"
0#
1%
1&
0'
b11 )
b10010001100010010000110010111100 .
#789200000000
0!
0"
1#
0%
0&
1'
#789250000000
1!
1"
0#
1%
1&
0'
b10 )
b01001000110001001000011001011110 .
#789300000000
0!
0"
1#
0%
0&
1'
#789350000000
1!
1"
0#
1%
1&
0'
b1 )
b00100100011000100100001100101111 .
#789400000000
0!
0"
1#
0%
0&
1'
#789450000000
1!
1"
0#
1%
1&
0'
b0 )
b11111111100010011010001010110111 .
#789500000000
0!
0"
1#
0%
0&
1'
#789550000000
1!
1"
0#
1%
1&
0'
b111 )
b11101 *
b10010010011111000101001001111011 .
#789600000000
0!
0"
1#
0%
0&
1'
#789650000000
1!
1"
0#
1%
1&
0'
b110 )
b10100100100001101010101000011101 .
#789700000000
0!
0"
1#
0%
0&
1'
#789750000000
1!
1"
0#
1%
1&
0'
b101 )
b10111111111110111101011000101110 .
#789800000000
0!
0"
1#
0%
0&
1'
#789850000000
1!
1"
0#
1%
1&
0'
b100 )
b01011111111111011110101100010111 .
#789900000000
0!
0"
1#
0%
0&
1'
#789950000000
1!
1"
0#
1%
1&
0'
b11 )
b11000010010001100111011010101011 .
#790000000000
0!
0"
1#
0%
0&
1'
#790050000000
1!
1"
0#
1%
1&
0'
b10 )
b10001100100110111011100001110101 .
#790100000000
0!
0"
1#
0%
0&
1'
#790150000000
1!
1"
0#
1%
1&
0'
b1 )
b10101011111101010101111100011010 .
#790200000000
0!
0"
1#
0%
0&
1'
#790250000000
1!
1"
0#
1%
1&
0'
b0 )
b01010101111110101010111110001101 .
#790300000000
0!
0"
1#
0%
0&
1'
#790350000000
1!
1"
0#
1%
1&
0'
b111 )
b11110 *
b11000111010001011101010011100110 .
#790400000000
0!
0"
1#
0%
0&
1'
#790450000000
1!
1"
0#
1%
1&
0'
b110 )
b01100011101000101110101001110011 .
#790500000000
0!
0"
1#
0%
0&
1'
#790550000000
1!
1"
0#
1%
1&
0'
b101 )
b11011100011010011111011000011001 .
#790600000000
0!
0"
1#
0%
0&
1'
#790650000000
1!
1"
0#
1%
1&
0'
b100 )
b10000011100011000111100000101100 .
#790700000000
0!
0"
1#
0%
0&
1'
#790750000000
1!
1"
0#
1%
1&
0'
b11 )
b01000001110001100011110000010110 .
#790800000000
0!
0"
1#
0%
0&
1'
#790850000000
1!
1"
0#
1%
1&
0'
b10 )
b00100000111000110001111000001011 .
#790900000000
0!
0"
1#
0%
0&
1'
#790950000000
1!
1"
0#
1%
1&
0'
b1 )
b11111101110010010000110000100101 .
#791000000000
0!
0"
1#
0%
0&
1'
#791050000000
1!
1"
0#
1%
1&
0'
b0 )
b10010011010111000000010100110010 .
#791100000000
0!
0"
1#
0%
0&
1'
#791150000000
1!
1"
0#
1%
1&
0'
b111 )
b11111 *
b01001001101011100000001010011001 .
#791200000000
0!
0"
1#
0%
0&
1'
#791250000000
1!
1"
0#
1%
1&
0'
b110 )
b11001001011011111000001001101100 .
#791300000000
0!
0"
1#
0%
0&
1'
#791350000000
1!
1"
0#
1%
1&
0'
b101 )
b01100100101101111100000100110110 .
#791400000000
0!
0"
1#
0%
0&
1'
#791450000000
1!
1"
0#
1%
1&
0'
b100 )
b00110010010110111110000010011011 .
#791500000000
0!
0"
1#
0%
0&
1'
#791550000000
1!
1"
0#
1%
1&
0'
b11 )
b11110100100101010111001101101101 .
#791600000000
0!
0"
1#
0%
0&
1'
#791650000000
1!
1"
0#
1%
1&
0'
b10 )
b10010111111100100011101010010110 .
#791700000000
0!
0"
1#
0%
0&
1'
#791750000000
1!
1"
0#
1%
1&
0'
b1 )
b01001011111110010001110101001011 .
#791800000000
0!
0"
1#
0%
0&
1'
#791850000000
1!
1"
0#
1%
1&
0'
b0 )
b11001000010001000000110110000101 .
#791900000000
0!
0"
1#
0%
0&
1'
#791950000000
1!
1"
0#
1%
1&
0'
b111 )
b100000 *
b10001001100110101000010111100010 .
#792000000000
0!
0"
1#
0%
0&
1'
#792050000000
1!
1"
0#
1%
1&
0'
b110 )
b01000100110011010100001011110001 .
#792100000000
0!
0"
1#
0%
0&
1'
#792150000000
1!
1"
0#
1%
1&
0'
b101 )
b11001111110111100010001001011000 .
#792200000000
0!
0"
1#
0%
0&
1'
#792250000000
1!
1"
0#
1%
1&
0'
b100 )
b01100111111011110001000100101100 .
#792300000000
0!
0"
1#
0%
0&
1'
#792350000000
1!
1"
0#
1%
1&
0'
b11 )
b00110011111101111000100010010110 .
#792400000000
0!
0"
1#
0%
0&
1'
#792450000000
1!
1"
0#
1%
1&
0'
b10 )
b00011001111110111100010001001011 .
#792500000000
0!
0"
1#
0%
0&
1'
#792550000000
1!
1"
0#
1%
1&
0'
b1 )
b11100001010001010110000100000101 .
#792600000000
0!
0"
1#
0%
0&
1'
#792650000000
1!
1"
0#
1%
1&
0'
b0 )
b10011101000110100011001110100010 .
#792700000000
0!
0"
1#
0%
0&
1'
#792750000000
1!
1"
0#
1%
1&
0'
b111 )
b100001 *
b01001110100011010001100111010001 .
#792800000000
0!
0"
1#
0%
0&
1'
#792850000000
1!
1"
0#
1%
1&
0'
b110 )
b11001010111111100000111111001000 .
#792900000000
0!
0"
1#
0%
0&
1'
#792950000000
1!
1"
0#
1%
1&
0'
b101 )
b01100101011111110000011111100100 .
#793000000000
0!
0"
1#
0%
0&
1'
#793050000000
1!
1"
0#
1%
1&
0'
b100 )
b00110010101111111000001111110010 .
#793100000000
0!
0"
1#
0%
0&
1'
#793150000000
1!
1"
0#
1%
1&
0'
b11 )
b00011001010111111100000111111001 .
#793200000000
0!
0"
1#
0%
0&
1'
#793250000000
1!
1"
0#
1%
1&
0'
b10 )
b11100001000101110110001111011100 .
#793300000000
0!
0"
1#
0%
0&
1'
#793350000000
1!
1"
0#
1%
1&
0'
b1 )
b01110000100010111011000111101110 .
#793400000000
0!
0"
1#
0%
0&
1'
#793450000000
1!
1"
0#
1%
1&
0'
b0 )
b00111000010001011101100011110111 .
#793500000000
0!
0"
1#
0%
0&
1'
#793550000000
1!
1"
0#
1%
1&
0'
b111 )
b100010 *
b11110001100110100110111101011011 .
#793600000000
0!
0"
1#
0%
0&
1'
#793650000000
1!
1"
0#
1%
1&
0'
b110 )
b10010101011101011011010010001101 .
#793700000000
0!
0"
1#
0%
0&
1'
#793750000000
1!
1"
0#
1%
1&
0'
b101 )
b10100111000000100101100101100110 .
#793800000000
0!
0"
1#
0%
0&
1'
#793850000000
1!
1"
0#
1%
1&
0'
b100 )
b01010011100000010010110010110011 .
#793900000000
0!
0"
1#
0%
0&
1'
#793950000000
1!
1"
0#
1%
1&
0'
b11 )
b11000100011110000001010101111001 .
#794000000000
0!
0"
1#
0%
0&
1'
#794050000000
1!
1"
0#
1%
1&
0'
b10 )
b10001111100001001000100110011100 .
#794100000000
0!
0"
1#
0%
0&
1'
#794150000000
1!
1"
0#
1%
1&
0'
b1 )
b01000111110000100100010011001110 .
#794200000000
0!
0"
1#
0%
0&
1'
#794250000000
1!
1"
0#
1%
1&
0'
b0 )
b00100011111000010010001001100111 .
#794300000000
0!
0"
1#
0%
0&
1'
#794350000000
1!
1"
0#
1%
1&
0'
b111 )
b100011 *
b11111100010010000001001000010011 .
#794400000000
0!
0"
1#
0%
0&
1'
#794450000000
1!
1"
0#
1%
1&
0'
b110 )
b10010011100111001000101000101001 .
#794500000000
0!
0"
1#
0%
0&
1'
#794550000000
1!
1"
0#
1%
1&
0'
b101 )
b10100100011101101100011000110100 .
#794600000000
0!
0"
1#
0%
0&
1'
#794650000000
1!
1"
0#
1%
1&
0'
b100 )
b01010010001110110110001100011010 .
#794700000000
0!
0"
1#
0%
0&
1'
#794750000000
1!
1"
0#
1%
1&
0'
b11 )
b00101001000111011011000110001101 .
#794800000000
0!
0"
1#
0%
0&
1'
#794850000000
1!
1"
0#
1%
1&
0'
b10 )
b11111001001101100101101111100110 .
#794900000000
0!
0"
1#
0%
0&
1'
#794950000000
1!
1"
0#
1%
1&
0'
b1 )
b01111100100110110010110111110011 .
#795000000000
0!
0"
1#
0%
0&
1'
#795050000000
1!
1"
0#
1%
1&
0'
b0 )
b11010011111101010001010111011001 .
#795100000000
0!
0"
1#
0%
0&
1'
#795150000000
1!
1"
0#
1%
1&
0'
b111 )
b100100 *
b10000100010000100000100111001100 .
#795200000000
0!
0"
1#
0%
0&
1'
#795250000000
1!
1"
0#
1%
1&
0'
b110 )
b01000010001000010000010011100110 .
#795300000000
0!
0"
1#
0%
0&
1'
#795350000000
1!
1"
0#
1%
1&
0'
b101 )
b00100001000100001000001001110011 .
#795400000000
0!
0"
1#
0%
0&
1'
#795450000000
1!
1"
0#
1%
1&
0'
b100 )
b11111101001100001100001000011001 .
#795500000000
0!
0"
1#
0%
0&
1'
#795550000000
1!
1"
0#
1%
1&
0'
b11 )
b10010011001000001110001000101100 .
#795600000000
0!
0"
1#
0%
0&
1'
#795650000000
1!
1"
0#
1%
1&
0'
b10 )
b01001001100100000111000100010110 .
#795700000000
0!
0"
1#
0%
0&
1'
#795750000000
1!
1"
0#
1%
1&
0'
b1 )
b00100100110010000011100010001011 .
#795800000000
0!
0"
1#
0%
0&
1'
#795850000000
1!
1"
0#
1%
1&
0'
b0 )
b11111111110111001001111101100101 .
#795900000000
0!
0"
1#
0%
0&
1'
#795950000000
1!
1"
0#
1%
1&
0'
b111 )
b100101 *
b10010010010101101100110010010010 .
#796000000000
0!
0"
1#
0%
0&
1'
#796050000000
1!
1"
0#
1%
1&
0'
b110 )
b01001001001010110110011001001001 .
#796100000000
0!
0"
1#
0%
0&
1'
#796150000000
1!
1"
0#
1%
1&
0'
b101 )
b11001001001011010011000000000100 .
#796200000000
0!
0"
1#
0%
0&
1'
#796250000000
1!
1"
0#
1%
1&
0'
b100 )
b01100100100101101001100000000010 .
#796300000000
0!
0"
1#
0%
0&
1'
#796350000000
1!
1"
0#
1%
1&
0'
b11 )
b00110010010010110100110000000001 .
#796400000000
0!
0"
1#
0%
0&
1'
#796450000000
1!
1"
0#
1%
1&
0'
b10 )
b11110100100111010010010100100000 .
#796500000000
0!
0"
1#
0%
0&
1'
#796550000000
1!
1"
0#
1%
1&
0'
b1 )
b01111010010011101001001010010000 .
#796600000000
0!
0"
1#
0%
0&
1'
#796650000000
1!
1"
0#
1%
1&
0'
b0 )
b00111101001001110100100101001000 .
#796700000000
0!
0"
1#
0%
0&
1'
#796750000000
1!
1"
0#
1%
1&
0'
b111 )
b100110 *
b00011110100100111010010010100100 .
#796800000000
0!
0"
1#
0%
0&
1'
#796850000000
1!
1"
0#
1%
1&
0'
b110 )
b00001111010010011101001001010010 .
#796900000000
0!
0"
1#
0%
0&
1'
#796950000000
1!
1"
0#
1%
1&
0'
b101 )
b00000111101001001110100100101001 .
#797000000000
0!
0"
1#
0%
0&
1'
#797050000000
1!
1"
0#
1%
1&
0'
b100 )
b11101110011010101111011110110100 .
#797100000000
0!
0"
1#
0%
0&
1'
#797150000000
1!
1"
0#
1%
1&
0'
b11 )
b01110111001101010111101111011010 .
#797200000000
0!
0"
1#
0%
0&
1'
#797250000000
1!
1"
0#
1%
1&
0'
b10 )
b00111011100110101011110111101101 .
#797300000000
0!
0"
1#
0%
0&
1'
#797350000000
1!
1"
0#
1%
1&
0'
b1 )
b11110000011101011101110111010110 .
#797400000000
0!
0"
1#
0%
0&
1'
#797450000000
1!
1"
0#
1%
1&
0'
b0 )
b01111000001110101110111011101011 .
#797500000000
0!
0"
1#
0%
0&
1'
#797550000000
1!
1"
0#
1%
1&
0'
b111 )
b100111 *
b11010001101001011111010001010101 .
#797600000000
0!
0"
1#
0%
0&
1'
#797650000000
1!
1"
0#
1%
1&
0'
b110 )
b10000101011010100111100100001010 .
#797700000000
0!
0"
1#
0%
0&
1'
#797750000000
1!
1"
0#
1%
1&
0'
b101 )
b01000010101101010011110010000101 .
#797800000000
0!
0"
1#
0%
0&
1'
#797850000000
1!
1"
0#
1%
1&
0'
b100 )
b11001100111000100001110101100010 .
#797900000000
0!
0"
1#
0%
0&
1'
#797950000000
1!
1"
0#
1%
1&
0'
b11 )
b01100110011100010000111010110001 .
#798000000000
0!
0"
1#
0%
0&
1'
#798050000000
1!
1"
0#
1%
1&
0'
b10 )
b11011110100000000000010001111000 .
#798100000000
0!
0"
1#
0%
0&
1'
#798150000000
1!
1"
0#
1%
1&
0'
b1 )
b01101111010000000000001000111100 .
#798200000000
0!
0"
1#
0%
0&
1'
#798250000000
1!
1"
0#
1%
1&
0'
b0 )
b00110111101000000000000100011110 .
#798300000000
0!
0"
1#
0%
0&
1'
#798350000000
1!
1"
0#
1%
1&
0'
b111 )
b101000 *
b00011011110100000000000010001111 .
#798400000000
0!
0"
1#
0%
0&
1'
#798450000000
1!
1"
0#
1%
1&
0'
b110 )
b11100000010100001000001101100111 .
#798500000000
0!
0"
1#
0%
0&
1'
#798550000000
1!
1"
0#
1%
1&
0'
b101 )
b10011101100100001100001010010011 .
#798600000000
0!
0"
1#
0%
0&
1'
#798650000000
1!
1"
0#
1%
1&
0'
b100 )
b10100011011100001110001001101001 .
#798700000000
0!
0"
1#
0%
0&
1'
#798750000000
1!
1"
0#
1%
1&
0'
b11 )
b10111100000000001111001000010100 .
#798800000000
0!
0"
1#
0%
0&
1'
#798850000000
1!
1"
0#
1%
1&
0'
b10 )
b01011110000000000111100100001010 .
#798900000000
0!
0"
1#
0%
0&
1'
#798950000000
1!
1"
0#
1%
1&
0'
b1 )
b00101111000000000011110010000101 .
#799000000000
0!
0"
1#
0%
0&
1'
#799050000000
1!
1"
0#
1%
1&
0'
b0 )
b11111010001110001001110101100010 .
#799100000000
0!
0"
1#
0%
0&
1'
#799150000000
1!
1"
0#
1%
1&
0'
b111 )
b101001 *
b01111101000111000100111010110001 .
#799200000000
0!
0"
1#
0%
0&
1'
#799250000000
1!
1"
0#
1%
1&
0'
b110 )
b11010011001101101010010001111000 .
#799300000000
0!
0"
1#
0%
0&
1'
#799350000000
1!
1"
0#
1%
1&
0'
b101 )
b01101001100110110101001000111100 .
#799400000000
0!
0"
1#
0%
0&
1'
#799450000000
1!
1"
0#
1%
1&
0'
b100 )
b00110100110011011010100100011110 .
#799500000000
0!
0"
1#
0%
0&
1'
#799550000000
1!
1"
0#
1%
1&
0'
b11 )
b00011010011001101101010010001111 .
#799600000000
0!
0"
1#
0%
0&
1'
#799650000000
1!
1"
0#
1%
1&
0'
b10 )
b11100000100010111110100101100111 .
#799700000000
0!
0"
1#
0%
0&
1'
#799750000000
1!
1"
0#
1%
1&
0'
b1 )
b10011101111111010111011110010011 .
#799800000000
0!
0"
1#
0%
0&
1'
#799850000000
1!
1"
0#
1%
1&
0'
b0 )
b10100011010001100011100011101001 .
#799900000000
0!
0"
1#
0%
0&
1'
#799950000000
1!
1"
0#
1%
1&
0'
b111 )
b101010 *
b10111100000110111001111101010100 .
#800000000000
0!
0"
1#
0%
0&
1'
#800050000000
1!
1"
0#
1%
1&
0'
b110 )
b01011110000011011100111110101010 .
#800100000000
0!
0"
1#
0%
0&
1'
#800150000000
1!
1"
0#
1%
1&
0'
b101 )
b00101111000001101110011111010101 .
#800200000000
0!
0"
1#
0%
0&
1'
#800250000000
1!
1"
0#
1%
1&
0'
b100 )
b11111010001110111111000011001010 .
#800300000000
0!
0"
1#
0%
0&
1'
#800350000000
1!
1"
0#
1%
1&
0'
b11 )
b01111101000111011111100001100101 .
#800400000000
0!
0"
1#
0%
0&
1'
#800450000000
1!
1"
0#
1%
1&
0'
b10 )
b11010011001101100111111100010010 .
#800500000000
0!
0"
1#
0%
0&
1'
#800550000000
1!
1"
0#
1%
1&
0'
b1 )
b01101001100110110011111110001001 .
#800600000000
0!
0"
1#
0%
0&
1'
#800650000000
1!
1"
0#
1%
1&
0'
b0 )
b11011001011101010001110011100100 .
#800700000000
0!
0"
1#
0%
0&
1'
#800750000000
1!
1"
0#
1%
1&
0'
b111 )
b101011 *
b01101100101110101000111001110010 .
#800800000000
0!
0"
1#
0%
0&
1'
#800850000000
1!
1"
0#
1%
1&
0'
b110 )
b00110110010111010100011100111001 .
#800900000000
0!
0"
1#
0%
0&
1'
#800950000000
1!
1"
0#
1%
1&
0'
b101 )
b11110110100101100010000010111100 .
#801000000000
0!
0"
1#
0%
0&
1'
#801050000000
1!
1"
0#
1%
1&
0'
b100 )
b01111011010010110001000001011110 .
#801100000000
0!
0"
1#
0%
0&
1'
#801150000000
1!
1"
0#
1%
1&
0'
b11 )
b00111101101001011000100000101111 .
#801200000000
0!
0"
1#
0%
0&
1'
#801250000000
1!
1"
0#
1%
1&
0'
b10 )
b11110011011010100100011100110111 .
#801300000000
0!
0"
1#
0%
0&
1'
#801350000000
1!
1"
0#
1%
1&
0'
b1 )
b10010100000011011010000010111011 .
#801400000000
0!
0"
1#
0%
0&
1'
#801450000000
1!
1"
0#
1%
1&
0'
b0 )
b10100111101111100101001101111101 .
#801500000000
0!
0"
1#
0%
0&
1'
#801550000000
1!
1"
0#
1%
1&
0'
b111 )
b101100 *
b10111110011001111010101010011110 .
#801600000000
0!
0"
1#
0%
0&
1'
#801650000000
1!
1"
0#
1%
1&
0'
b110 )
b01011111001100111101010101001111 .
#801700000000
0!
0"
1#
0%
0&
1'
#801750000000
1!
1"
0#
1%
1&
0'
b101 )
b11000010001000010110100110000111 .
#801800000000
0!
0"
1#
0%
0&
1'
#801850000000
1!
1"
0#
1%
1&
0'
b100 )
b10001100101010000011011111100011 .
#801900000000
0!
0"
1#
0%
0&
1'
#801950000000
1!
1"
0#
1%
1&
0'
b11 )
b10101011111011001001100011010001 .
#802000000000
0!
0"
1#
0%
0&
1'
#802050000000
1!
1"
0#
1%
1&
0'
b10 )
b10111000010011101100111101001000 .
#802100000000
0!
0"
1#
0%
0&
1'
#802150000000
1!
1"
0#
1%
1&
0'
b1 )
b01011100001001110110011110100100 .
#802200000000
0!
0"
1#
0%
0&
1'
#802250000000
1!
1"
0#
1%
1&
0'
b0 )
b00101110000100111011001111010010 .
#802300000000
0!
0"
1#
0%
0&
1'
#802350000000
1!
1"
0#
1%
1&
0'
b111 )
b101101 *
b00010111000010011101100111101001 .
#802400000000
0!
0"
1#
0%
0&
1'
#802450000000
1!
1"
0#
1%
1&
0'
b110 )
b11100110001111000110111111010100 .
#802500000000
0!
0"
1#
0%
0&
1'
#802550000000
1!
1"
0#
1%
1&
0'
b101 )
b01110011000111100011011111101010 .
#802600000000
0!
0"
1#
0%
0&
1'
#802650000000
1!
1"
0#
1%
1&
0'
b100 )
b00111001100011110001101111110101 .
#802700000000
0!
0"
1#
0%
0&
1'
#802750000000
1!
1"
0#
1%
1&
0'
b11 )
b11110001011111110000111011011010 .
#802800000000
0!
0"
1#
0%
0&
1'
#802850000000
1!
1"
0#
1%
1&
0'
b10 )
b01111000101111111000011101101101 .
#802900000000
0!
0"
1#
0%
0&
1'
#802950000000
1!
1"
0#
1%
1&
0'
b1 )
b11010001111001110100000010010110 .
#803000000000
0!
0"
1#
0%
0&
1'
#803050000000
1!
1"
0#
1%
1&
0'
b0 )
b01101000111100111010000001001011 .
#803100000000
0!
0"
1#
0%
0&
1'
#803150000000
1!
1"
0#
1%
1&
0'
b111 )
b0 *
b11011001110000010101001100000101 .
#803200000000
0!
0"
1#
0%
0&
1'
#803250000000
1!
1"
0#
1%
1&
0'
b1 ,
#803300000000
0!
0"
1#
0%
0&
1'
#803350000000
1!
1"
0#
1%
1&
0'
b10 ,
1-
#803400000000
0!
0"
0%
0&
#803450000000
1!
1"
1#
1%
1&
1'
b11 ,
0-
#803500000000
0!
0"
0%
0&
#803550000000
1!
1"
0#
1%
1&
0'
b100 ,
1-
#803600000000
0!
0"
0%
0&
#803650000000
1!
1"
1#
1%
1&
1'
b101 ,
#803700000000
0!
0"
0#
0%
0&
0'
#803750000000
1!
1"
1#
1%
1&
1'
b110 ,
#803800000000
0!
0"
0#
0%
0&
0'
#803850000000
1!
1"
1#
1%
1&
1'
b111 ,
#803900000000
0!
0"
0#
0%
0&
0'
#803950000000
1!
1"
1#
1%
1&
1'
b1000 ,
#804000000000
0!
0"
0#
0%
0&
0'
#804050000000
1!
1"
1#
1%
1&
1'
b1001 ,
0-
#804100000000
0!
0"
0%
0&
#804150000000
1!
1"
0#
1%
1&
0'
b1010 ,
#804200000000
0!
0"
1#
0%
0&
1'
#804250000000
1!
1"
0#
1%
1&
0'
b1011 ,
1-
#804300000000
0!
0"
0%
0&
#804350000000
1!
1"
1#
1%
1&
1'
b1100 ,
#804400000000
0!
0"
0#
0%
0&
0'
#804450000000
1!
1"
1#
1%
1&
1'
b1101 ,
0-
#804500000000
0!
0"
0%
0&
#804550000000
1!
1"
0#
1%
1&
0'
b1110 ,
1-
#804600000000
0!
0"
0%
0&
#804650000000
1!
1"
1#
1%
1&
1'
b1111 ,
0-
#804700000000
0!
0"
0%
0&
#804750000000
1!
1"
0#
1%
1&
0'
b10000 ,
1-
#804800000000
0!
0"
0%
0&
#804850000000
1!
1"
1#
1%
1&
1'
b10001 ,
0-
#804900000000
0!
0"
0%
0&
#804950000000
1!
1"
0#
1%
1&
0'
b10010 ,
1-
#805000000000
0!
0"
0%
0&
#805050000000
1!
1"
1#
1%
1&
1'
b10011 ,
#805100000000
0!
0"
0#
0%
0&
0'
#805150000000
1!
1"
1#
1%
1&
1'
b10100 ,
#805200000000
0!
0"
0#
0%
0&
0'
#805250000000
1!
1"
1#
1%
1&
1'
b10101 ,
#805300000000
0!
0"
0#
0%
0&
0'
#805350000000
1!
1"
1#
1%
1&
1'
b10110 ,
#805400000000
0!
0"
0#
0%
0&
0'
#805450000000
1!
1"
1#
1%
1&
1'
b10111 ,
0-
#805500000000
0!
0"
0%
0&
#805550000000
1!
1"
0#
1%
1&
0'
b11000 ,
#805600000000
0!
0"
1#
0%
0&
1'
#805650000000
1!
1"
0#
1%
1&
0'
b11001 ,
#805700000000
0!
0"
1#
0%
0&
1'
#805750000000
1!
1"
0#
1%
1&
0'
b11010 ,
1-
#805800000000
0!
0"
0%
0&
#805850000000
1!
1"
1#
1%
1&
1'
b11011 ,
#805900000000
0!
0"
0#
0%
0&
0'
#805950000000
1!
1"
1#
1%
1&
1'
b11100 ,
0-
#806000000000
0!
0"
0%
0&
#806050000000
1!
1"
0#
1%
1&
0'
b11101 ,
#806100000000
0!
0"
1#
0%
0&
1'
#806150000000
1!
1"
0#
1%
1&
0'
b11110 ,
1-
#806200000000
0!
0"
0%
0&
#806250000000
1!
1"
1#
1%
1&
1'
b11111 ,
0-
#806300000000
0!
0"
0%
0&
#806350000000
1!
1"
0#
0$
1%
1&
0'
0(
b0 ,
#806400000000
0!
0"
0%
0&
#806450000000
1!
1"
1%
1&
b1 +
#806500000000
0!
0"
0%
0&
#806550000000
1!
1"
1%
1&
b10 +
#806600000000
0!
0"
0%
0&
#806650000000
1!
1"
1%
1&
b11 +
#806700000000
0!
0"
0%
0&
#806750000000
1!
1"
1%
1&
b100 +
#806800000000
0!
0"
0%
0&
#806850000000
1!
1"
1%
1&
b101 +
#806900000000
0!
0"
0%
0&
#806950000000
1!
1"
1%
1&
b110 +
#807000000000
0!
0"
0%
0&
#807050000000
1!
1"
1%
1&
b111 +
#807100000000
0!
0"
0%
0&
#807150000000
1!
1"
1%
1&
b1000 +
#807200000000
0!
0"
0%
0&
#807250000000
1!
1"
1%
1&
b1001 +
#807300000000
0!
0"
0%
0&
#807350000000
1!
1"
1%
1&
b1010 +
#807400000000
0!
0"
0%
0&
#807450000000
1!
1"
1%
1&
b1011 +
#807500000000
0!
0"
0%
0&
#807550000000
1!
1"
1%
1&
b1100 +
#807600000000
0!
0"
0%
0&
#807650000000
1!
1"
1%
1&
b1101 +
#807700000000
0!
0"
0%
0&
#807750000000
1!
1"
1%
1&
b1110 +
#807800000000
0!
0"
0%
0&
#807850000000
1!
1"
1%
1&
b1111 +
#807900000000
0!
0"
0%
0&
#807950000000
1!
1"
1%
1&
b10000 +
#808000000000
0!
0"
0%
0&
#808050000000
1!
1"
1%
1&
b10001 +
#808100000000
0!
0"
0%
0&
#808150000000
1!
1"
1%
1&
b10010 +
#808200000000
0!
0"
0%
0&
#808250000000
1!
1"
1%
1&
b10011 +
#808300000000
0!
0"
0%
0&
#808350000000
1!
1"
1%
1&
b10100 +
#808400000000
0!
0"
0%
0&
#808450000000
1!
1"
1%
1&
b10101 +
#808500000000
0!
0"
0%
0&
#808550000000
1!
1"
1%
1&
b10110 +
#808600000000
0!
0"
0%
0&
#808650000000
1!
1"
1%
1&
b10111 +
#808700000000
0!
0"
0%
0&
#808750000000
1!
1"
1%
1&
b11000 +
#808800000000
0!
0"
0%
0&
#808850000000
1!
1"
1%
1&
b11001 +
#808900000000
0!
0"
0%
0&
#808950000000
1!
1"
1%
1&
b11010 +
#809000000000
0!
0"
0%
0&
#809050000000
1!
1"
1%
1&
b11011 +
#809100000000
0!
0"
0%
0&
#809150000000
1!
1"
1%
1&
b11100 +
#809200000000
0!
0"
0%
0&
#809250000000
1!
1"
1%
1&
b11101 +
#809300000000
0!
0"
0%
0&
#809350000000
1!
1"
1%
1&
b11110 +
#809400000000
0!
0"
0%
0&
#809450000000
1!
1"
1%
1&
b11111 +
#809500000000
0!
0"
0%
0&
#809550000000
1!
1"
1%
1&
b100000 +
#809600000000
0!
0"
0%
0&
#809650000000
1!
1"
1%
1&
b100001 +
#809700000000
0!
0"
0%
0&
#809750000000
1!
1"
1%
1&
b100010 +
#809800000000
0!
0"
0%
0&
#809850000000
1!
1"
1%
1&
b100011 +
#809900000000
0!
0"
0%
0&
#809950000000
1!
1"
1%
1&
b100100 +
#810000000000
0!
0"
0%
0&
#810050000000
1!
1"
1%
1&
b100101 +
#810100000000
0!
0"
0%
0&
#810150000000
1!
1"
1%
1&
b100110 +
#810200000000
0!
0"
0%
0&
#810250000000
1!
1"
1%
1&
b100111 +
#810300000000
0!
0"
0%
0&
#810350000000
1!
1"
1%
1&
b101000 +
#810400000000
0!
0"
0%
0&
#810450000000
1!
1"
1%
1&
b101001 +
#810500000000
0!
0"
0%
0&
#810550000000
1!
1"
1%
1&
b101010 +
#810600000000
0!
0"
0%
0&
#810650000000
1!
1"
1%
1&
b101011 +
#810700000000
0!
0"
0%
0&
#810750000000
1!
1"
1%
1&
b101100 +
#810800000000
0!
0"
0%
0&
#810850000000
1!
1"
1%
1&
b101101 +
#810900000000
0!
0"
0%
0&
#810950000000
1!
1"
1%
1&
b101110 +
#811000000000
0!
0"
0%
0&
#811050000000
1!
1"
1%
1&
b101111 +
#811100000000
0!
0"
0%
0&
#811150000000
1!
1"
1%
1&
b110000 +
#811200000000
0!
0"
0%
0&
#811250000000
1!
1"
1%
1&
b110001 +
#811300000000
0!
0"
0%
0&
#811350000000
1!
1"
1%
1&
b110010 +
#811400000000
0!
0"
0%
0&
#811450000000
1!
1"
1%
1&
b110011 +
#811500000000
0!
0"
0%
0&
#811550000000
1!
1"
1%
1&
b110100 +
#811600000000
0!
0"
0%
0&
#811650000000
1!
1"
1%
1&
b110101 +
#811700000000
0!
0"
0%
0&
#811750000000
1!
1"
1%
1&
b110110 +
#811800000000
0!
0"
0%
0&
#811850000000
1!
1"
1%
1&
b110111 +
#811900000000
0!
0"
0%
0&
#811950000000
1!
1"
1%
1&
b111000 +
#812000000000
0!
0"
0%
0&
#812050000000
1!
1"
1%
1&
b111001 +
#812100000000
0!
0"
0%
0&
#812150000000
1!
1"
1%
1&
b111010 +
#812200000000
0!
0"
0%
0&
#812250000000
1!
1"
1%
1&
b111011 +
#812300000000
0!
0"
0%
0&
#812350000000
1!
1"
1%
1&
b111100 +
#812400000000
0!
0"
0%
0&
#812450000000
1!
1"
1%
1&
b111101 +
#812500000000
0!
0"
0%
0&
#812550000000
1!
1"
1%
1&
b111110 +
#812600000000
0!
0"
0%
0&
#812650000000
1!
1"
1%
1&
b111111 +
#812700000000
0!
0"
0%
0&
#812750000000
1!
1"
1%
1&
b1000000 +
#812800000000
0!
0"
0%
0&
#812850000000
1!
1"
1%
1&
b1000001 +
#812900000000
0!
0"
0%
0&
#812950000000
1!
1"
1%
1&
b1000010 +
#813000000000
0!
0"
0%
0&
#813050000000
1!
1"
1%
1&
b1000011 +
#813100000000
0!
0"
0%
0&
#813150000000
1!
1"
1%
1&
b1000100 +
#813200000000
0!
0"
0%
0&
#813250000000
1!
1"
1%
1&
b1000101 +
#813300000000
0!
0"
0%
0&
#813350000000
1!
1"
1%
1&
b1000110 +
#813400000000
0!
0"
0%
0&
#813450000000
1!
1"
1%
1&
b1000111 +
#813500000000
0!
0"
0%
0&
#813550000000
1!
1"
1%
1&
b1001000 +
#813600000000
0!
0"
0%
0&
#813650000000
1!
1"
1%
1&
b1001001 +
#813700000000
0!
0"
0%
0&
#813750000000
1!
1"
1%
1&
b1001010 +
#813800000000
0!
0"
0%
0&
#813850000000
1!
1"
1%
1&
b1001011 +
#813900000000
0!
0"
0%
0&
#813950000000
1!
1"
1%
1&
b1001100 +
#814000000000
0!
0"
0%
0&
#814050000000
1!
1"
1%
1&
b1001101 +
#814100000000
0!
0"
0%
0&
#814150000000
1!
1"
1%
1&
b1001110 +
#814200000000
0!
0"
0%
0&
#814250000000
1!
1"
1%
1&
b1001111 +
#814300000000
0!
0"
0%
0&
#814350000000
1!
1"
1%
1&
b1010000 +
#814400000000
0!
0"
0%
0&
#814450000000
1!
1"
1%
1&
b1010001 +
#814500000000
0!
0"
0%
0&
#814550000000
1!
1"
1%
1&
b1010010 +
#814600000000
0!
0"
0%
0&
#814650000000
1!
1"
1%
1&
b1010011 +
#814700000000
0!
0"
0%
0&
#814750000000
1!
1"
1%
1&
b1010100 +
#814800000000
0!
0"
0%
0&
#814850000000
1!
1"
1%
1&
b1010101 +
#814900000000
0!
0"
0%
0&
#814950000000
1!
1"
1%
1&
b1010110 +
#815000000000
0!
0"
0%
0&
#815050000000
1!
1"
1%
1&
b1010111 +
#815100000000
0!
0"
0%
0&
#815150000000
1!
1"
1%
1&
b1011000 +
#815200000000
0!
0"
0%
0&
#815250000000
1!
1"
1%
1&
b1011001 +
#815300000000
0!
0"
0%
0&
#815350000000
1!
1"
1%
1&
b1011010 +
#815400000000
0!
0"
0%
0&
#815450000000
1!
1"
1%
1&
b1011011 +
#815500000000
0!
0"
0%
0&
#815550000000
1!
1"
1%
1&
b1011100 +
#815600000000
0!
0"
0%
0&
#815650000000
1!
1"
1%
1&
b1011101 +
#815700000000
0!
0"
0%
0&
#815750000000
1!
1"
1%
1&
b1011110 +
#815800000000
0!
0"
0%
0&
#815850000000
1!
1"
1%
1&
b1011111 +
#815900000000
0!
0"
0%
0&
#815950000000
1!
1"
1$
1%
1&
1(
b0 +
#816000000000
0!
0"
1#
0%
0&
1'
#816050000000
1!
1"
0#
1%
1&
0'
b110 )
1-
#816100000000
0!
0"
0%
0&
#816150000000
1!
1"
1#
1%
1&
1'
b101 )
0-
#816200000000
0!
0"
0%
0&
#816250000000
1!
1"
0#
1%
1&
0'
b100 )
1-
#816300000000
0!
0"
0%
0&
#816350000000
1!
1"
1#
1%
1&
1'
b11 )
0-
#816400000000
0!
0"
0%
0&
#816450000000
1!
1"
0#
1%
1&
0'
b10 )
1-
#816500000000
0!
0"
0%
0&
#816550000000
1!
1"
1#
1%
1&
1'
b1 )
0-
#816600000000
0!
0"
0%
0&
#816650000000
1!
1"
0#
1%
1&
0'
b0 )
1-
#816700000000
0!
0"
0%
0&
#816750000000
1!
1"
1#
1%
1&
1'
b111 )
b1 *
0-
#816800000000
0!
0"
0%
0&
#816850000000
1!
1"
0#
1%
1&
0'
b110 )
1-
#816900000000
0!
0"
0%
0&
#816950000000
1!
1"
1#
1%
1&
1'
b101 )
0-
#817000000000
0!
0"
0%
0&
#817050000000
1!
1"
0#
1%
1&
0'
b100 )
1-
#817100000000
0!
0"
0%
0&
#817150000000
1!
1"
1#
1%
1&
1'
b11 )
0-
#817200000000
0!
0"
0%
0&
#817250000000
1!
1"
0#
1%
1&
0'
b10 )
1-
#817300000000
0!
0"
0%
0&
#817350000000
1!
1"
1#
1%
1&
1'
b1 )
0-
#817400000000
0!
0"
0%
0&
#817450000000
1!
1"
0#
1%
1&
0'
b0 )
1-
#817500000000
0!
0"
0%
0&
#817550000000
1!
1"
1#
1%
1&
1'
b111 )
b10 *
0-
#817600000000
0!
0"
0%
0&
#817650000000
1!
1"
0#
1%
1&
0'
b110 )
1-
#817700000000
0!
0"
0%
0&
#817750000000
1!
1"
1#
1%
1&
1'
b101 )
0-
#817800000000
0!
0"
0%
0&
#817850000000
1!
1"
0#
1%
1&
0'
b100 )
1-
#817900000000
0!
0"
0%
0&
#817950000000
1!
1"
1#
1%
1&
1'
b11 )
0-
#818000000000
0!
0"
0%
0&
#818050000000
1!
1"
0#
1%
1&
0'
b10 )
1-
#818100000000
0!
0"
0%
0&
#818150000000
1!
1"
1#
1%
1&
1'
b1 )
0-
#818200000000
0!
0"
0%
0&
#818250000000
1!
1"
0#
1%
1&
0'
b0 )
1-
#818300000000
0!
0"
0%
0&
#818350000000
1!
1"
1#
1%
1&
1'
b111 )
b11 *
0-
#818400000000
0!
0"
0%
0&
#818450000000
1!
1"
0#
1%
1&
0'
b110 )
1-
#818500000000
0!
0"
0%
0&
#818550000000
1!
1"
1#
1%
1&
1'
b101 )
0-
#818600000000
0!
0"
0%
0&
#818650000000
1!
1"
0#
1%
1&
0'
b100 )
1-
#818700000000
0!
0"
0%
0&
#818750000000
1!
1"
1#
1%
1&
1'
b11 )
0-
#818800000000
0!
0"
0%
0&
#818850000000
1!
1"
0#
1%
1&
0'
b10 )
1-
#818900000000
0!
0"
0%
0&
#818950000000
1!
1"
1#
1%
1&
1'
b1 )
0-
#819000000000
0!
0"
0%
0&
#819050000000
1!
1"
0#
1%
1&
0'
b0 )
1-
#819100000000
0!
0"
0%
0&
#819150000000
1!
1"
1#
1%
1&
1'
b111 )
b100 *
0-
#819200000000
0!
0"
0%
0&
#819250000000
1!
1"
0#
1%
1&
0'
b110 )
1-
#819300000000
0!
0"
0%
0&
#819350000000
1!
1"
1#
1%
1&
1'
b101 )
0-
#819400000000
0!
0"
0%
0&
#819450000000
1!
1"
0#
1%
1&
0'
b100 )
1-
#819500000000
0!
0"
0%
0&
#819550000000
1!
1"
1#
1%
1&
1'
b11 )
0-
#819600000000
0!
0"
0%
0&
#819650000000
1!
1"
0#
1%
1&
0'
b10 )
1-
#819700000000
0!
0"
0%
0&
#819750000000
1!
1"
1#
1%
1&
1'
b1 )
0-
#819800000000
0!
0"
0%
0&
#819850000000
1!
1"
0#
1%
1&
0'
b0 )
1-
#819900000000
0!
0"
0%
0&
#819950000000
1!
1"
1#
1%
1&
1'
b111 )
b101 *
0-
#820000000000
0!
0"
0%
0&
#820050000000
1!
1"
0#
1%
1&
0'
b110 )
1-
#820100000000
0!
0"
0%
0&
#820150000000
1!
1"
1#
1%
1&
1'
b101 )
0-
#820200000000
0!
0"
0%
0&
#820250000000
1!
1"
0#
1%
1&
0'
b100 )
1-
#820300000000
0!
0"
0%
0&
#820350000000
1!
1"
1#
1%
1&
1'
b11 )
0-
#820400000000
0!
0"
0%
0&
#820450000000
1!
1"
0#
1%
1&
0'
b10 )
1-
#820500000000
0!
0"
0%
0&
#820550000000
1!
1"
1#
1%
1&
1'
b1 )
0-
#820600000000
0!
0"
0%
0&
#820650000000
1!
1"
0#
1%
1&
0'
b0 )
1-
#820700000000
0!
0"
0%
0&
#820750000000
1!
1"
1#
1%
1&
1'
b111 )
b110 *
0-
#820800000000
0!
0"
0%
0&
#820850000000
1!
1"
0#
1%
1&
0'
b110 )
1-
#820900000000
0!
0"
0%
0&
#820950000000
1!
1"
1#
1%
1&
1'
b101 )
0-
#821000000000
0!
0"
0%
0&
#821050000000
1!
1"
0#
1%
1&
0'
b100 )
1-
#821100000000
0!
0"
0%
0&
#821150000000
1!
1"
1#
1%
1&
1'
b11 )
0-
#821200000000
0!
0"
0%
0&
#821250000000
1!
1"
0#
1%
1&
0'
b10 )
1-
#821300000000
0!
0"
0%
0&
#821350000000
1!
1"
1#
1%
1&
1'
b1 )
0-
#821400000000
0!
0"
0%
0&
#821450000000
1!
1"
0#
1%
1&
0'
b0 )
1-
#821500000000
0!
0"
0%
0&
#821550000000
1!
1"
1#
1%
1&
1'
b111 )
b0 *
0-
#821600000000
0!
0"
0%
0&
#821650000000
1!
1"
0#
1%
1&
0'
b110 )
1-
#821700000000
0!
0"
0%
0&
#821750000000
1!
1"
1#
1%
1&
1'
b101 )
0-
#821800000000
0!
0"
0%
0&
#821850000000
1!
1"
0#
1%
1&
0'
b100 )
1-
#821900000000
0!
0"
0%
0&
#821950000000
1!
1"
1#
1%
1&
1'
b11 )
0-
#822000000000
0!
0"
0%
0&
#822050000000
1!
1"
0#
1%
1&
0'
b10 )
1-
#822100000000
0!
0"
0%
0&
#822150000000
1!
1"
1#
1%
1&
1'
b1 )
0-
#822200000000
0!
0"
0%
0&
#822250000000
1!
1"
0#
1%
1&
0'
b0 )
1-
#822300000000
0!
0"
0%
0&
#822350000000
1!
1"
1#
1%
1&
1'
b111 )
b11111111111111111111111111111111 .
#822400000000
0!
0"
0#
0%
0&
0'
#822450000000
1!
1"
1#
1%
1&
1'
b110 )
b01111111111111111111111111111111 .
#822500000000
0!
0"
0#
0%
0&
0'
#822550000000
1!
1"
1#
1%
1&
1'
b101 )
b00111111111111111111111111111111 .
#822600000000
0!
0"
0#
0%
0&
0'
#822650000000
1!
1"
1#
1%
1&
1'
b100 )
b00011111111111111111111111111111 .
#822700000000
0!
0"
0#
0%
0&
0'
#822750000000
1!
1"
1#
1%
1&
1'
b11 )
b00001111111111111111111111111111 .
#822800000000
0!
0"
0#
0%
0&
0'
#822850000000
1!
1"
1#
1%
1&
1'
b10 )
b00000111111111111111111111111111 .
#822900000000
0!
0"
0#
0%
0&
0'
#822950000000
1!
1"
1#
1%
1&
1'
b1 )
b00000011111111111111111111111111 .
#823000000000
0!
0"
0#
0%
0&
0'
#823050000000
1!
1"
1#
1%
1&
1'
b0 )
b00000001111111111111111111111111 .
#823100000000
0!
0"
0#
0%
0&
0'
#823150000000
1!
1"
1#
1%
1&
1'
b111 )
b1 *
b00000000111111111111111111111111 .
#823200000000
0!
0"
0#
0%
0&
0'
#823250000000
1!
1"
1#
1%
1&
1'
b110 )
b00000000011111111111111111111111 .
#823300000000
0!
0"
0#
0%
0&
0'
#823350000000
1!
1"
1#
1%
1&
1'
b101 )
b00000000001111111111111111111111 .
#823400000000
0!
0"
0#
0%
0&
0'
#823450000000
1!
1"
1#
1%
1&
1'
b100 )
b00000000000111111111111111111111 .
#823500000000
0!
0"
0#
0%
0&
0'
#823550000000
1!
1"
1#
1%
1&
1'
b11 )
b00000000000011111111111111111111 .
#823600000000
0!
0"
0#
0%
0&
0'
#823650000000
1!
1"
1#
1%
1&
1'
b10 )
b00000000000001111111111111111111 .
#823700000000
0!
0"
0#
0%
0&
0'
#823750000000
1!
1"
1#
1%
1&
1'
b1 )
b00000000000000111111111111111111 .
#823800000000
0!
0"
0#
0%
0&
0'
#823850000000
1!
1"
1#
1%
1&
1'
b0 )
b00000000000000011111111111111111 .
#823900000000
0!
0"
0#
0%
0&
0'
#823950000000
1!
1"
1#
1%
1&
1'
b111 )
b10 *
b00000000000000001111111111111111 .
#824000000000
0!
0"
0#
0%
0&
0'
#824050000000
1!
1"
1#
1%
1&
1'
b110 )
b00000000000000000111111111111111 .
#824100000000
0!
0"
0#
0%
0&
0'
#824150000000
1!
1"
1#
1%
1&
1'
b101 )
b00000000000000000011111111111111 .
#824200000000
0!
0"
0#
0%
0&
0'
#824250000000
1!
1"
1#
1%
1&
1'
b100 )
b00000000000000000001111111111111 .
#824300000000
0!
0"
0#
0%
0&
0'
#824350000000
1!
1"
1#
1%
1&
1'
b11 )
b00000000000000000000111111111111 .
#824400000000
0!
0"
0#
0%
0&
0'
#824450000000
1!
1"
1#
1%
1&
1'
b10 )
b00000000000000000000011111111111 .
#824500000000
0!
0"
0#
0%
0&
0'
#824550000000
1!
1"
1#
1%
1&
1'
b1 )
b00000000000000000000001111111111 .
#824600000000
0!
0"
0#
0%
0&
0'
#824650000000
1!
1"
1#
1%
1&
1'
b0 )
b00000000000000000000000111111111 .
#824700000000
0!
0"
0#
0%
0&
0'
#824750000000
1!
1"
1#
1%
1&
1'
b111 )
b11 *
b00000000000000000000000011111111 .
#824800000000
0!
0"
0#
0%
0&
0'
#824850000000
1!
1"
1#
1%
1&
1'
b110 )
b00000000000000000000000001111111 .
#824900000000
0!
0"
0#
0%
0&
0'
#824950000000
1!
1"
1#
1%
1&
1'
b101 )
b00000000000000000000000000111111 .
#825000000000
0!
0"
0#
0%
0&
0'
#825050000000
1!
1"
1#
1%
1&
1'
b100 )
b00000000000000000000000000011111 .
#825100000000
0!
0"
0#
0%
0&
0'
#825150000000
1!
1"
1#
1%
1&
1'
b11 )
b00000000000000000000000000001111 .
#825200000000
0!
0"
0#
0%
0&
0'
#825250000000
1!
1"
1#
1%
1&
1'
b10 )
b00000000000000000000000000000111 .
#825300000000
0!
0"
0#
0%
0&
0'
#825350000000
1!
1"
1#
1%
1&
1'
b1 )
b00000000000000000000000000000011 .
#825400000000
0!
0"
0#
0%
0&
0'
#825450000000
1!
1"
1#
1%
1&
1'
b0 )
b00000000000000000000000000000001 .
#825500000000
0!
0"
0#
0%
0&
0'
#825550000000
1!
1"
1#
1%
1&
1'
b111 )
b100 *
b00000000000000000000000000000000 .
#825600000000
0!
0"
0#
0%
0&
0'
#825650000000
1!
1"
1#
1%
1&
1'
b110 )
b11101101101110001000001100100000 .
#825700000000
0!
0"
0#
0%
0&
0'
#825750000000
1!
1"
1#
1%
1&
1'
b101 )
b10011011011001001100001010110000 .
#825800000000
0!
0"
0#
0%
0&
0'
#825850000000
1!
1"
1#
1%
1&
1'
b100 )
b10100000000010101110001001111000 .
#825900000000
0!
0"
0#
0%
0&
0'
#825950000000
1!
1"
1#
1%
1&
1'
b11 )
b10111101101111011111001000011100 .
#826000000000
0!
0"
0#
0%
0&
0'
#826050000000
1!
1"
1#
1%
1&
1'
b10 )
b10110011011001100111101000101110 .
#826100000000
0!
0"
0#
0%
0&
0'
#826150000000
1!
1"
1#
1%
1&
1'
b1 )
b10110100000010111011111000110111 .
#826200000000
0!
0"
0#
0%
0&
0'
#826250000000
1!
1"
1#
1%
1&
1'
b0 )
b01011010000001011101111100011011 .
#826300000000
0!
0"
0#
0%
0&
0'
#826350000000
1!
1"
1#
1%
1&
1'
b111 )
b101 *
b00101101000000101110111110001101 .
#826400000000
0!
0"
0#
0%
0&
0'
#826450000000
1!
1"
1#
1%
1&
1'
b110 )
b00010110100000010111011111000110 .
#826500000000
0!
0"
0#
0%
0&
0'
#826550000000
1!
1"
1#
1%
1&
1'
b101 )
b11100110111110000011100011000011 .
#826600000000
0!
0"
0#
0%
0&
0'
#826650000000
1!
1"
1#
1%
1&
1'
b100 )
b01110011011111000001110001100001 .
#826700000000
0!
0"
0#
0%
0&
0'
#826750000000
1!
1"
1#
1%
1&
1'
b11 )
b00111001101111100000111000110000 .
#826800000000
0!
0"
0#
0%
0&
0'
#826850000000
1!
1"
1#
1%
1&
1'
b10 )
b11110001011001111000010000111000 .
#826900000000
0!
0"
0#
0%
0&
0'
#826950000000
1!
1"
1#
1%
1&
1'
b1 )
b10010101000010110100000100111100 .
#827000000000
0!
0"
0#
0%
0&
0'
#827050000000
1!
1"
1#
1%
1&
1'
b0 )
b10100111001111010010001110111110 .
#827100000000
0!
0"
0#
0%
0&
0'
#827150000000
1!
1"
1#
1%
1&
1'
b111 )
b0 *
b10111110001001100001001011111111 .
#827200000000
0!
0"
0#
0%
0&
0'
#827250000000
1!
1"
1#
1%
1&
1'
b110 )
0-
b10110010101010111000101001011111 .
#827300000000
0!
0"
0%
0&
#827350000000
1!
1"
0#
1%
1&
0'
b101 )
b10110100111011010100011000001111 .
#827400000000
0!
0"
1#
0%
0&
1'
#827450000000
1!
1"
0#
1%
1&
0'
b100 )
b10110111110011100010000000100111 .
#827500000000
0!
0"
1#
0%
0&
1'
#827550000000
1!
1"
0#
1%
1&
0'
b11 )
b10110110010111111001001100110011 .
#827600000000
0!
0"
1#
0%
0&
1'
#827650000000
1!
1"
0#
1%
1&
0'
b10 )
1-
b01011011001011111100100110011001 .
#827700000000
0!
0"
0%
0&
#827750000000
1!
1"
1#
1%
1&
1'
b1 )
0-
b11000000001011110110011111101100 .
#827800000000
0!
0"
0%
0&
#827850000000
1!
1"
0#
1%
1&
0'
b0 )
b01100000000101111011001111110110 .
#827900000000
0!
0"
1#
0%
0&
1'
#827950000000
1!
1"
0#
1%
1&
0'
b111 )
b1 *
b00110000000010111101100111111011 .
#828000000000
0!
0"
1#
0%
0&
1'
#828050000000
1!
1"
0#
1%
1&
0'
b110 )
b11110101101111010110111111011101 .
#828100000000
0!
0"
1#
0%
0&
1'
#828150000000
1!
1"
0#
1%
1&
0'
b101 )
1-
b01111010110111101011011111101110 .
#828200000000
0!
0"
0%
0&
#828250000000
1!
1"
1#
1%
1&
1'
b100 )
0-
b00111101011011110101101111110111 .
#828300000000
0!
0"
0%
0&
#828350000000
1!
1"
0#
1%
1&
0'
b11 )
b11110011000011110010111011011011 .
#828400000000
0!
0"
1#
0%
0&
1'
#828450000000
1!
1"
0#
1%
1&
0'
b10 )
b10010100001111110001010001001101 .
#828500000000
0!
0"
1#
0%
0&
1'
#828550000000
1!
1"
0#
1%
1&
0'
b1 )
b10100111101001110000100100000110 .
#828600000000
0!
0"
1#
0%
0&
1'
#828650000000
1!
1"
0#
1%
1&
0'
b0 )
b01010011110100111000010010000011 .
#828700000000
0!
0"
1#
0%
0&
1'
#828750000000
1!
1"
0#
1%
1&
0'
b111 )
b10 *
1-
b00101001111010011100001001000001 .
#828800000000
0!
0"
0%
0&
#828850000000
1!
1"
1#
1%
1&
1'
b110 )
0-
b11111001010011000110001000000000 .
#828900000000
0!
0"
0%
0&
#828950000000
1!
1"
0#
1%
1&
0'
b101 )
1-
b10010001000111101011001000100000 .
#829000000000
0!
0"
0%
0&
#829050000000
1!
1"
1#
1%
1&
1'
b100 )
b10100101001101111101101000110000 .
#829100000000
0!
0"
0#
0%
0&
0'
#829150000000
1!
1"
1#
1%
1&
1'
b11 )
0-
b01010010100110111110110100011000 .
#829200000000
0!
0"
0%
0&
#829250000000
1!
1"
0#
1%
1&
0'
b10 )
b00101001010011011111011010001100 .
#829300000000
0!
0"
1#
0%
0&
1'
#829350000000
1!
1"
0#
1%
1&
0'
b1 )
b00010100101001101111101101000110 .
#829400000000
0!
0"
1#
0%
0&
1'
#829450000000
1!
1"
0#
1%
1&
0'
b0 )
b00001010010100110111110110100011 .
#829500000000
0!
0"
1#
0%
0&
1'
#829550000000
1!
1"
0#
1%
1&
0'
b111 )
b11 *
1-
b00000101001010011011111011010001 .
#829600000000
0!
0"
0%
0&
#829650000000
1!
1"
1#
1%
1&
1'
b110 )
0-
b11101111001011000101110001001000 .
#829700000000
0!
0"
0%
0&
#829750000000
1!
1"
0#
1%
1&
0'
b101 )
b01110111100101100010111000100100 .
#829800000000
0!
0"
1#
0%
0&
1'
#829850000000
1!
1"
0#
1%
1&
0'
b100 )
b00111011110010110001011100010010 .
#829900000000
0!
0"
1#
0%
0&
1'
#829950000000
1!
1"
0#
1%
1&
0'
b11 )
1-
b11110000010111010000100010101001 .
#830000000000
0!
0"
0%
0&
#830050000000
1!
1"
1#
1%
1&
1'
b10 )
b01111000001011101000010001010100 .
#830100000000
0!
0"
0#
0%
0&
0'
#830150000000
1!
1"
1#
1%
1&
1'
b1 )
0-
b00111100000101110100001000101010 .
#830200000000
0!
0"
0%
0&
#830250000000
1!
1"
0#
1%
1&
0'
b0 )
b00011110000010111010000100010101 .
#830300000000
0!
0"
1#
0%
0&
1'
#830350000000
1!
1"
0#
1%
1&
0'
b111 )
b100 *
b11100010101111010101001110101010 .
#830400000000
0!
0"
1#
0%
0&
1'
#830450000000
1!
1"
0#
1%
1&
0'
b110 )
b01110001010111101010100111010101 .
#830500000000
0!
0"
1#
0%
0&
1'
#830550000000
1!
1"
0#
1%
1&
0'
b101 )
1-
b00111000101011110101010011101010 .
#830600000000
0!
0"
0%
0&
#830650000000
1!
1"
1#
1%
1&
1'
b100 )
0-
b00011100010101111010101001110101 .
#830700000000
0!
0"
0%
0&
#830750000000
1!
1"
0#
1%
1&
0'
b11 )
1-
b00001110001010111101010100111010 .
#830800000000
0!
0"
0%
0&
#830850000000
1!
1"
1#
1%
1&
1'
b10 )
0-
b00000111000101011110101010011101 .
#830900000000
0!
0"
0%
0&
#830950000000
1!
1"
0#
1%
1&
0'
b1 )
1-
b00000011100010101111010101001110 .
#831000000000
0!
0"
0%
0&
#831050000000
1!
1"
1#
1%
1&
1'
b0 )
b11101100011111011111100110000111 .
#831100000000
0!
0"
0#
0%
0&
0'
#831150000000
1!
1"
1#
1%
1&
1'
b111 )
b101 *
b01110110001111101111110011000011 .
#831200000000
0!
0"
0#
0%
0&
0'
#831250000000
1!
1"
1#
1%
1&
1'
b110 )
0-
b11010110101001111111110101000001 .
#831300000000
0!
0"
0%
0&
#831350000000
1!
1"
0#
1%
1&
0'
b101 )
b10000110111010110111110110000000 .
#831400000000
0!
0"
1#
0%
0&
1'
#831450000000
1!
1"
0#
1%
1&
0'
b100 )
b01000011011101011011111011000000 .
#831500000000
0!
0"
1#
0%
0&
1'
#831550000000
1!
1"
0#
1%
1&
0'
b11 )
1-
b11001100000000100101110001000000 .
#831600000000
0!
0"
0%
0&
#831650000000
1!
1"
1#
1%
1&
1'
b10 )
0-
b01100110000000010010111000100000 .
#831700000000
0!
0"
0%
0&
#831750000000
1!
1"
0#
1%
1&
0'
b1 )
b00110011000000001001011100010000 .
#831800000000
0!
0"
1#
0%
0&
1'
#831850000000
1!
1"
0#
1%
1&
0'
b0 )
b00011001100000000100101110001000 .
#831900000000
0!
0"
1#
0%
0&
1'
#831950000000
1!
1"
0#
1%
1&
0'
b111 )
b0 *
b00001100110000000010010111000100 .
#832000000000
0!
0"
1#
0%
0&
1'
#832050000000
1!
1"
0#
1%
1&
0'
b110 )
b00000110011000000001001011100010 .
#832100000000
0!
0"
1#
0%
0&
1'
#832150000000
1!
1"
0#
1%
1&
0'
b101 )
b00000011001100000000100101110001 .
#832200000000
0!
0"
1#
0%
0&
1'
#832250000000
1!
1"
0#
1%
1&
0'
b100 )
b11101100001000001000011110011000 .
#832300000000
0!
0"
1#
0%
0&
1'
#832350000000
1!
1"
0#
1%
1&
0'
b11 )
1-
b10011011101010001100000011101100 .
#832400000000
0!
0"
0%
0&
#832450000000
1!
1"
1#
1%
1&
1'
b10 )
0-
b01001101110101000110000001110110 .
#832500000000
0!
0"
0%
0&
#832550000000
1!
1"
0#
1%
1&
0'
b1 )
b00100110111010100011000000111011 .
#832600000000
0!
0"
1#
0%
0&
1'
#832650000000
1!
1"
0#
1%
1&
0'
b0 )
b11111110110011011001101100111101 .
#832700000000
0!
0"
1#
0%
0&
1'
#832750000000
1!
1"
0#
1%
1&
0'
b111 )
b1 *
1-
b01111111011001101100110110011110 .
#832800000000
0!
0"
0%
0&
#832850000000
1!
1"
1#
1%
1&
1'
b110 )
b11010010000010111110010111101111 .
#832900000000
0!
0"
0#
0%
0&
0'
#832950000000
1!
1"
1#
1%
1&
1'
b101 )
0-
b10000100101111010111000111010111 .
#833000000000
0!
0"
0%
0&
#833050000000
1!
1"
0#
1%
1&
0'
b100 )
1-
b01000010010111101011100011101011 .
#833100000000
0!
0"
0%
0&
#833150000000
1!
1"
1#
1%
1&
1'
b11 )
0-
b11001100100101111101111101010101 .
#833200000000
0!
0"
0%
0&
#833250000000
1!
1"
0#
1%
1&
0'
b10 )
1-
b01100110010010111110111110101010 .
#833300000000
0!
0"
0%
0&
#833350000000
1!
1"
1#
1%
1&
1'
b1 )
b11011110100111010111010011110101 .
#833400000000
0!
0"
0#
0%
0&
0'
#833450000000
1!
1"
1#
1%
1&
1'
b0 )
0-
b10000010111101100011100101011010 .
#833500000000
0!
0"
0%
0&
#833550000000
1!
1"
0#
1%
1&
0'
b111 )
b0 *
1-
b10101100110000111001111110001101 .
#833600000000
0!
0"
0%
0&
#833650000000
1!
1"
1#
1%
1&
1'
b110 )
0-
b10111011110110010100110011100110 .
#833700000000
0!
0"
0%
0&
#833750000000
1!
1"
0#
1%
1&
0'
b101 )
b01011101111011001010011001110011 .
#833800000000
0!
0"
1#
0%
0&
1'
#833850000000
1!
1"
0#
1%
1&
0'
b100 )
b11000011010011101101000000011001 .
#833900000000
0!
0"
1#
0%
0&
1'
#833950000000
1!
1"
0#
1%
1&
0'
b11 )
b10001100000111111110101100101100 .
#834000000000
0!
0"
1#
0%
0&
1'
#834050000000
1!
1"
0#
1%
1&
0'
b10 )
b01000110000011111111010110010110 .
#834100000000
0!
0"
1#
0%
0&
1'
#834150000000
1!
1"
0#
1%
1&
0'
b1 )
b00100011000001111111101011001011 .
#834200000000
0!
0"
1#
0%
0&
1'
#834250000000
1!
1"
0#
1%
1&
0'
b0 )
b11111100001110110111111001000101 .
#834300000000
0!
0"
1#
0%
0&
1'
#834350000000
1!
1"
0#
1%
1&
0'
b111 )
b1 *
b10010011101001010011110000000010 .
#834400000000
0!
0"
1#
0%
0&
1'
#834450000000
1!
1"
0#
1%
1&
0'
b110 )
b01001001110100101001111000000001 .
#834500000000
0!
0"
1#
0%
0&
1'
#834550000000
1!
1"
0#
1%
1&
0'
b101 )
b11001001010100011100110000100000 .
#834600000000
0!
0"
1#
0%
0&
1'
#834650000000
1!
1"
0#
1%
1&
0'
b100 )
b01100100101010001110011000010000 .
#834700000000
0!
0"
1#
0%
0&
1'
#834750000000
1!
1"
0#
1%
1&
0'
b11 )
b00110010010101000111001100001000 .
#834800000000
0!
0"
1#
0%
0&
1'
#834850000000
1!
1"
0#
1%
1&
0'
b10 )
b00011001001010100011100110000100 .
#834900000000
0!
0"
1#
0%
0&
1'
#834950000000
1!
1"
0#
1%
1&
0'
b1 )
b00001100100101010001110011000010 .
#835000000000
0!
0"
1#
0%
0&
1'
#835050000000
1!
1"
0#
1%
1&
0'
b0 )
b00000110010010101000111001100001 .
#835100000000
0!
0"
1#
0%
0&
1'
#835150000000
1!
1"
0#
1%
1&
0'
b111 )
b10 *
b11101110100111011100010000010000 .
#835200000000
0!
0"
1#
0%
0&
1'
#835250000000
1!
1"
0#
1%
1&
0'
b110 )
b01110111010011101110001000001000 .
#835300000000
0!
0"
1#
0%
0&
1'
#835350000000
1!
1"
0#
1%
1&
0'
b101 )
b00111011101001110111000100000100 .
#835400000000
0!
0"
1#
0%
0&
1'
#835450000000
1!
1"
0#
1%
1&
0'
b100 )
b00011101110100111011100010000010 .
#835500000000
0!
0"
1#
0%
0&
1'
#835550000000
1!
1"
0#
1%
1&
0'
b11 )
b00001110111010011101110001000001 .
#835600000000
0!
0"
1#
0%
0&
1'
#835650000000
1!
1"
0#
1%
1&
0'
b10 )
b11101010110011000110110100000000 .
#835700000000
0!
0"
1#
0%
0&
1'
#835750000000
1!
1"
0#
1%
1&
0'
b1 )
b01110101011001100011011010000000 .
#835800000000
0!
0"
1#
0%
0&
1'
#835850000000
1!
1"
0#
1%
1&
0'
b0 )
b00111010101100110001101101000000 .
#835900000000
0!
0"
1#
0%
0&
1'
#835950000000
1!
1"
0#
1%
1&
0'
b111 )
b11 *
b00011101010110011000110110100000 .
#836000000000
0!
0"
1#
0%
0&
1'
#836050000000
1!
1"
0#
1%
1&
0'
b110 )
b00001110101011001100011011010000 .
#836100000000
0!
0"
1#
0%
0&
1'
#836150000000
1!
1"
0#
1%
1&
0'
b101 )
b00000111010101100110001101101000 .
#836200000000
0!
0"
1#
0%
0&
1'
#836250000000
1!
1"
0#
1%
1&
0'
b100 )
b00000011101010110011000110110100 .
#836300000000
0!
0"
1#
0%
0&
1'
#836350000000
1!
1"
0#
1%
1&
0'
b11 )
b00000001110101011001100011011010 .
#836400000000
0!
0"
1#
0%
0&
1'
#836450000000
1!
1"
0#
1%
1&
0'
b10 )
b00000000111010101100110001101101 .
#836500000000
0!
0"
1#
0%
0&
1'
#836550000000
1!
1"
0#
1%
1&
0'
b1 )
b11101101110011011110010100010110 .
#836600000000
0!
0"
1#
0%
0&
1'
#836650000000
1!
1"
0#
1%
1&
0'
b0 )
b01110110111001101111001010001011 .
#836700000000
0!
0"
1#
0%
0&
1'
#836750000000
1!
1"
0#
1%
1&
0'
b111 )
b100 *
b11010110110010111111101001100101 .
#836800000000
0!
0"
1#
0%
0&
1'
#836850000000
1!
1"
0#
1%
1&
0'
b110 )
b10000110110111010111111000010010 .
#836900000000
0!
0"
1#
0%
0&
1'
#836950000000
1!
1"
0#
1%
1&
0'
b101 )
b01000011011011101011111100001001 .
#837000000000
0!
0"
1#
0%
0&
1'
#837050000000
1!
1"
0#
1%
1&
0'
b100 )
b11001100000011111101110010100100 .
#837100000000
0!
0"
1#
0%
0&
1'
#837150000000
1!
1"
0#
1%
1&
0'
b11 )
b01100110000001111110111001010010 .
#837200000000
0!
0"
1#
0%
0&
1'
#837250000000
1!
1"
0#
1%
1&
0'
b10 )
b00110011000000111111011100101001 .
#837300000000
0!
0"
1#
0%
0&
1'
#837350000000
1!
1"
0#
1%
1&
0'
b1 )
b11110100001110010111100010110100 .
#837400000000
0!
0"
1#
0%
0&
1'
#837450000000
1!
1"
0#
1%
1&
0'
b0 )
b01111010000111001011110001011010 .
#837500000000
0!
0"
1#
0%
0&
1'
#837550000000
1!
1"
0#
1%
1&
0'
b111 )
b101 *
b00111101000011100101111000101101 .
#837600000000
0!
0"
1#
0%
0&
1'
#837650000000
1!
1"
0#
1%
1&
0'
b110 )
b11110011001111111010110000110110 .
#837700000000
0!
0"
1#
0%
0&
1'
#837750000000
1!
1"
0#
1%
1&
0'
b101 )
b01111001100111111101011000011011 .
#837800000000
0!
0"
1#
0%
0&
1'
#837850000000
1!
1"
0#
1%
1&
0'
b100 )
b11010001011101110110100000101101 .
#837900000000
0!
0"
1#
0%
0&
1'
#837950000000
1!
1"
0#
1%
1&
0'
b11 )
b10000101000000110011011100110110 .
#838000000000
0!
0"
1#
0%
0&
1'
#838050000000
1!
1"
0#
1%
1&
0'
b10 )
b01000010100000011001101110011011 .
#838100000000
0!
0"
1#
0%
0&
1'
#838150000000
1!
1"
0#
1%
1&
0'
b1 )
b11001100111110000100111011101101 .
#838200000000
0!
0"
1#
0%
0&
1'
#838250000000
1!
1"
0#
1%
1&
0'
b0 )
b10001011110001001010010001010110 .
#838300000000
0!
0"
1#
0%
0&
1'
#838350000000
1!
1"
0#
1%
1&
0'
b111 )
b110 *
b01000101111000100101001000101011 .
#838400000000
0!
0"
1#
0%
0&
1'
#838450000000
1!
1"
0#
1%
1&
0'
b110 )
b11001111010010011010101000110101 .
#838500000000
0!
0"
1#
0%
0&
1'
#838550000000
1!
1"
0#
1%
1&
0'
b101 )
b10001010000111000101011000111010 .
#838600000000
0!
0"
1#
0%
0&
1'
#838650000000
1!
1"
0#
1%
1&
0'
b100 )
b01000101000011100010101100011101 .
#838700000000
0!
0"
1#
0%
0&
1'
#838750000000
1!
1"
0#
1%
1&
0'
b11 )
b11001111001111111001011010101110 .
#838800000000
0!
0"
1#
0%
0&
1'
#838850000000
1!
1"
0#
1%
1&
0'
b10 )
b01100111100111111100101101010111 .
#838900000000
0!
0"
1#
0%
0&
1'
#838950000000
1!
1"
0#
1%
1&
0'
b1 )
b11011110011101110110011010001011 .
#839000000000
0!
0"
1#
0%
0&
1'
#839050000000
1!
1"
0#
1%
1&
0'
b0 )
b10000010100000110011000001100101 .
#839100000000
0!
0"
1#
0%
0&
1'
#839150000000
1!
1"
0#
1%
1&
0'
b111 )
b111 *
b10101100111110010001101100010010 .
#839200000000
0!
0"
1#
0%
0&
1'
#839250000000
1!
1"
0#
1%
1&
0'
b110 )
b01010110011111001000110110001001 .
#839300000000
0!
0"
1#
0%
0&
1'
#839350000000
1!
1"
0#
1%
1&
0'
b101 )
b11000110100001101100010111100100 .
#839400000000
0!
0"
1#
0%
0&
1'
#839450000000
1!
1"
0#
1%
1&
0'
b100 )
b01100011010000110110001011110010 .
#839500000000
0!
0"
1#
0%
0&
1'
#839550000000
1!
1"
0#
1%
1&
0'
b11 )
b00110001101000011011000101111001 .
#839600000000
0!
0"
1#
0%
0&
1'
#839650000000
1!
1"
0#
1%
1&
0'
b10 )
b11110101011010000101101110011100 .
#839700000000
0!
0"
1#
0%
0&
1'
#839750000000
1!
1"
0#
1%
1&
0'
b1 )
b01111010101101000010110111001110 .
#839800000000
0!
0"
1#
0%
0&
1'
#839850000000
1!
1"
0#
1%
1&
0'
b0 )
b00111101010110100001011011100111 .
#839900000000
0!
0"
1#
0%
0&
1'
#839950000000
1!
1"
0#
1%
1&
0'
b111 )
b1000 *
b11110011000101011000100001010011 .
#840000000000
0!
0"
1#
0%
0&
1'
#840050000000
1!
1"
0#
1%
1&
0'
b110 )
b10010100001100100100011100001001 .
#840100000000
0!
0"
1#
0%
0&
1'
#840150000000
1!
1"
0#
1%
1&
0'
b101 )
b10100111101000011010000010100100 .
#840200000000
0!
0"
1#
0%
0&
1'
#840250000000
1!
1"
0#
1%
1&
0'
b100 )
b01010011110100001101000001010010 .
#840300000000
0!
0"
1#
0%
0&
1'
#840350000000
1!
1"
0#
1%
1&
0'
b11 )
b00101001111010000110100000101001 .
#840400000000
0!
0"
1#
0%
0&
1'
#840450000000
1!
1"
0#
1%
1&
0'
b10 )
b11111001010011001011011100110100 .
#840500000000
0!
0"
1#
0%
0&
1'
#840550000000
1!
1"
0#
1%
1&
0'
b1 )
b01111100101001100101101110011010 .
#840600000000
0!
0"
1#
0%
0&
1'
#840650000000
1!
1"
0#
1%
1&
0'
b0 )
b00111110010100110010110111001101 .
#840700000000
0!
0"
1#
0%
0&
1'
#840750000000
1!
1"
0#
1%
1&
0'
b111 )
b1001 *
b11110010100100010001010111000110 .
#840800000000
0!
0"
1#
0%
0&
1'
#840850000000
1!
1"
0#
1%
1&
0'
b110 )
b01111001010010001000101011100011 .
#840900000000
0!
0"
1#
0%
0&
1'
#840950000000
1!
1"
0#
1%
1&
0'
b101 )
b11010001000111001100011001010001 .
#841000000000
0!
0"
1#
0%
0&
1'
#841050000000
1!
1"
0#
1%
1&
0'
b100 )
b10000101001101101110000000001000 .
#841100000000
0!
0"
1#
0%
0&
1'
#841150000000
1!
1"
0#
1%
1&
0'
b11 )
b01000010100110110111000000000100 .
#841200000000
0!
0"
1#
0%
0&
1'
#841250000000
1!
1"
0#
1%
1&
0'
b10 )
b00100001010011011011100000000010 .
#841300000000
0!
0"
1#
0%
0&
1'
#841350000000
1!
1"
0#
1%
1&
0'
b1 )
b00010000101001101101110000000001 .
#841400000000
0!
0"
1#
0%
0&
1'
#841450000000
1!
1"
0#
1%
1&
0'
b0 )
b11100101111010111110110100100000 .
#841500000000
0!
0"
1#
0%
0&
1'
#841550000000
1!
1"
0#
1%
1&
0'
b111 )
b1010 *
b01110010111101011111011010010000 .
#841600000000
0!
0"
1#
0%
0&
1'
#841650000000
1!
1"
0#
1%
1&
0'
b110 )
b00111001011110101111101101001000 .
#841700000000
0!
0"
1#
0%
0&
1'
#841750000000
1!
1"
0#
1%
1&
0'
b101 )
b00011100101111010111110110100100 .
#841800000000
0!
0"
1#
0%
0&
1'
#841850000000
1!
1"
0#
1%
1&
0'
b100 )
b00001110010111101011111011010010 .
#841900000000
0!
0"
1#
0%
0&
1'
#841950000000
1!
1"
0#
1%
1&
0'
b11 )
b00000111001011110101111101101001 .
#842000000000
0!
0"
1#
0%
0&
1'
#842050000000
1!
1"
0#
1%
1&
0'
b10 )
b11101110001011110010110010010100 .
#842100000000
0!
0"
1#
0%
0&
1'
#842150000000
1!
1"
0#
1%
1&
0'
b1 )
b01110111000101111001011001001010 .
#842200000000
0!
0"
1#
0%
0&
1'
#842250000000
1!
1"
0#
1%
1&
0'
b0 )
b00111011100010111100101100100101 .
#842300000000
0!
0"
1#
0%
0&
1'
#842350000000
1!
1"
0#
1%
1&
0'
b111 )
b1011 *
b11110000011111010110011010110010 .
#842400000000
0!
0"
1#
0%
0&
1'
#842450000000
1!
1"
0#
1%
1&
0'
b110 )
b01111000001111101011001101011001 .
#842500000000
0!
0"
1#
0%
0&
1'
#842550000000
1!
1"
0#
1%
1&
0'
b101 )
b11010001101001111101101010001100 .
#842600000000
0!
0"
1#
0%
0&
1'
#842650000000
1!
1"
0#
1%
1&
0'
b100 )
b01101000110100111110110101000110 .
#842700000000
0!
0"
1#
0%
0&
1'
#842750000000
1!
1"
0#
1%
1&
0'
b11 )
b00110100011010011111011010100011 .
#842800000000
0!
0"
1#
0%
0&
1'
#842850000000
1!
1"
0#
1%
1&
0'
b10 )
b11110111100011000111100001110001 .
#842900000000
0!
0"
1#
0%
0&
1'
#842950000000
1!
1"
0#
1%
1&
0'
b1 )
b10010110011111101011111100011000 .
#843000000000
0!
0"
1#
0%
0&
1'
#843050000000
1!
1"
0#
1%
1&
0'
b0 )
b01001011001111110101111110001100 .
#843100000000
0!
0"
1#
0%
0&
1'
#843150000000
1!
1"
0#
1%
1&
0'
b111 )
b1100 *
b00100101100111111010111111000110 .
#843200000000
0!
0"
1#
0%
0&
1'
#843250000000
1!
1"
0#
1%
1&
0'
b110 )
b00010010110011111101011111100011 .
#843300000000
0!
0"
1#
0%
0&
1'
#843350000000
1!
1"
0#
1%
1&
0'
b101 )
b11100100110111110110100011010001 .
#843400000000
0!
0"
1#
0%
0&
1'
#843450000000
1!
1"
0#
1%
1&
0'
b100 )
b10011111110101110011011101001000 .
#843500000000
0!
0"
1#
0%
0&
1'
#843550000000
1!
1"
0#
1%
1&
0'
b11 )
b01001111111010111001101110100100 .
#843600000000
0!
0"
1#
0%
0&
1'
#843650000000
1!
1"
0#
1%
1&
0'
b10 )
b00100111111101011100110111010010 .
#843700000000
0!
0"
1#
0%
0&
1'
#843750000000
1!
1"
0#
1%
1&
0'
b1 )
b00010011111110101110011011101001 .
#843800000000
0!
0"
1#
0%
0&
1'
#843850000000
1!
1"
0#
1%
1&
0'
b0 )
b11100100010001011111000001010100 .
#843900000000
0!
0"
1#
0%
0&
1'
#843950000000
1!
1"
0#
1%
1&
0'
b111 )
b1101 *
b01110010001000101111100000101010 .
#844000000000
0!
0"
1#
0%
0&
1'
#844050000000
1!
1"
0#
1%
1&
0'
b110 )
b00111001000100010111110000010101 .
#844100000000
0!
0"
1#
0%
0&
1'
#844150000000
1!
1"
0#
1%
1&
0'
b101 )
b11110001001100000011110100101010 .
#844200000000
0!
0"
1#
0%
0&
1'
#844250000000
1!
1"
0#
1%
1&
0'
b100 )
b01111000100110000001111010010101 .
#844300000000
0!
0"
1#
0%
0&
1'
#844350000000
1!
1"
0#
1%
1&
0'
b11 )
b11010001111101001000110001101010 .
#844400000000
0!
0"
1#
0%
0&
1'
#844450000000
1!
1"
0#
1%
1&
0'
b10 )
b01101000111110100100011000110101 .
#844500000000
0!
0"
1#
0%
0&
1'
#844550000000
1!
1"
0#
1%
1&
0'
b1 )
b11011001110001011010000000111010 .
#844600000000
0!
0"
1#
0%
0&
1'
#844650000000
1!
1"
0#
1%
1&
0'
b0 )
b01101100111000101101000000011101 .
#844700000000
0!
0"
1#
0%
0&
1'
#844750000000
1!
1"
0#
1%
1&
0'
b111 )
b1110 *
b11011011110010011110101100101110 .
#844800000000
0!
0"
1#
0%
0&
1'
#844850000000
1!
1"
0#
1%
1&
0'
b110 )
b01101101111001001111010110010111 .
#844900000000
0!
0"
1#
0%
0&
1'
#844950000000
1!
1"
0#
1%
1&
0'
b101 )
b11011011010010101111100111101011 .
#845000000000
0!
0"
1#
0%
0&
1'
#845050000000
1!
1"
0#
1%
1&
0'
b100 )
b10000000000111011111111111010101 .
#845100000000
0!
0"
1#
0%
0&
1'
#845150000000
1!
1"
0#
1%
1&
0'
b11 )
b10101101101101100111110011001010 .
#845200000000
0!
0"
1#
0%
0&
1'
#845250000000
1!
1"
0#
1%
1&
0'
b10 )
b01010110110110110011111001100101 .
#845300000000
0!
0"
1#
0%
0&
1'
#845350000000
1!
1"
0#
1%
1&
0'
b1 )
b11000110110101010001110000010010 .
#845400000000
0!
0"
1#
0%
0&
1'
#845450000000
1!
1"
0#
1%
1&
0'
b0 )
b01100011011010101000111000001001 .
#845500000000
0!
0"
1#
0%
0&
1'
#845550000000
1!
1"
0#
1%
1&
0'
b111 )
b1111 *
b11011100000011011100010000100100 .
#845600000000
0!
0"
1#
0%
0&
1'
#845650000000
1!
1"
0#
1%
1&
0'
b110 )
b01101110000001101110001000010010 .
#845700000000
0!
0"
1#
0%
0&
1'
#845750000000
1!
1"
0#
1%
1&
0'
b101 )
b00110111000000110111000100001001 .
#845800000000
0!
0"
1#
0%
0&
1'
#845850000000
1!
1"
0#
1%
1&
0'
b100 )
b11110110001110010011101110100100 .
#845900000000
0!
0"
1#
0%
0&
1'
#845950000000
1!
1"
0#
1%
1&
0'
b11 )
b01111011000111001001110111010010 .
#846000000000
0!
0"
1#
0%
0&
1'
#846050000000
1!
1"
0#
1%
1&
0'
b10 )
b00111101100011100100111011101001 .
#846100000000
0!
0"
1#
0%
0&
1'
#846150000000
1!
1"
0#
1%
1&
0'
b1 )
b11110011011111111010010001010100 .
#846200000000
0!
0"
1#
0%
0&
1'
#846250000000
1!
1"
0#
1%
1&
0'
b0 )
b01111001101111111101001000101010 .
#846300000000
0!
0"
1#
0%
0&
1'
#846350000000
1!
1"
0#
1%
1&
0'
b111 )
b10000 *
b00111100110111111110100100010101 .
#846400000000
0!
0"
1#
0%
0&
1'
#846450000000
1!
1"
0#
1%
1&
0'
b110 )
b11110011110101110111011110101010 .
#846500000000
0!
0"
1#
0%
0&
1'
#846550000000
1!
1"
0#
1%
1&
0'
b101 )
b01111001111010111011101111010101 .
#846600000000
0!
0"
1#
0%
0&
1'
#846650000000
1!
1"
0#
1%
1&
0'
b100 )
b11010001010011010101111011001010 .
#846700000000
0!
0"
1#
0%
0&
1'
#846750000000
1!
1"
0#
1%
1&
0'
b11 )
b01101000101001101010111101100101 .
#846800000000
0!
0"
1#
0%
0&
1'
#846850000000
1!
1"
0#
1%
1&
0'
b10 )
b11011001111010111101010010010010 .
#846900000000
0!
0"
1#
0%
0&
1'
#846950000000
1!
1"
0#
1%
1&
0'
b1 )
b01101100111101011110101001001001 .
#847000000000
0!
0"
1#
0%
0&
1'
#847050000000
1!
1"
0#
1%
1&
0'
b0 )
b11011011110000100111011000000100 .
#847100000000
0!
0"
1#
0%
0&
1'
#847150000000
1!
1"
0#
1%
1&
0'
b111 )
b10001 *
b01101101111000010011101100000010 .
#847200000000
0!
0"
1#
0%
0&
1'
#847250000000
1!
1"
0#
1%
1&
0'
b110 )
b00110110111100001001110110000001 .
#847300000000
0!
0"
1#
0%
0&
1'
#847350000000
1!
1"
0#
1%
1&
0'
b101 )
b11110110110000001100110111100000 .
#847400000000
0!
0"
1#
0%
0&
1'
#847450000000
1!
1"
0#
1%
1&
0'
b100 )
b01111011011000000110011011110000 .
#847500000000
0!
0"
1#
0%
0&
1'
#847550000000
1!
1"
0#
1%
1&
0'
b11 )
b00111101101100000011001101111000 .
#847600000000
0!
0"
1#
0%
0&
1'
#847650000000
1!
1"
0#
1%
1&
0'
b10 )
b00011110110110000001100110111100 .
#847700000000
0!
0"
1#
0%
0&
1'
#847750000000
1!
1"
0#
1%
1&
0'
b1 )
b00001111011011000000110011011110 .
#847800000000
0!
0"
1#
0%
0&
1'
#847850000000
1!
1"
0#
1%
1&
0'
b0 )
b00000111101101100000011001101111 .
#847900000000
0!
0"
1#
0%
0&
1'
#847950000000
1!
1"
0#
1%
1&
0'
b111 )
b10010 *
b11101110011000111000000000010111 .
#848000000000
0!
0"
1#
0%
0&
1'
#848050000000
1!
1"
0#
1%
1&
0'
b110 )
b10011010100010010100001100101011 .
#848100000000
0!
0"
1#
0%
0&
1'
#848150000000
1!
1"
0#
1%
1&
0'
b101 )
b10100000111111000010001010110101 .
#848200000000
0!
0"
1#
0%
0&
1'
#848250000000
1!
1"
0#
1%
1&
0'
b100 )
b10111101110001101001001001111010 .
#848300000000
0!
0"
1#
0%
0&
1'
#848350000000
1!
1"
0#
1%
1&
0'
b11 )
b01011110111000110100100100111101 .
#848400000000
0!
0"
1#
0%
0&
1'
#848450000000
1!
1"
0#
1%
1&
0'
b10 )
b11000010110010010010011110111110 .
#848500000000
0!
0"
1#
0%
0&
1'
#848550000000
1!
1"
0#
1%
1&
0'
b1 )
b01100001011001001001001111011111 .
#848600000000
0!
0"
1#
0%
0&
1'
#848650000000
1!
1"
0#
1%
1&
0'
b0 )
b11011101000010101100101011001111 .
#848700000000
0!
0"
1#
0%
0&
1'
#848750000000
1!
1"
0#
1%
1&
0'
b111 )
b10011 *
b10000011001111011110011001000111 .
#848800000000
0!
0"
1#
0%
0&
1'
#848850000000
1!
1"
0#
1%
1&
0'
b110 )
b10101100001001100111000000000011 .
#848900000000
0!
0"
1#
0%
0&
1'
#848950000000
1!
1"
0#
1%
1&
0'
b101 )
b10111011101010111011101100100001 .
#849000000000
0!
0"
1#
0%
0&
1'
#849050000000
1!
1"
0#
1%
1&
0'
b100 )
b10110000011011010101111010110000 .
#849100000000
0!
0"
1#
0%
0&
1'
#849150000000
1!
1"
0#
1%
1&
0'
b11 )
b01011000001101101010111101011000 .
#849200000000
0!
0"
1#
0%
0&
1'
#849250000000
1!
1"
0#
1%
1&
0'
b10 )
b00101100000110110101011110101100 .
#849300000000
0!
0"
1#
0%
0&
1'
#849350000000
1!
1"
0#
1%
1&
0'
b1 )
b00010110000011011010101111010110 .
#849400000000
0!
0"
1#
0%
0&
1'
#849450000000
1!
1"
0#
1%
1&
0'
b0 )
b00001011000001101101010111101011 .
#849500000000
0!
0"
1#
0%
0&
1'
#849550000000
1!
1"
0#
1%
1&
0'
b111 )
b10100 *
b11101000001110111110100111010101 .
#849600000000
0!
0"
1#
0%
0&
1'
#849650000000
1!
1"
0#
1%
1&
0'
b110 )
b10011001101001010111011111001010 .
#849700000000
0!
0"
1#
0%
0&
1'
#849750000000
1!
1"
0#
1%
1&
0'
b101 )
b01001100110100101011101111100101 .
#849800000000
0!
0"
1#
0%
0&
1'
#849850000000
1!
1"
0#
1%
1&
0'
b100 )
b11001011110100011101111011010010 .
#849900000000
0!
0"
1#
0%
0&
1'
#849950000000
1!
1"
0#
1%
1&
0'
b11 )
b01100101111010001110111101101001 .
#850000000000
0!
0"
1#
0%
0&
1'
#850050000000
1!
1"
0#
1%
1&
0'
b10 )
b11011111010011001111010010010100 .
#850100000000
0!
0"
1#
0%
0&
1'
#850150000000
1!
1"
0#
1%
1&
0'
b1 )
b01101111101001100111101001001010 .
#850200000000
0!
0"
1#
0%
0&
1'
#850250000000
1!
1"
0#
1%
1&
0'
b0 )
b00110111110100110011110100100101 .
#850300000000
0!
0"
1#
0%
0&
1'
#850350000000
1!
1"
0#
1%
1&
0'
b111 )
b10101 *
b11110110010100010001110110110010 .
#850400000000
0!
0"
1#
0%
0&
1'
#850450000000
1!
1"
0#
1%
1&
0'
b110 )
b01111011001010001000111011011001 .
#850500000000
0!
0"
1#
0%
0&
1'
#850550000000
1!
1"
0#
1%
1&
0'
b101 )
b11010000001011001100010001001100 .
#850600000000
0!
0"
1#
0%
0&
1'
#850650000000
1!
1"
0#
1%
1&
0'
b100 )
b01101000000101100110001000100110 .
#850700000000
0!
0"
1#
0%
0&
1'
#850750000000
1!
1"
0#
1%
1&
0'
b11 )
b00110100000010110011000100010011 .
#850800000000
0!
0"
1#
0%
0&
1'
#850850000000
1!
1"
0#
1%
1&
0'
b10 )
b11110111101111010001101110101001 .
#850900000000
0!
0"
1#
0%
0&
1'
#850950000000
1!
1"
0#
1%
1&
0'
b1 )
b10010110011001100000111011110100 .
#851000000000
0!
0"
1#
0%
0&
1'
#851050000000
1!
1"
0#
1%
1&
0'
b0 )
b01001011001100110000011101111010 .
#851100000000
0!
0"
1#
0%
0&
1'
#851150000000
1!
1"
0#
1%
1&
0'
b111 )
b10110 *
b00100101100110011000001110111101 .
#851200000000
0!
0"
1#
0%
0&
1'
#851250000000
1!
1"
0#
1%
1&
0'
b110 )
b11111111011101000100001011111110 .
#851300000000
0!
0"
1#
0%
0&
1'
#851350000000
1!
1"
0#
1%
1&
0'
b101 )
b01111111101110100010000101111111 .
#851400000000
0!
0"
1#
0%
0&
1'
#851450000000
1!
1"
0#
1%
1&
0'
b100 )
b11010010011001011001001110011111 .
#851500000000
0!
0"
1#
0%
0&
1'
#851550000000
1!
1"
0#
1%
1&
0'
b11 )
b10000100100010100100101011101111 .
#851600000000
0!
0"
1#
0%
0&
1'
#851650000000
1!
1"
0#
1%
1&
0'
b10 )
b10101111111111011010011001010111 .
#851700000000
0!
0"
1#
0%
0&
1'
#851750000000
1!
1"
0#
1%
1&
0'
b1 )
b10111010010001100101000000001011 .
#851800000000
0!
0"
1#
0%
0&
1'
#851850000000
1!
1"
0#
1%
1&
0'
b0 )
b10110000100110111010101100100101 .
#851900000000
0!
0"
1#
0%
0&
1'
#851950000000
1!
1"
0#
1%
1&
0'
b111 )
b10111 *
b10110101111101010101011010110010 .
#852000000000
0!
0"
1#
0%
0&
1'
#852050000000
1!
1"
0#
1%
1&
0'
b110 )
b01011010111110101010101101011001 .
#852100000000
0!
0"
1#
0%
0&
1'
#852150000000
1!
1"
0#
1%
1&
0'
b101 )
b11000000110001011101011010001100 .
#852200000000
0!
0"
1#
0%
0&
1'
#852250000000
1!
1"
0#
1%
1&
0'
b100 )
b01100000011000101110101101000110 .
#852300000000
0!
0"
1#
0%
0&
1'
#852350000000
1!
1"
0#
1%
1&
0'
b11 )
b00110000001100010111010110100011 .
#852400000000
0!
0"
1#
0%
0&
1'
#852450000000
1!
1"
0#
1%
1&
0'
b10 )
b11110101101000000011100111110001 .
#852500000000
0!
0"
1#
0%
0&
1'
#852550000000
1!
1"
0#
1%
1&
0'
b1 )
b10010111011010001001111111011000 .
#852600000000
0!
0"
1#
0%
0&
1'
#852650000000
1!
1"
0#
1%
1&
0'
b0 )
b01001011101101000100111111101100 .
#852700000000
0!
0"
1#
0%
0&
1'
#852750000000
1!
1"
0#
1%
1&
0'
b111 )
b11000 *
b00100101110110100010011111110110 .
#852800000000
0!
0"
1#
0%
0&
1'
#852850000000
1!
1"
0#
1%
1&
0'
b110 )
b00010010111011010001001111111011 .
#852900000000
0!
0"
1#
0%
0&
1'
#852950000000
1!
1"
0#
1%
1&
0'
b101 )
b11100100110011100000101011011101 .
#853000000000
0!
0"
1#
0%
0&
1'
#853050000000
1!
1"
0#
1%
1&
0'
b100 )
b10011111110111111000011001001110 .
#853100000000
0!
0"
1#
0%
0&
1'
#853150000000
1!
1"
0#
1%
1&
0'
b11 )
b01001111111011111100001100100111 .
#853200000000
0!
0"
1#
0%
0&
1'
#853250000000
1!
1"
0#
1%
1&
0'
b10 )
b11001010010011110110001010110011 .
#853300000000
0!
0"
1#
0%
0&
1'
#853350000000
1!
1"
0#
1%
1&
0'
b1 )
b10001000100111110011001001111001 .
#853400000000
0!
0"
1#
0%
0&
1'
#853450000000
1!
1"
0#
1%
1&
0'
b0 )
b10101001111101110001101000011100 .
#853500000000
0!
0"
1#
0%
0&
1'
#853550000000
1!
1"
0#
1%
1&
0'
b111 )
b11001 *
b01010100111110111000110100001110 .
#853600000000
0!
0"
1#
0%
0&
1'
#853650000000
1!
1"
0#
1%
1&
0'
b110 )
b00101010011111011100011010000111 .
#853700000000
0!
0"
1#
0%
0&
1'
#853750000000
1!
1"
0#
1%
1&
0'
b101 )
b11111000100001100110000001100011 .
#853800000000
0!
0"
1#
0%
0&
1'
#853850000000
1!
1"
0#
1%
1&
0'
b100 )
b10010001111110111011001100010001 .
#853900000000
0!
0"
1#
0%
0&
1'
#853950000000
1!
1"
0#
1%
1&
0'
b11 )
b10100101010001010101101010101000 .
#854000000000
0!
0"
1#
0%
0&
1'
#854050000000
1!
1"
0#
1%
1&
0'
b10 )
b01010010101000101010110101010100 .
#854100000000
0!
0"
1#
0%
0&
1'
#854150000000
1!
1"
0#
1%
1&
0'
b1 )
b00101001010100010101011010101010 .
#854200000000
0!
0"
1#
0%
0&
1'
#854250000000
1!
1"
0#
1%
1&
0'
b0 )
b00010100101010001010101101010101 .
#854300000000
0!
0"
1#
0%
0&
1'
#854350000000
1!
1"
0#
1%
1&
0'
b111 )
b11010 *
b11100111111011001101011010001010 .
#854400000000
0!
0"
1#
0%
0&
1'
#854450000000
1!
1"
0#
1%
1&
0'
b110 )
b01110011111101100110101101000101 .
#854500000000
0!
0"
1#
0%
0&
1'
#854550000000
1!
1"
0#
1%
1&
0'
b101 )
b11010100010000111011011010000010 .
#854600000000
0!
0"
1#
0%
0&
1'
#854650000000
1!
1"
0#
1%
1&
0'
b100 )
b01101010001000011101101101000001 .
#854700000000
0!
0"
1#
0%
0&
1'
#854750000000
1!
1"
0#
1%
1&
0'
b11 )
b11011000101010000110111010000000 .
#854800000000
0!
0"
1#
0%
0&
1'
#854850000000
1!
1"
0#
1%
1&
0'
b10 )
b01101100010101000011011101000000 .
#854900000000
0!
0"
1#
0%
0&
1'
#854950000000
1!
1"
0#
1%
1&
0'
b1 )
b00110110001010100001101110100000 .
#855000000000
0!
0"
1#
0%
0&
1'
#855050000000
1!
1"
0#
1%
1&
0'
b0 )
b00011011000101010000110111010000 .
#855100000000
0!
0"
1#
0%
0&
1'
#855150000000
1!
1"
0#
1%
1&
0'
b111 )
b11011 *
b00001101100010101000011011101000 .
#855200000000
0!
0"
1#
0%
0&
1'
#855250000000
1!
1"
0#
1%
1&
0'
b110 )
b00000110110001010100001101110100 .
#855300000000
0!
0"
1#
0%
0&
1'
#855350000000
1!
1"
0#
1%
1&
0'
b101 )
b00000011011000101010000110111010 .
#855400000000
0!
0"
1#
0%
0&
1'
#855450000000
1!
1"
0#
1%
1&
0'
b100 )
b00000001101100010101000011011101 .
#855500000000
0!
0"
1#
0%
0&
1'
#855550000000
1!
1"
0#
1%
1&
0'
b11 )
b11101101011000000010101101001110 .
#855600000000
0!
0"
1#
0%
0&
1'
#855650000000
1!
1"
0#
1%
1&
0'
b10 )
b01110110101100000001010110100111 .
#855700000000
0!
0"
1#
0%
0&
1'
#855750000000
1!
1"
0#
1%
1&
0'
b1 )
b11010110111000001000100111110011 .
#855800000000
0!
0"
1#
0%
0&
1'
#855850000000
1!
1"
0#
1%
1&
0'
b0 )
b10000110110010001100011111011001 .
#855900000000
0!
0"
1#
0%
0&
1'
#855950000000
1!
1"
0#
1%
1&
0'
b111 )
b11100 *
b10101110110111001110000011001100 .
#856000000000
0!
0"
1#
0%
0&
1'
#856050000000
1!
1"
0#
1%
1&
0'
b110 )
b01010111011011100111000001100110 .
#856100000000
0!
0"
1#
0%
0&
1'
#856150000000
1!
1"
0#
1%
1&
0'
b101 )
b00101011101101110011100000110011 .
#856200000000
0!
0"
1#
0%
0&
1'
#856250000000
1!
1"
0#
1%
1&
0'
b100 )
b11111000011000110001111100111001 .
#856300000000
0!
0"
1#
0%
0&
1'
#856350000000
1!
1"
0#
1%
1&
0'
b11 )
b10010001100010010000110010111100 .
#856400000000
0!
0"
1#
0%
0&
1'
#856450000000
1!
1"
0#
1%
1&
0'
b10 )
b01001000110001001000011001011110 .
#856500000000
0!
0"
1#
0%
0&
1'
#856550000000
1!
1"
0#
1%
1&
0'
b1 )
b00100100011000100100001100101111 .
#856600000000
0!
0"
1#
0%
0&
1'
#856650000000
1!
1"
0#
1%
1&
0'
b0 )
b11111111100010011010001010110111 .
#856700000000
0!
0"
1#
0%
0&
1'
#856750000000
1!
1"
0#
1%
1&
0'
b111 )
b11101 *
b10010010011111000101001001111011 .
#856800000000
0!
0"
1#
0%
0&
1'
#856850000000
1!
1"
0#
1%
1&
0'
b110 )
b10100100100001101010101000011101 .
#856900000000
0!
0"
1#
0%
0&
1'
#856950000000
1!
1"
0#
1%
1&
0'
b101 )
b10111111111110111101011000101110 .
#857000000000
0!
0"
1#
0%
0&
1'
#857050000000
1!
1"
0#
1%
1&
0'
b100 )
b01011111111111011110101100010111 .
#857100000000
0!
0"
1#
0%
0&
1'
#857150000000
1!
1"
0#
1%
1&
0'
b11 )
b11000010010001100111011010101011 .
#857200000000
0!
0"
1#
0%
0&
1'
#857250000000
1!
1"
0#
1%
1&
0'
b10 )
b10001100100110111011100001110101 .
#857300000000
0!
0"
1#
0%
0&
1'
#857350000000
1!
1"
0#
1%
1&
0'
b1 )
b10101011111101010101111100011010 .
#857400000000
0!
0"
1#
0%
0&
1'
#857450000000
1!
1"
0#
1%
1&
0'
b0 )
b01010101111110101010111110001101 .
#857500000000
0!
0"
1#
0%
0&
1'
#857550000000
1!
1"
0#
1%
1&
0'
b111 )
b11110 *
b11000111010001011101010011100110 .
#857600000000
0!
0"
1#
0%
0&
1'
#857650000000
1!
1"
0#
1%
1&
0'
b110 )
b01100011101000101110101001110011 .
#857700000000
0!
0"
1#
0%
0&
1'
#857750000000
1!
1"
0#
1%
1&
0'
b101 )
b11011100011010011111011000011001 .
#857800000000
0!
0"
1#
0%
0&
1'
#857850000000
1!
1"
0#
1%
1&
0'
b100 )
b10000011100011000111100000101100 .
#857900000000
0!
0"
1#
0%
0&
1'
#857950000000
1!
1"
0#
1%
1&
0'
b11 )
b01000001110001100011110000010110 .
#858000000000
0!
0"
1#
0%
0&
1'
#858050000000
1!
1"
0#
1%
1&
0'
b10 )
b00100000111000110001111000001011 .
#858100000000
0!
0"
1#
0%
0&
1'
#858150000000
1!
1"
0#
1%
1&
0'
b1 )
b11111101110010010000110000100101 .
#858200000000
0!
0"
1#
0%
0&
1'
#858250000000
1!
1"
0#
1%
1&
0'
b0 )
b10010011010111000000010100110010 .
#858300000000
0!
0"
1#
0%
0&
1'
#858350000000
1!
1"
0#
1%
1&
0'
b111 )
b11111 *
b01001001101011100000001010011001 .
#858400000000
0!
0"
1#
0%
0&
1'
#858450000000
1!
1"
0#
1%
1&
0'
b110 )
b11001001011011111000001001101100 .
#858500000000
0!
0"
1#
0%
0&
1'
#858550000000
1!
1"
0#
1%
1&
0'
b101 )
b01100100101101111100000100110110 .
#858600000000
0!
0"
1#
0%
0&
1'
#858650000000
1!
1"
0#
1%
1&
0'
b100 )
b00110010010110111110000010011011 .
#858700000000
0!
0"
1#
0%
0&
1'
#858750000000
1!
1"
0#
1%
1&
0'
b11 )
b11110100100101010111001101101101 .
#858800000000
0!
0"
1#
0%
0&
1'
#858850000000
1!
1"
0#
1%
1&
0'
b10 )
b10010111111100100011101010010110 .
#858900000000
0!
0"
1#
0%
0&
1'
#858950000000
1!
1"
0#
1%
1&
0'
b1 )
b01001011111110010001110101001011 .
#859000000000
0!
0"
1#
0%
0&
1'
#859050000000
1!
1"
0#
1%
1&
0'
b0 )
b11001000010001000000110110000101 .
#859100000000
0!
0"
1#
0%
0&
1'
#859150000000
1!
1"
0#
1%
1&
0'
b111 )
b100000 *
b10001001100110101000010111100010 .
#859200000000
0!
0"
1#
0%
0&
1'
#859250000000
1!
1"
0#
1%
1&
0'
b110 )
b01000100110011010100001011110001 .
#859300000000
0!
0"
1#
0%
0&
1'
#859350000000
1!
1"
0#
1%
1&
0'
b101 )
b11001111110111100010001001011000 .
#859400000000
0!
0"
1#
0%
0&
1'
#859450000000
1!
1"
0#
1%
1&
0'
b100 )
b01100111111011110001000100101100 .
#859500000000
0!
0"
1#
0%
0&
1'
#859550000000
1!
1"
0#
1%
1&
0'
b11 )
b00110011111101111000100010010110 .
#859600000000
0!
0"
1#
0%
0&
1'
#859650000000
1!
1"
0#
1%
1&
0'
b10 )
b00011001111110111100010001001011 .
#859700000000
0!
0"
1#
0%
0&
1'
#859750000000
1!
1"
0#
1%
1&
0'
b1 )
b11100001010001010110000100000101 .
#859800000000
0!
0"
1#
0%
0&
1'
#859850000000
1!
1"
0#
1%
1&
0'
b0 )
b10011101000110100011001110100010 .
#859900000000
0!
0"
1#
0%
0&
1'
#859950000000
1!
1"
0#
1%
1&
0'
b111 )
b100001 *
b01001110100011010001100111010001 .
#860000000000
0!
0"
1#
0%
0&
1'
#860050000000
1!
1"
0#
1%
1&
0'
b110 )
b11001010111111100000111111001000 .
#860100000000
0!
0"
1#
0%
0&
1'
#860150000000
1!
1"
0#
1%
1&
0'
b101 )
b01100101011111110000011111100100 .
#860200000000
0!
0"
1#
0%
0&
1'
#860250000000
1!
1"
0#
1%
1&
0'
b100 )
b00110010101111111000001111110010 .
#860300000000
0!
0"
1#
0%
0&
1'
#860350000000
1!
1"
0#
1%
1&
0'
b11 )
b00011001010111111100000111111001 .
#860400000000
0!
0"
1#
0%
0&
1'
#860450000000
1!
1"
0#
1%
1&
0'
b10 )
b11100001000101110110001111011100 .
#860500000000
0!
0"
1#
0%
0&
1'
#860550000000
1!
1"
0#
1%
1&
0'
b1 )
b01110000100010111011000111101110 .
#860600000000
0!
0"
1#
0%
0&
1'
#860650000000
1!
1"
0#
1%
1&
0'
b0 )
b00111000010001011101100011110111 .
#860700000000
0!
0"
1#
0%
0&
1'
#860750000000
1!
1"
0#
1%
1&
0'
b111 )
b100010 *
b11110001100110100110111101011011 .
#860800000000
0!
0"
1#
0%
0&
1'
#860850000000
1!
1"
0#
1%
1&
0'
b110 )
b10010101011101011011010010001101 .
#860900000000
0!
0"
1#
0%
0&
1'
#860950000000
1!
1"
0#
1%
1&
0'
b101 )
b10100111000000100101100101100110 .
#861000000000
0!
0"
1#
0%
0&
1'
#861050000000
1!
1"
0#
1%
1&
0'
b100 )
b01010011100000010010110010110011 .
#861100000000
0!
0"
1#
0%
0&
1'
#861150000000
1!
1"
0#
1%
1&
0'
b11 )
b11000100011110000001010101111001 .
#861200000000
0!
0"
1#
0%
0&
1'
#861250000000
1!
1"
0#
1%
1&
0'
b10 )
b10001111100001001000100110011100 .
#861300000000
0!
0"
1#
0%
0&
1'
#861350000000
1!
1"
0#
1%
1&
0'
b1 )
b01000111110000100100010011001110 .
#861400000000
0!
0"
1#
0%
0&
1'
#861450000000
1!
1"
0#
1%
1&
0'
b0 )
b00100011111000010010001001100111 .
#861500000000
0!
0"
1#
0%
0&
1'
#861550000000
1!
1"
0#
1%
1&
0'
b111 )
b100011 *
b11111100010010000001001000010011 .
#861600000000
0!
0"
1#
0%
0&
1'
#861650000000
1!
1"
0#
1%
1&
0'
b110 )
b10010011100111001000101000101001 .
#861700000000
0!
0"
1#
0%
0&
1'
#861750000000
1!
1"
0#
1%
1&
0'
b101 )
b10100100011101101100011000110100 .
#861800000000
0!
0"
1#
0%
0&
1'
#861850000000
1!
1"
0#
1%
1&
0'
b100 )
b01010010001110110110001100011010 .
#861900000000
0!
0"
1#
0%
0&
1'
#861950000000
1!
1"
0#
1%
1&
0'
b11 )
b00101001000111011011000110001101 .
#862000000000
0!
0"
1#
0%
0&
1'
#862050000000
1!
1"
0#
1%
1&
0'
b10 )
b11111001001101100101101111100110 .
#862100000000
0!
0"
1#
0%
0&
1'
#862150000000
1!
1"
0#
1%
1&
0'
b1 )
b01111100100110110010110111110011 .
#862200000000
0!
0"
1#
0%
0&
1'
#862250000000
1!
1"
0#
1%
1&
0'
b0 )
b11010011111101010001010111011001 .
#862300000000
0!
0"
1#
0%
0&
1'
#862350000000
1!
1"
0#
1%
1&
0'
b111 )
b100100 *
b10000100010000100000100111001100 .
#862400000000
0!
0"
1#
0%
0&
1'
#862450000000
1!
1"
0#
1%
1&
0'
b110 )
b01000010001000010000010011100110 .
#862500000000
0!
0"
1#
0%
0&
1'
#862550000000
1!
1"
0#
1%
1&
0'
b101 )
b00100001000100001000001001110011 .
#862600000000
0!
0"
1#
0%
0&
1'
#862650000000
1!
1"
0#
1%
1&
0'
b100 )
b11111101001100001100001000011001 .
#862700000000
0!
0"
1#
0%
0&
1'
#862750000000
1!
1"
0#
1%
1&
0'
b11 )
b10010011001000001110001000101100 .
#862800000000
0!
0"
1#
0%
0&
1'
#862850000000
1!
1"
0#
1%
1&
0'
b10 )
b01001001100100000111000100010110 .
#862900000000
0!
0"
1#
0%
0&
1'
#862950000000
1!
1"
0#
1%
1&
0'
b1 )
b00100100110010000011100010001011 .
#863000000000
0!
0"
1#
0%
0&
1'
#863050000000
1!
1"
0#
1%
1&
0'
b0 )
b11111111110111001001111101100101 .
#863100000000
0!
0"
1#
0%
0&
1'
#863150000000
1!
1"
0#
1%
1&
0'
b111 )
b100101 *
b10010010010101101100110010010010 .
#863200000000
0!
0"
1#
0%
0&
1'
#863250000000
1!
1"
0#
1%
1&
0'
b110 )
b01001001001010110110011001001001 .
#863300000000
0!
0"
1#
0%
0&
1'
#863350000000
1!
1"
0#
1%
1&
0'
b101 )
b11001001001011010011000000000100 .
#863400000000
0!
0"
1#
0%
0&
1'
#863450000000
1!
1"
0#
1%
1&
0'
b100 )
b01100100100101101001100000000010 .
#863500000000
0!
0"
1#
0%
0&
1'
#863550000000
1!
1"
0#
1%
1&
0'
b11 )
b00110010010010110100110000000001 .
#863600000000
0!
0"
1#
0%
0&
1'
#863650000000
1!
1"
0#
1%
1&
0'
b10 )
b11110100100111010010010100100000 .
#863700000000
0!
0"
1#
0%
0&
1'
#863750000000
1!
1"
0#
1%
1&
0'
b1 )
b01111010010011101001001010010000 .
#863800000000
0!
0"
1#
0%
0&
1'
#863850000000
1!
1"
0#
1%
1&
0'
b0 )
b00111101001001110100100101001000 .
#863900000000
0!
0"
1#
0%
0&
1'
#863950000000
1!
1"
0#
1%
1&
0'
b111 )
b100110 *
b00011110100100111010010010100100 .
#864000000000
0!
0"
1#
0%
0&
1'
#864050000000
1!
1"
0#
1%
1&
0'
b110 )
b00001111010010011101001001010010 .
#864100000000
0!
0"
1#
0%
0&
1'
#864150000000
1!
1"
0#
1%
1&
0'
b101 )
b00000111101001001110100100101001 .
#864200000000
0!
0"
1#
0%
0&
1'
#864250000000
1!
1"
0#
1%
1&
0'
b100 )
b11101110011010101111011110110100 .
#864300000000
0!
0"
1#
0%
0&
1'
#864350000000
1!
1"
0#
1%
1&
0'
b11 )
b01110111001101010111101111011010 .
#864400000000
0!
0"
1#
0%
0&
1'
#864450000000
1!
1"
0#
1%
1&
0'
b10 )
b00111011100110101011110111101101 .
#864500000000
0!
0"
1#
0%
0&
1'
#864550000000
1!
1"
0#
1%
1&
0'
b1 )
b11110000011101011101110111010110 .
#864600000000
0!
0"
1#
0%
0&
1'
#864650000000
1!
1"
0#
1%
1&
0'
b0 )
b01111000001110101110111011101011 .
#864700000000
0!
0"
1#
0%
0&
1'
#864750000000
1!
1"
0#
1%
1&
0'
b111 )
b100111 *
b11010001101001011111010001010101 .
#864800000000
0!
0"
1#
0%
0&
1'
#864850000000
1!
1"
0#
1%
1&
0'
b110 )
b10000101011010100111100100001010 .
#864900000000
0!
0"
1#
0%
0&
1'
#864950000000
1!
1"
0#
1%
1&
0'
b101 )
b01000010101101010011110010000101 .
#865000000000
0!
0"
1#
0%
0&
1'
#865050000000
1!
1"
0#
1%
1&
0'
b100 )
b11001100111000100001110101100010 .
#865100000000
0!
0"
1#
0%
0&
1'
#865150000000
1!
1"
0#
1%
1&
0'
b11 )
b01100110011100010000111010110001 .
#865200000000
0!
0"
1#
0%
0&
1'
#865250000000
1!
1"
0#
1%
1&
0'
b10 )
b11011110100000000000010001111000 .
#865300000000
0!
0"
1#
0%
0&
1'
#865350000000
1!
1"
0#
1%
1&
0'
b1 )
b01101111010000000000001000111100 .
#865400000000
0!
0"
1#
0%
0&
1'
#865450000000
1!
1"
0#
1%
1&
0'
b0 )
b00110111101000000000000100011110 .
#865500000000
0!
0"
1#
0%
0&
1'
#865550000000
1!
1"
0#
1%
1&
0'
b111 )
b101000 *
b00011011110100000000000010001111 .
#865600000000
0!
0"
1#
0%
0&
1'
#865650000000
1!
1"
0#
1%
1&
0'
b110 )
b11100000010100001000001101100111 .
#865700000000
0!
0"
1#
0%
0&
1'
#865750000000
1!
1"
0#
1%
1&
0'
b101 )
b10011101100100001100001010010011 .
#865800000000
0!
0"
1#
0%
0&
1'
#865850000000
1!
1"
0#
1%
1&
0'
b100 )
b10100011011100001110001001101001 .
#865900000000
0!
0"
1#
0%
0&
1'
#865950000000
1!
1"
0#
1%
1&
0'
b11 )
b10111100000000001111001000010100 .
#866000000000
0!
0"
1#
0%
0&
1'
#866050000000
1!
1"
0#
1%
1&
0'
b10 )
b01011110000000000111100100001010 .
#866100000000
0!
0"
1#
0%
0&
1'
#866150000000
1!
1"
0#
1%
1&
0'
b1 )
b00101111000000000011110010000101 .
#866200000000
0!
0"
1#
0%
0&
1'
#866250000000
1!
1"
0#
1%
1&
0'
b0 )
b11111010001110001001110101100010 .
#866300000000
0!
0"
1#
0%
0&
1'
#866350000000
1!
1"
0#
1%
1&
0'
b111 )
b101001 *
b01111101000111000100111010110001 .
#866400000000
0!
0"
1#
0%
0&
1'
#866450000000
1!
1"
0#
1%
1&
0'
b110 )
b11010011001101101010010001111000 .
#866500000000
0!
0"
1#
0%
0&
1'
#866550000000
1!
1"
0#
1%
1&
0'
b101 )
b01101001100110110101001000111100 .
#866600000000
0!
0"
1#
0%
0&
1'
#866650000000
1!
1"
0#
1%
1&
0'
b100 )
b00110100110011011010100100011110 .
#866700000000
0!
0"
1#
0%
0&
1'
#866750000000
1!
1"
0#
1%
1&
0'
b11 )
b00011010011001101101010010001111 .
#866800000000
0!
0"
1#
0%
0&
1'
#866850000000
1!
1"
0#
1%
1&
0'
b10 )
b11100000100010111110100101100111 .
#866900000000
0!
0"
1#
0%
0&
1'
#866950000000
1!
1"
0#
1%
1&
0'
b1 )
b10011101111111010111011110010011 .
#867000000000
0!
0"
1#
0%
0&
1'
#867050000000
1!
1"
0#
1%
1&
0'
b0 )
b10100011010001100011100011101001 .
#867100000000
0!
0"
1#
0%
0&
1'
#867150000000
1!
1"
0#
1%
1&
0'
b111 )
b101010 *
b10111100000110111001111101010100 .
#867200000000
0!
0"
1#
0%
0&
1'
#867250000000
1!
1"
0#
1%
1&
0'
b110 )
b01011110000011011100111110101010 .
#867300000000
0!
0"
1#
0%
0&
1'
#867350000000
1!
1"
0#
1%
1&
0'
b101 )
b00101111000001101110011111010101 .
#867400000000
0!
0"
1#
0%
0&
1'
#867450000000
1!
1"
0#
1%
1&
0'
b100 )
b11111010001110111111000011001010 .
#867500000000
0!
0"
1#
0%
0&
1'
#867550000000
1!
1"
0#
1%
1&
0'
b11 )
b01111101000111011111100001100101 .
#867600000000
0!
0"
1#
0%
0&
1'
#867650000000
1!
1"
0#
1%
1&
0'
b10 )
b11010011001101100111111100010010 .
#867700000000
0!
0"
1#
0%
0&
1'
#867750000000
1!
1"
0#
1%
1&
0'
b1 )
b01101001100110110011111110001001 .
#867800000000
0!
0"
1#
0%
0&
1'
#867850000000
1!
1"
0#
1%
1&
0'
b0 )
b11011001011101010001110011100100 .
#867900000000
0!
0"
1#
0%
0&
1'
#867950000000
1!
1"
0#
1%
1&
0'
b111 )
b101011 *
b01101100101110101000111001110010 .
#868000000000
0!
0"
1#
0%
0&
1'
#868050000000
1!
1"
0#
1%
1&
0'
b110 )
b00110110010111010100011100111001 .
#868100000000
0!
0"
1#
0%
0&
1'
#868150000000
1!
1"
0#
1%
1&
0'
b101 )
b11110110100101100010000010111100 .
#868200000000
0!
0"
1#
0%
0&
1'
#868250000000
1!
1"
0#
1%
1&
0'
b100 )
b01111011010010110001000001011110 .
#868300000000
0!
0"
1#
0%
0&
1'
#868350000000
1!
1"
0#
1%
1&
0'
b11 )
b00111101101001011000100000101111 .
#868400000000
0!
0"
1#
0%
0&
1'
#868450000000
1!
1"
0#
1%
1&
0'
b10 )
b11110011011010100100011100110111 .
#868500000000
0!
0"
1#
0%
0&
1'
#868550000000
1!
1"
0#
1%
1&
0'
b1 )
b10010100000011011010000010111011 .
#868600000000
0!
0"
1#
0%
0&
1'
#868650000000
1!
1"
0#
1%
1&
0'
b0 )
b10100111101111100101001101111101 .
#868700000000
0!
0"
1#
0%
0&
1'
#868750000000
1!
1"
0#
1%
1&
0'
b111 )
b101100 *
b10111110011001111010101010011110 .
#868800000000
0!
0"
1#
0%
0&
1'
#868850000000
1!
1"
0#
1%
1&
0'
b110 )
b01011111001100111101010101001111 .
#868900000000
0!
0"
1#
0%
0&
1'
#868950000000
1!
1"
0#
1%
1&
0'
b101 )
b11000010001000010110100110000111 .
#869000000000
0!
0"
1#
0%
0&
1'
#869050000000
1!
1"
0#
1%
1&
0'
b100 )
b10001100101010000011011111100011 .
#869100000000
0!
0"
1#
0%
0&
1'
#869150000000
1!
1"
0#
1%
1&
0'
b11 )
b10101011111011001001100011010001 .
#869200000000
0!
0"
1#
0%
0&
1'
#869250000000
1!
1"
0#
1%
1&
0'
b10 )
b10111000010011101100111101001000 .
#869300000000
0!
0"
1#
0%
0&
1'
#869350000000
1!
1"
0#
1%
1&
0'
b1 )
b01011100001001110110011110100100 .
#869400000000
0!
0"
1#
0%
0&
1'
#869450000000
1!
1"
0#
1%
1&
0'
b0 )
b00101110000100111011001111010010 .
#869500000000
0!
0"
1#
0%
0&
1'
#869550000000
1!
1"
0#
1%
1&
0'
b111 )
b101101 *
b00010111000010011101100111101001 .
#869600000000
0!
0"
1#
0%
0&
1'
#869650000000
1!
1"
0#
1%
1&
0'
b110 )
b11100110001111000110111111010100 .
#869700000000
0!
0"
1#
0%
0&
1'
#869750000000
1!
1"
0#
1%
1&
0'
b101 )
b01110011000111100011011111101010 .
#869800000000
0!
0"
1#
0%
0&
1'
#869850000000
1!
1"
0#
1%
1&
0'
b100 )
b00111001100011110001101111110101 .
#869900000000
0!
0"
1#
0%
0&
1'
#869950000000
1!
1"
0#
1%
1&
0'
b11 )
b11110001011111110000111011011010 .
#870000000000
0!
0"
1#
0%
0&
1'
#870050000000
1!
1"
0#
1%
1&
0'
b10 )
b01111000101111111000011101101101 .
#870100000000
0!
0"
1#
0%
0&
1'
#870150000000
1!
1"
0#
1%
1&
0'
b1 )
b11010001111001110100000010010110 .
#870200000000
0!
0"
1#
0%
0&
1'
#870250000000
1!
1"
0#
1%
1&
0'
b0 )
b01101000111100111010000001001011 .
#870300000000
0!
0"
1#
0%
0&
1'
#870350000000
1!
1"
0#
1%
1&
0'
b111 )
b0 *
b11011001110000010101001100000101 .
#870400000000
0!
0"
1#
0%
0&
1'
#870450000000
1!
1"
0#
1%
1&
0'
b1 ,
#870500000000
0!
0"
1#
0%
0&
1'
#870550000000
1!
1"
0#
1%
1&
0'
b10 ,
1-
#870600000000
0!
0"
0%
0&
#870650000000
1!
1"
1#
1%
1&
1'
b11 ,
0-
#870700000000
0!
0"
0%
0&
#870750000000
1!
1"
0#
1%
1&
0'
b100 ,
1-
#870800000000
0!
0"
0%
0&
#870850000000
1!
1"
1#
1%
1&
1'
b101 ,
#870900000000
0!
0"
0#
0%
0&
0'
#870950000000
1!
1"
1#
1%
1&
1'
b110 ,
#871000000000
0!
0"
0#
0%
0&
0'
#871050000000
1!
1"
1#
1%
1&
1'
b111 ,
#871100000000
0!
0"
0#
0%
0&
0'
#871150000000
1!
1"
1#
1%
1&
1'
b1000 ,
#871200000000
0!
0"
0#
0%
0&
0'
#871250000000
1!
1"
1#
1%
1&
1'
b1001 ,
0-
#871300000000
0!
0"
0%
0&
#871350000000
1!
1"
0#
1%
1&
0'
b1010 ,
#871400000000
0!
0"
1#
0%
0&
1'
#871450000000
1!
1"
0#
1%
1&
0'
b1011 ,
1-
#871500000000
0!
0"
0%
0&
#871550000000
1!
1"
1#
1%
1&
1'
b1100 ,
#871600000000
0!
0"
0#
0%
0&
0'
#871650000000
1!
1"
1#
1%
1&
1'
b1101 ,
0-
#871700000000
0!
0"
0%
0&
#871750000000
1!
1"
0#
1%
1&
0'
b1110 ,
1-
#871800000000
0!
0"
0%
0&
#871850000000
1!
1"
1#
1%
1&
1'
b1111 ,
0-
#871900000000
0!
0"
0%
0&
#871950000000
1!
1"
0#
1%
1&
0'
b10000 ,
1-
#872000000000
0!
0"
0%
0&
#872050000000
1!
1"
1#
1%
1&
1'
b10001 ,
0-
#872100000000
0!
0"
0%
0&
#872150000000
1!
1"
0#
1%
1&
0'
b10010 ,
1-
#872200000000
0!
0"
0%
0&
#872250000000
1!
1"
1#
1%
1&
1'
b10011 ,
#872300000000
0!
0"
0#
0%
0&
0'
#872350000000
1!
1"
1#
1%
1&
1'
b10100 ,
#872400000000
0!
0"
0#
0%
0&
0'
#872450000000
1!
1"
1#
1%
1&
1'
b10101 ,
#872500000000
0!
0"
0#
0%
0&
0'
#872550000000
1!
1"
1#
1%
1&
1'
b10110 ,
#872600000000
0!
0"
0#
0%
0&
0'
#872650000000
1!
1"
1#
1%
1&
1'
b10111 ,
0-
#872700000000
0!
0"
0%
0&
#872750000000
1!
1"
0#
1%
1&
0'
b11000 ,
#872800000000
0!
0"
1#
0%
0&
1'
#872850000000
1!
1"
0#
1%
1&
0'
b11001 ,
#872900000000
0!
0"
1#
0%
0&
1'
#872950000000
1!
1"
0#
1%
1&
0'
b11010 ,
1-
#873000000000
0!
0"
0%
0&
#873050000000
1!
1"
1#
1%
1&
1'
b11011 ,
#873100000000
0!
0"
0#
0%
0&
0'
#873150000000
1!
1"
1#
1%
1&
1'
b11100 ,
0-
#873200000000
0!
0"
0%
0&
#873250000000
1!
1"
0#
1%
1&
0'
b11101 ,
#873300000000
0!
0"
1#
0%
0&
1'
#873350000000
1!
1"
0#
1%
1&
0'
b11110 ,
1-
#873400000000
0!
0"
0%
0&
#873450000000
1!
1"
1#
1%
1&
1'
b11111 ,
0-
#873500000000
0!
0"
0%
0&
#873550000000
1!
1"
0#
0$
1%
1&
0'
0(
b0 ,
#873600000000
0!
0"
0%
0&
#873650000000
1!
1"
1%
1&
b1 +
#873700000000
0!
0"
0%
0&
#873750000000
1!
1"
1%
1&
b10 +
#873800000000
0!
0"
0%
0&
#873850000000
1!
1"
1%
1&
b11 +
#873900000000
0!
0"
0%
0&
#873950000000
1!
1"
1%
1&
b100 +
#874000000000
0!
0"
0%
0&
#874050000000
1!
1"
1%
1&
b101 +
#874100000000
0!
0"
0%
0&
#874150000000
1!
1"
1%
1&
b110 +
#874200000000
0!
0"
0%
0&
#874250000000
1!
1"
1%
1&
b111 +
#874300000000
0!
0"
0%
0&
#874350000000
1!
1"
1%
1&
b1000 +
#874400000000
0!
0"
0%
0&
#874450000000
1!
1"
1%
1&
b1001 +
#874500000000
0!
0"
0%
0&
#874550000000
1!
1"
1%
1&
b1010 +
#874600000000
0!
0"
0%
0&
#874650000000
1!
1"
1%
1&
b1011 +
#874700000000
0!
0"
0%
0&
#874750000000
1!
1"
1%
1&
b1100 +
#874800000000
0!
0"
0%
0&
#874850000000
1!
1"
1%
1&
b1101 +
#874900000000
0!
0"
0%
0&
#874950000000
1!
1"
1%
1&
b1110 +
#875000000000
0!
0"
0%
0&
#875050000000
1!
1"
1%
1&
b1111 +
#875100000000
0!
0"
0%
0&
#875150000000
1!
1"
1%
1&
b10000 +
#875200000000
0!
0"
0%
0&
#875250000000
1!
1"
1%
1&
b10001 +
#875300000000
0!
0"
0%
0&
#875350000000
1!
1"
1%
1&
b10010 +
#875400000000
0!
0"
0%
0&
#875450000000
1!
1"
1%
1&
b10011 +
#875500000000
0!
0"
0%
0&
#875550000000
1!
1"
1%
1&
b10100 +
#875600000000
0!
0"
0%
0&
#875650000000
1!
1"
1%
1&
b10101 +
#875700000000
0!
0"
0%
0&
#875750000000
1!
1"
1%
1&
b10110 +
#875800000000
0!
0"
0%
0&
#875850000000
1!
1"
1%
1&
b10111 +
#875900000000
0!
0"
0%
0&
#875950000000
1!
1"
1%
1&
b11000 +
#876000000000
0!
0"
0%
0&
#876050000000
1!
1"
1%
1&
b11001 +
#876100000000
0!
0"
0%
0&
#876150000000
1!
1"
1%
1&
b11010 +
#876200000000
0!
0"
0%
0&
#876250000000
1!
1"
1%
1&
b11011 +
#876300000000
0!
0"
0%
0&
#876350000000
1!
1"
1%
1&
b11100 +
#876400000000
0!
0"
0%
0&
#876450000000
1!
1"
1%
1&
b11101 +
#876500000000
0!
0"
0%
0&
#876550000000
1!
1"
1%
1&
b11110 +
#876600000000
0!
0"
0%
0&
#876650000000
1!
1"
1%
1&
b11111 +
#876700000000
0!
0"
0%
0&
#876750000000
1!
1"
1%
1&
b100000 +
#876800000000
0!
0"
0%
0&
#876850000000
1!
1"
1%
1&
b100001 +
#876900000000
0!
0"
0%
0&
#876950000000
1!
1"
1%
1&
b100010 +
#877000000000
0!
0"
0%
0&
#877050000000
1!
1"
1%
1&
b100011 +
#877100000000
0!
0"
0%
0&
#877150000000
1!
1"
1%
1&
b100100 +
#877200000000
0!
0"
0%
0&
#877250000000
1!
1"
1%
1&
b100101 +
#877300000000
0!
0"
0%
0&
#877350000000
1!
1"
1%
1&
b100110 +
#877400000000
0!
0"
0%
0&
#877450000000
1!
1"
1%
1&
b100111 +
#877500000000
0!
0"
0%
0&
#877550000000
1!
1"
1%
1&
b101000 +
#877600000000
0!
0"
0%
0&
#877650000000
1!
1"
1%
1&
b101001 +
#877700000000
0!
0"
0%
0&
#877750000000
1!
1"
1%
1&
b101010 +
#877800000000
0!
0"
0%
0&
#877850000000
1!
1"
1%
1&
b101011 +
#877900000000
0!
0"
0%
0&
#877950000000
1!
1"
1%
1&
b101100 +
#878000000000
0!
0"
0%
0&
#878050000000
1!
1"
1%
1&
b101101 +
#878100000000
0!
0"
0%
0&
#878150000000
1!
1"
1%
1&
b101110 +
#878200000000
0!
0"
0%
0&
#878250000000
1!
1"
1%
1&
b101111 +
#878300000000
0!
0"
0%
0&
#878350000000
1!
1"
1%
1&
b110000 +
#878400000000
0!
0"
0%
0&
#878450000000
1!
1"
1%
1&
b110001 +
#878500000000
0!
0"
0%
0&
#878550000000
1!
1"
1%
1&
b110010 +
#878600000000
0!
0"
0%
0&
#878650000000
1!
1"
1%
1&
b110011 +
#878700000000
0!
0"
0%
0&
#878750000000
1!
1"
1%
1&
b110100 +
#878800000000
0!
0"
0%
0&
#878850000000
1!
1"
1%
1&
b110101 +
#878900000000
0!
0"
0%
0&
#878950000000
1!
1"
1%
1&
b110110 +
#879000000000
0!
0"
0%
0&
#879050000000
1!
1"
1%
1&
b110111 +
#879100000000
0!
0"
0%
0&
#879150000000
1!
1"
1%
1&
b111000 +
#879200000000
0!
0"
0%
0&
#879250000000
1!
1"
1%
1&
b111001 +
#879300000000
0!
0"
0%
0&
#879350000000
1!
1"
1%
1&
b111010 +
#879400000000
0!
0"
0%
0&
#879450000000
1!
1"
1%
1&
b111011 +
#879500000000
0!
0"
0%
0&
#879550000000
1!
1"
1%
1&
b111100 +
#879600000000
0!
0"
0%
0&
#879650000000
1!
1"
1%
1&
b111101 +
#879700000000
0!
0"
0%
0&
#879750000000
1!
1"
1%
1&
b111110 +
#879800000000
0!
0"
0%
0&
#879850000000
1!
1"
1%
1&
b111111 +
#879900000000
0!
0"
0%
0&
#879950000000
1!
1"
1%
1&
b1000000 +
#880000000000
0!
0"
0%
0&
#880050000000
1!
1"
1%
1&
b1000001 +
#880100000000
0!
0"
0%
0&
#880150000000
1!
1"
1%
1&
b1000010 +
#880200000000
0!
0"
0%
0&
#880250000000
1!
1"
1%
1&
b1000011 +
#880300000000
0!
0"
0%
0&
#880350000000
1!
1"
1%
1&
b1000100 +
#880400000000
0!
0"
0%
0&
#880450000000
1!
1"
1%
1&
b1000101 +
#880500000000
0!
0"
0%
0&
#880550000000
1!
1"
1%
1&
b1000110 +
#880600000000
0!
0"
0%
0&
#880650000000
1!
1"
1%
1&
b1000111 +
#880700000000
0!
0"
0%
0&
#880750000000
1!
1"
1%
1&
b1001000 +
#880800000000
0!
0"
0%
0&
#880850000000
1!
1"
1%
1&
b1001001 +
#880900000000
0!
0"
0%
0&
#880950000000
1!
1"
1%
1&
b1001010 +
#881000000000
0!
0"
0%
0&
#881050000000
1!
1"
1%
1&
b1001011 +
#881100000000
0!
0"
0%
0&
#881150000000
1!
1"
1%
1&
b1001100 +
#881200000000
0!
0"
0%
0&
#881250000000
1!
1"
1%
1&
b1001101 +
#881300000000
0!
0"
0%
0&
#881350000000
1!
1"
1%
1&
b1001110 +
#881400000000
0!
0"
0%
0&
#881450000000
1!
1"
1%
1&
b1001111 +
#881500000000
0!
0"
0%
0&
#881550000000
1!
1"
1%
1&
b1010000 +
#881600000000
0!
0"
0%
0&
#881650000000
1!
1"
1%
1&
b1010001 +
#881700000000
0!
0"
0%
0&
#881750000000
1!
1"
1%
1&
b1010010 +
#881800000000
0!
0"
0%
0&
#881850000000
1!
1"
1%
1&
b1010011 +
#881900000000
0!
0"
0%
0&
#881950000000
1!
1"
1%
1&
b1010100 +
#882000000000
0!
0"
0%
0&
#882050000000
1!
1"
1%
1&
b1010101 +
#882100000000
0!
0"
0%
0&
#882150000000
1!
1"
1%
1&
b1010110 +
#882200000000
0!
0"
0%
0&
#882250000000
1!
1"
1%
1&
b1010111 +
#882300000000
0!
0"
0%
0&
#882350000000
1!
1"
1%
1&
b1011000 +
#882400000000
0!
0"
0%
0&
#882450000000
1!
1"
1%
1&
b1011001 +
#882500000000
0!
0"
0%
0&
#882550000000
1!
1"
1%
1&
b1011010 +
#882600000000
0!
0"
0%
0&
#882650000000
1!
1"
1%
1&
b1011011 +
#882700000000
0!
0"
0%
0&
#882750000000
1!
1"
1%
1&
b1011100 +
#882800000000
0!
0"
0%
0&
#882850000000
1!
1"
1%
1&
b1011101 +
#882900000000
0!
0"
0%
0&
#882950000000
1!
1"
1%
1&
b1011110 +
#883000000000
0!
0"
0%
0&
#883050000000
1!
1"
1%
1&
b1011111 +
#883100000000
0!
0"
0%
0&
#883150000000
1!
1"
1$
1%
1&
1(
b0 +
#883200000000
0!
0"
1#
0%
0&
1'
#883250000000
1!
1"
0#
1%
1&
0'
b110 )
1-
#883300000000
0!
0"
0%
0&
#883350000000
1!
1"
1#
1%
1&
1'
b101 )
0-
#883400000000
0!
0"
0%
0&
#883450000000
1!
1"
0#
1%
1&
0'
b100 )
1-
#883500000000
0!
0"
0%
0&
#883550000000
1!
1"
1#
1%
1&
1'
b11 )
0-
#883600000000
0!
0"
0%
0&
#883650000000
1!
1"
0#
1%
1&
0'
b10 )
1-
#883700000000
0!
0"
0%
0&
#883750000000
1!
1"
1#
1%
1&
1'
b1 )
0-
#883800000000
0!
0"
0%
0&
#883850000000
1!
1"
0#
1%
1&
0'
b0 )
1-
#883900000000
0!
0"
0%
0&
#883950000000
1!
1"
1#
1%
1&
1'
b111 )
b1 *
0-
#884000000000
0!
0"
0%
0&
#884050000000
1!
1"
0#
1%
1&
0'
b110 )
1-
#884100000000
0!
0"
0%
0&
#884150000000
1!
1"
1#
1%
1&
1'
b101 )
0-
#884200000000
0!
0"
0%
0&
#884250000000
1!
1"
0#
1%
1&
0'
b100 )
1-
#884300000000
0!
0"
0%
0&
#884350000000
1!
1"
1#
1%
1&
1'
b11 )
0-
#884400000000
0!
0"
0%
0&
#884450000000
1!
1"
0#
1%
1&
0'
b10 )
1-
#884500000000
0!
0"
0%
0&
#884550000000
1!
1"
1#
1%
1&
1'
b1 )
0-
#884600000000
0!
0"
0%
0&
#884650000000
1!
1"
0#
1%
1&
0'
b0 )
1-
#884700000000
0!
0"
0%
0&
#884750000000
1!
1"
1#
1%
1&
1'
b111 )
b10 *
0-
#884800000000
0!
0"
0%
0&
#884850000000
1!
1"
0#
1%
1&
0'
b110 )
1-
#884900000000
0!
0"
0%
0&
#884950000000
1!
1"
1#
1%
1&
1'
b101 )
0-
#885000000000
0!
0"
0%
0&
#885050000000
1!
1"
0#
1%
1&
0'
b100 )
1-
#885100000000
0!
0"
0%
0&
#885150000000
1!
1"
1#
1%
1&
1'
b11 )
0-
#885200000000
0!
0"
0%
0&
#885250000000
1!
1"
0#
1%
1&
0'
b10 )
1-
#885300000000
0!
0"
0%
0&
#885350000000
1!
1"
1#
1%
1&
1'
b1 )
0-
#885400000000
0!
0"
0%
0&
#885450000000
1!
1"
0#
1%
1&
0'
b0 )
1-
#885500000000
0!
0"
0%
0&
#885550000000
1!
1"
1#
1%
1&
1'
b111 )
b11 *
0-
#885600000000
0!
0"
0%
0&
#885650000000
1!
1"
0#
1%
1&
0'
b110 )
1-
#885700000000
0!
0"
0%
0&
#885750000000
1!
1"
1#
1%
1&
1'
b101 )
0-
#885800000000
0!
0"
0%
0&
#885850000000
1!
1"
0#
1%
1&
0'
b100 )
1-
#885900000000
0!
0"
0%
0&
#885950000000
1!
1"
1#
1%
1&
1'
b11 )
0-
#886000000000
0!
0"
0%
0&
#886050000000
1!
1"
0#
1%
1&
0'
b10 )
1-
#886100000000
0!
0"
0%
0&
#886150000000
1!
1"
1#
1%
1&
1'
b1 )
0-
#886200000000
0!
0"
0%
0&
#886250000000
1!
1"
0#
1%
1&
0'
b0 )
1-
#886300000000
0!
0"
0%
0&
#886350000000
1!
1"
1#
1%
1&
1'
b111 )
b100 *
0-
#886400000000
0!
0"
0%
0&
#886450000000
1!
1"
0#
1%
1&
0'
b110 )
1-
#886500000000
0!
0"
0%
0&
#886550000000
1!
1"
1#
1%
1&
1'
b101 )
0-
#886600000000
0!
0"
0%
0&
#886650000000
1!
1"
0#
1%
1&
0'
b100 )
1-
#886700000000
0!
0"
0%
0&
#886750000000
1!
1"
1#
1%
1&
1'
b11 )
0-
#886800000000
0!
0"
0%
0&
#886850000000
1!
1"
0#
1%
1&
0'
b10 )
1-
#886900000000
0!
0"
0%
0&
#886950000000
1!
1"
1#
1%
1&
1'
b1 )
0-
#887000000000
0!
0"
0%
0&
#887050000000
1!
1"
0#
1%
1&
0'
b0 )
1-
#887100000000
0!
0"
0%
0&
#887150000000
1!
1"
1#
1%
1&
1'
b111 )
b101 *
0-
#887200000000
0!
0"
0%
0&
#887250000000
1!
1"
0#
1%
1&
0'
b110 )
1-
#887300000000
0!
0"
0%
0&
#887350000000
1!
1"
1#
1%
1&
1'
b101 )
0-
#887400000000
0!
0"
0%
0&
#887450000000
1!
1"
0#
1%
1&
0'
b100 )
1-
#887500000000
0!
0"
0%
0&
#887550000000
1!
1"
1#
1%
1&
1'
b11 )
0-
#887600000000
0!
0"
0%
0&
#887650000000
1!
1"
0#
1%
1&
0'
b10 )
1-
#887700000000
0!
0"
0%
0&
#887750000000
1!
1"
1#
1%
1&
1'
b1 )
0-
#887800000000
0!
0"
0%
0&
#887850000000
1!
1"
0#
1%
1&
0'
b0 )
1-
#887900000000
0!
0"
0%
0&
#887950000000
1!
1"
1#
1%
1&
1'
b111 )
b110 *
0-
#888000000000
0!
0"
0%
0&
#888050000000
1!
1"
0#
1%
1&
0'
b110 )
1-
#888100000000
0!
0"
0%
0&
#888150000000
1!
1"
1#
1%
1&
1'
b101 )
0-
#888200000000
0!
0"
0%
0&
#888250000000
1!
1"
0#
1%
1&
0'
b100 )
1-
#888300000000
0!
0"
0%
0&
#888350000000
1!
1"
1#
1%
1&
1'
b11 )
0-
#888400000000
0!
0"
0%
0&
#888450000000
1!
1"
0#
1%
1&
0'
b10 )
1-
#888500000000
0!
0"
0%
0&
#888550000000
1!
1"
1#
1%
1&
1'
b1 )
0-
#888600000000
0!
0"
0%
0&
#888650000000
1!
1"
0#
1%
1&
0'
b0 )
1-
#888700000000
0!
0"
0%
0&
#888750000000
1!
1"
1#
1%
1&
1'
b111 )
b0 *
0-
#888800000000
0!
0"
0%
0&
#888850000000
1!
1"
0#
1%
1&
0'
b110 )
1-
#888900000000
0!
0"
0%
0&
#888950000000
1!
1"
1#
1%
1&
1'
b101 )
0-
#889000000000
0!
0"
0%
0&
#889050000000
1!
1"
0#
1%
1&
0'
b100 )
1-
#889100000000
0!
0"
0%
0&
#889150000000
1!
1"
1#
1%
1&
1'
b11 )
0-
#889200000000
0!
0"
0%
0&
#889250000000
1!
1"
0#
1%
1&
0'
b10 )
1-
#889300000000
0!
0"
0%
0&
#889350000000
1!
1"
1#
1%
1&
1'
b1 )
0-
#889400000000
0!
0"
0%
0&
#889450000000
1!
1"
0#
1%
1&
0'
b0 )
1-
#889500000000
0!
0"
0%
0&
#889550000000
1!
1"
1#
1%
1&
1'
b111 )
b11111111111111111111111111111111 .
#889600000000
0!
0"
0#
0%
0&
0'
#889650000000
1!
1"
1#
1%
1&
1'
b110 )
b01111111111111111111111111111111 .
#889700000000
0!
0"
0#
0%
0&
0'
#889750000000
1!
1"
1#
1%
1&
1'
b101 )
b00111111111111111111111111111111 .
#889800000000
0!
0"
0#
0%
0&
0'
#889850000000
1!
1"
1#
1%
1&
1'
b100 )
b00011111111111111111111111111111 .
#889900000000
0!
0"
0#
0%
0&
0'
#889950000000
1!
1"
1#
1%
1&
1'
b11 )
b00001111111111111111111111111111 .
#890000000000
0!
0"
0#
0%
0&
0'
#890050000000
1!
1"
1#
1%
1&
1'
b10 )
b00000111111111111111111111111111 .
#890100000000
0!
0"
0#
0%
0&
0'
#890150000000
1!
1"
1#
1%
1&
1'
b1 )
b00000011111111111111111111111111 .
#890200000000
0!
0"
0#
0%
0&
0'
#890250000000
1!
1"
1#
1%
1&
1'
b0 )
b00000001111111111111111111111111 .
#890300000000
0!
0"
0#
0%
0&
0'
#890350000000
1!
1"
1#
1%
1&
1'
b111 )
b1 *
b00000000111111111111111111111111 .
#890400000000
0!
0"
0#
0%
0&
0'
#890450000000
1!
1"
1#
1%
1&
1'
b110 )
b00000000011111111111111111111111 .
#890500000000
0!
0"
0#
0%
0&
0'
#890550000000
1!
1"
1#
1%
1&
1'
b101 )
b00000000001111111111111111111111 .
#890600000000
0!
0"
0#
0%
0&
0'
#890650000000
1!
1"
1#
1%
1&
1'
b100 )
b00000000000111111111111111111111 .
#890700000000
0!
0"
0#
0%
0&
0'
#890750000000
1!
1"
1#
1%
1&
1'
b11 )
b00000000000011111111111111111111 .
#890800000000
0!
0"
0#
0%
0&
0'
#890850000000
1!
1"
1#
1%
1&
1'
b10 )
b00000000000001111111111111111111 .
#890900000000
0!
0"
0#
0%
0&
0'
#890950000000
1!
1"
1#
1%
1&
1'
b1 )
b00000000000000111111111111111111 .
#891000000000
0!
0"
0#
0%
0&
0'
#891050000000
1!
1"
1#
1%
1&
1'
b0 )
b00000000000000011111111111111111 .
#891100000000
0!
0"
0#
0%
0&
0'
#891150000000
1!
1"
1#
1%
1&
1'
b111 )
b10 *
b00000000000000001111111111111111 .
#891200000000
0!
0"
0#
0%
0&
0'
#891250000000
1!
1"
1#
1%
1&
1'
b110 )
b00000000000000000111111111111111 .
#891300000000
0!
0"
0#
0%
0&
0'
#891350000000
1!
1"
1#
1%
1&
1'
b101 )
b00000000000000000011111111111111 .
#891400000000
0!
0"
0#
0%
0&
0'
#891450000000
1!
1"
1#
1%
1&
1'
b100 )
b00000000000000000001111111111111 .
#891500000000
0!
0"
0#
0%
0&
0'
#891550000000
1!
1"
1#
1%
1&
1'
b11 )
b00000000000000000000111111111111 .
#891600000000
0!
0"
0#
0%
0&
0'
#891650000000
1!
1"
1#
1%
1&
1'
b10 )
b00000000000000000000011111111111 .
#891700000000
0!
0"
0#
0%
0&
0'
#891750000000
1!
1"
1#
1%
1&
1'
b1 )
b00000000000000000000001111111111 .
#891800000000
0!
0"
0#
0%
0&
0'
#891850000000
1!
1"
1#
1%
1&
1'
b0 )
b00000000000000000000000111111111 .
#891900000000
0!
0"
0#
0%
0&
0'
#891950000000
1!
1"
1#
1%
1&
1'
b111 )
b11 *
b00000000000000000000000011111111 .
#892000000000
0!
0"
0#
0%
0&
0'
#892050000000
1!
1"
1#
1%
1&
1'
b110 )
b00000000000000000000000001111111 .
#892100000000
0!
0"
0#
0%
0&
0'
#892150000000
1!
1"
1#
1%
1&
1'
b101 )
b00000000000000000000000000111111 .
#892200000000
0!
0"
0#
0%
0&
0'
#892250000000
1!
1"
1#
1%
1&
1'
b100 )
b00000000000000000000000000011111 .
#892300000000
0!
0"
0#
0%
0&
0'
#892350000000
1!
1"
1#
1%
1&
1'
b11 )
b00000000000000000000000000001111 .
#892400000000
0!
0"
0#
0%
0&
0'
#892450000000
1!
1"
1#
1%
1&
1'
b10 )
b00000000000000000000000000000111 .
#892500000000
0!
0"
0#
0%
0&
0'
#892550000000
1!
1"
1#
1%
1&
1'
b1 )
b00000000000000000000000000000011 .
#892600000000
0!
0"
0#
0%
0&
0'
#892650000000
1!
1"
1#
1%
1&
1'
b0 )
b00000000000000000000000000000001 .
#892700000000
0!
0"
0#
0%
0&
0'
#892750000000
1!
1"
1#
1%
1&
1'
b111 )
b100 *
b00000000000000000000000000000000 .
#892800000000
0!
0"
0#
0%
0&
0'
#892850000000
1!
1"
1#
1%
1&
1'
b110 )
b11101101101110001000001100100000 .
#892900000000
0!
0"
0#
0%
0&
0'
#892950000000
1!
1"
1#
1%
1&
1'
b101 )
b10011011011001001100001010110000 .
#893000000000
0!
0"
0#
0%
0&
0'
#893050000000
1!
1"
1#
1%
1&
1'
b100 )
b10100000000010101110001001111000 .
#893100000000
0!
0"
0#
0%
0&
0'
#893150000000
1!
1"
1#
1%
1&
1'
b11 )
b10111101101111011111001000011100 .
#893200000000
0!
0"
0#
0%
0&
0'
#893250000000
1!
1"
1#
1%
1&
1'
b10 )
b10110011011001100111101000101110 .
#893300000000
0!
0"
0#
0%
0&
0'
#893350000000
1!
1"
1#
1%
1&
1'
b1 )
b10110100000010111011111000110111 .
#893400000000
0!
0"
0#
0%
0&
0'
#893450000000
1!
1"
1#
1%
1&
1'
b0 )
b01011010000001011101111100011011 .
#893500000000
0!
0"
0#
0%
0&
0'
#893550000000
1!
1"
1#
1%
1&
1'
b111 )
b101 *
b00101101000000101110111110001101 .
#893600000000
0!
0"
0#
0%
0&
0'
#893650000000
1!
1"
1#
1%
1&
1'
b110 )
b00010110100000010111011111000110 .
#893700000000
0!
0"
0#
0%
0&
0'
#893750000000
1!
1"
1#
1%
1&
1'
b101 )
b11100110111110000011100011000011 .
#893800000000
0!
0"
0#
0%
0&
0'
#893850000000
1!
1"
1#
1%
1&
1'
b100 )
b01110011011111000001110001100001 .
#893900000000
0!
0"
0#
0%
0&
0'
#893950000000
1!
1"
1#
1%
1&
1'
b11 )
b00111001101111100000111000110000 .
#894000000000
0!
0"
0#
0%
0&
0'
#894050000000
1!
1"
1#
1%
1&
1'
b10 )
b11110001011001111000010000111000 .
#894100000000
0!
0"
0#
0%
0&
0'
#894150000000
1!
1"
1#
1%
1&
1'
b1 )
b10010101000010110100000100111100 .
#894200000000
0!
0"
0#
0%
0&
0'
#894250000000
1!
1"
1#
1%
1&
1'
b0 )
b10100111001111010010001110111110 .
#894300000000
0!
0"
0#
0%
0&
0'
#894350000000
1!
1"
1#
1%
1&
1'
b111 )
b0 *
b10111110001001100001001011111111 .
#894400000000
0!
0"
0#
0%
0&
0'
#894450000000
1!
1"
1#
1%
1&
1'
b110 )
0-
b10110010101010111000101001011111 .
#894500000000
0!
0"
0%
0&
#894550000000
1!
1"
0#
1%
1&
0'
b101 )
b10110100111011010100011000001111 .
#894600000000
0!
0"
1#
0%
0&
1'
#894650000000
1!
1"
0#
1%
1&
0'
b100 )
b10110111110011100010000000100111 .
#894700000000
0!
0"
1#
0%
0&
1'
#894750000000
1!
1"
0#
1%
1&
0'
b11 )
b10110110010111111001001100110011 .
#894800000000
0!
0"
1#
0%
0&
1'
#894850000000
1!
1"
0#
1%
1&
0'
b10 )
1-
b01011011001011111100100110011001 .
#894900000000
0!
0"
0%
0&
#894950000000
1!
1"
1#
1%
1&
1'
b1 )
0-
b11000000001011110110011111101100 .
#895000000000
0!
0"
0%
0&
#895050000000
1!
1"
0#
1%
1&
0'
b0 )
b01100000000101111011001111110110 .
#895100000000
0!
0"
1#
0%
0&
1'
#895150000000
1!
1"
0#
1%
1&
0'
b111 )
b1 *
b00110000000010111101100111111011 .
#895200000000
0!
0"
1#
0%
0&
1'
#895250000000
1!
1"
0#
1%
1&
0'
b110 )
b11110101101111010110111111011101 .
#895300000000
0!
0"
1#
0%
0&
1'
#895350000000
1!
1"
0#
1%
1&
0'
b101 )
1-
b01111010110111101011011111101110 .
#895400000000
0!
0"
0%
0&
#895450000000
1!
1"
1#
1%
1&
1'
b100 )
0-
b00111101011011110101101111110111 .
#895500000000
0!
0"
0%
0&
#895550000000
1!
1"
0#
1%
1&
0'
b11 )
b11110011000011110010111011011011 .
#895600000000
0!
0"
1#
0%
0&
1'
#895650000000
1!
1"
0#
1%
1&
0'
b10 )
b10010100001111110001010001001101 .
#895700000000
0!
0"
1#
0%
0&
1'
#895750000000
1!
1"
0#
1%
1&
0'
b1 )
b10100111101001110000100100000110 .
#895800000000
0!
0"
1#
0%
0&
1'
#895850000000
1!
1"
0#
1%
1&
0'
b0 )
b01010011110100111000010010000011 .
#895900000000
0!
0"
1#
0%
0&
1'
#895950000000
1!
1"
0#
1%
1&
0'
b111 )
b10 *
1-
b00101001111010011100001001000001 .
#896000000000
0!
0"
0%
0&
#896050000000
1!
1"
1#
1%
1&
1'
b110 )
0-
b11111001010011000110001000000000 .
#896100000000
0!
0"
0%
0&
#896150000000
1!
1"
0#
1%
1&
0'
b101 )
1-
b10010001000111101011001000100000 .
#896200000000
0!
0"
0%
0&
#896250000000
1!
1"
1#
1%
1&
1'
b100 )
b10100101001101111101101000110000 .
#896300000000
0!
0"
0#
0%
0&
0'
#896350000000
1!
1"
1#
1%
1&
1'
b11 )
0-
b01010010100110111110110100011000 .
#896400000000
0!
0"
0%
0&
#896450000000
1!
1"
0#
1%
1&
0'
b10 )
b00101001010011011111011010001100 .
#896500000000
0!
0"
1#
0%
0&
1'
#896550000000
1!
1"
0#
1%
1&
0'
b1 )
b00010100101001101111101101000110 .
#896600000000
0!
0"
1#
0%
0&
1'
#896650000000
1!
1"
0#
1%
1&
0'
b0 )
b00001010010100110111110110100011 .
#896700000000
0!
0"
1#
0%
0&
1'
#896750000000
1!
1"
0#
1%
1&
0'
b111 )
b11 *
1-
b00000101001010011011111011010001 .
#896800000000
0!
0"
0%
0&
#896850000000
1!
1"
1#
1%
1&
1'
b110 )
0-
b11101111001011000101110001001000 .
#896900000000
0!
0"
0%
0&
#896950000000
1!
1"
0#
1%
1&
0'
b101 )
b01110111100101100010111000100100 .
#897000000000
0!
0"
1#
0%
0&
1'
#897050000000
1!
1"
0#
1%
1&
0'
b100 )
b00111011110010110001011100010010 .
#897100000000
0!
0"
1#
0%
0&
1'
#897150000000
1!
1"
0#
1%
1&
0'
b11 )
1-
b11110000010111010000100010101001 .
#897200000000
0!
0"
0%
0&
#897250000000
1!
1"
1#
1%
1&
1'
b10 )
b01111000001011101000010001010100 .
#897300000000
0!
0"
0#
0%
0&
0'
#897350000000
1!
1"
1#
1%
1&
1'
b1 )
0-
b00111100000101110100001000101010 .
#897400000000
0!
0"
0%
0&
#897450000000
1!
1"
0#
1%
1&
0'
b0 )
b00011110000010111010000100010101 .
#897500000000
0!
0"
1#
0%
0&
1'
#897550000000
1!
1"
0#
1%
1&
0'
b111 )
b100 *
b11100010101111010101001110101010 .
#897600000000
0!
0"
1#
0%
0&
1'
#897650000000
1!
1"
0#
1%
1&
0'
b110 )
b01110001010111101010100111010101 .
#897700000000
0!
0"
1#
0%
0&
1'
#897750000000
1!
1"
0#
1%
1&
0'
b101 )
1-
b00111000101011110101010011101010 .
#897800000000
0!
0"
0%
0&
#897850000000
1!
1"
1#
1%
1&
1'
b100 )
0-
b00011100010101111010101001110101 .
#897900000000
0!
0"
0%
0&
#897950000000
1!
1"
0#
1%
1&
0'
b11 )
1-
b00001110001010111101010100111010 .
#898000000000
0!
0"
0%
0&
#898050000000
1!
1"
1#
1%
1&
1'
b10 )
0-
b00000111000101011110101010011101 .
#898100000000
0!
0"
0%
0&
#898150000000
1!
1"
0#
1%
1&
0'
b1 )
1-
b00000011100010101111010101001110 .
#898200000000
0!
0"
0%
0&
#898250000000
1!
1"
1#
1%
1&
1'
b0 )
b11101100011111011111100110000111 .
#898300000000
0!
0"
0#
0%
0&
0'
#898350000000
1!
1"
1#
1%
1&
1'
b111 )
b101 *
b01110110001111101111110011000011 .
#898400000000
0!
0"
0#
0%
0&
0'
#898450000000
1!
1"
1#
1%
1&
1'
b110 )
0-
b11010110101001111111110101000001 .
#898500000000
0!
0"
0%
0&
#898550000000
1!
1"
0#
1%
1&
0'
b101 )
b10000110111010110111110110000000 .
#898600000000
0!
0"
1#
0%
0&
1'
#898650000000
1!
1"
0#
1%
1&
0'
b100 )
b01000011011101011011111011000000 .
#898700000000
0!
0"
1#
0%
0&
1'
#898750000000
1!
1"
0#
1%
1&
0'
b11 )
1-
b11001100000000100101110001000000 .
#898800000000
0!
0"
0%
0&
#898850000000
1!
1"
1#
1%
1&
1'
b10 )
0-
b01100110000000010010111000100000 .
#898900000000
0!
0"
0%
0&
#898950000000
1!
1"
0#
1%
1&
0'
b1 )
b00110011000000001001011100010000 .
#899000000000
0!
0"
1#
0%
0&
1'
#899050000000
1!
1"
0#
1%
1&
0'
b0 )
b00011001100000000100101110001000 .
#899100000000
0!
0"
1#
0%
0&
1'
#899150000000
1!
1"
0#
1%
1&
0'
b111 )
b0 *
b00001100110000000010010111000100 .
#899200000000
0!
0"
1#
0%
0&
1'
#899250000000
1!
1"
0#
1%
1&
0'
b110 )
b00000110011000000001001011100010 .
#899300000000
0!
0"
1#
0%
0&
1'
#899350000000
1!
1"
0#
1%
1&
0'
b101 )
b00000011001100000000100101110001 .
#899400000000
0!
0"
1#
0%
0&
1'
#899450000000
1!
1"
0#
1%
1&
0'
b100 )
b11101100001000001000011110011000 .
#899500000000
0!
0"
1#
0%
0&
1'
#899550000000
1!
1"
0#
1%
1&
0'
b11 )
1-
b10011011101010001100000011101100 .
#899600000000
0!
0"
0%
0&
#899650000000
1!
1"
1#
1%
1&
1'
b10 )
0-
b01001101110101000110000001110110 .
#899700000000
0!
0"
0%
0&
#899750000000
1!
1"
0#
1%
1&
0'
b1 )
b00100110111010100011000000111011 .
#899800000000
0!
0"
1#
0%
0&
1'
#899850000000
1!
1"
0#
1%
1&
0'
b0 )
b11111110110011011001101100111101 .
#899900000000
0!
0"
1#
0%
0&
1'
#899950000000
1!
1"
0#
1%
1&
0'
b111 )
b1 *
1-
b01111111011001101100110110011110 .
#900000000000
0!
0"
0%
0&
#900050000000
1!
1"
1#
1%
1&
1'
b110 )
b11010010000010111110010111101111 .
#900100000000
0!
0"
0#
0%
0&
0'
#900150000000
1!
1"
1#
1%
1&
1'
b101 )
0-
b10000100101111010111000111010111 .
#900200000000
0!
0"
0%
0&
#900250000000
1!
1"
0#
1%
1&
0'
b100 )
1-
b01000010010111101011100011101011 .
#900300000000
0!
0"
0%
0&
#900350000000
1!
1"
1#
1%
1&
1'
b11 )
0-
b11001100100101111101111101010101 .
#900400000000
0!
0"
0%
0&
#900450000000
1!
1"
0#
1%
1&
0'
b10 )
1-
b01100110010010111110111110101010 .
#900500000000
0!
0"
0%
0&
#900550000000
1!
1"
1#
1%
1&
1'
b1 )
b11011110100111010111010011110101 .
#900600000000
0!
0"
0#
0%
0&
0'
#900650000000
1!
1"
1#
1%
1&
1'
b0 )
0-
b10000010111101100011100101011010 .
#900700000000
0!
0"
0%
0&
#900750000000
1!
1"
0#
1%
1&
0'
b111 )
b0 *
1-
b10101100110000111001111110001101 .
#900800000000
0!
0"
0%
0&
#900850000000
1!
1"
1#
1%
1&
1'
b110 )
0-
b10111011110110010100110011100110 .
#900900000000
0!
0"
0%
0&
#900950000000
1!
1"
0#
1%
1&
0'
b101 )
b01011101111011001010011001110011 .
#901000000000
0!
0"
1#
0%
0&
1'
#901050000000
1!
1"
0#
1%
1&
0'
b100 )
b11000011010011101101000000011001 .
#901100000000
0!
0"
1#
0%
0&
1'
#901150000000
1!
1"
0#
1%
1&
0'
b11 )
b10001100000111111110101100101100 .
#901200000000
0!
0"
1#
0%
0&
1'
#901250000000
1!
1"
0#
1%
1&
0'
b10 )
b01000110000011111111010110010110 .
#901300000000
0!
0"
1#
0%
0&
1'
#901350000000
1!
1"
0#
1%
1&
0'
b1 )
b00100011000001111111101011001011 .
#901400000000
0!
0"
1#
0%
0&
1'
#901450000000
1!
1"
0#
1%
1&
0'
b0 )
b11111100001110110111111001000101 .
#901500000000
0!
0"
1#
0%
0&
1'
#901550000000
1!
1"
0#
1%
1&
0'
b111 )
b1 *
b10010011101001010011110000000010 .
#901600000000
0!
0"
1#
0%
0&
1'
#901650000000
1!
1"
0#
1%
1&
0'
b110 )
b01001001110100101001111000000001 .
#901700000000
0!
0"
1#
0%
0&
1'
#901750000000
1!
1"
0#
1%
1&
0'
b101 )
b11001001010100011100110000100000 .
#901800000000
0!
0"
1#
0%
0&
1'
#901850000000
1!
1"
0#
1%
1&
0'
b100 )
b01100100101010001110011000010000 .
#901900000000
0!
0"
1#
0%
0&
1'
#901950000000
1!
1"
0#
1%
1&
0'
b11 )
b00110010010101000111001100001000 .
#902000000000
0!
0"
1#
0%
0&
1'
#902050000000
1!
1"
0#
1%
1&
0'
b10 )
b00011001001010100011100110000100 .
#902100000000
0!
0"
1#
0%
0&
1'
#902150000000
1!
1"
0#
1%
1&
0'
b1 )
b00001100100101010001110011000010 .
#902200000000
0!
0"
1#
0%
0&
1'
#902250000000
1!
1"
0#
1%
1&
0'
b0 )
b00000110010010101000111001100001 .
#902300000000
0!
0"
1#
0%
0&
1'
#902350000000
1!
1"
0#
1%
1&
0'
b111 )
b10 *
b11101110100111011100010000010000 .
#902400000000
0!
0"
1#
0%
0&
1'
#902450000000
1!
1"
0#
1%
1&
0'
b110 )
b01110111010011101110001000001000 .
#902500000000
0!
0"
1#
0%
0&
1'
#902550000000
1!
1"
0#
1%
1&
0'
b101 )
b00111011101001110111000100000100 .
#902600000000
0!
0"
1#
0%
0&
1'
#902650000000
1!
1"
0#
1%
1&
0'
b100 )
b00011101110100111011100010000010 .
#902700000000
0!
0"
1#
0%
0&
1'
#902750000000
1!
1"
0#
1%
1&
0'
b11 )
b00001110111010011101110001000001 .
#902800000000
0!
0"
1#
0%
0&
1'
#902850000000
1!
1"
0#
1%
1&
0'
b10 )
b11101010110011000110110100000000 .
#902900000000
0!
0"
1#
0%
0&
1'
#902950000000
1!
1"
0#
1%
1&
0'
b1 )
b01110101011001100011011010000000 .
#903000000000
0!
0"
1#
0%
0&
1'
#903050000000
1!
1"
0#
1%
1&
0'
b0 )
b00111010101100110001101101000000 .
#903100000000
0!
0"
1#
0%
0&
1'
#903150000000
1!
1"
0#
1%
1&
0'
b111 )
b11 *
b00011101010110011000110110100000 .
#903200000000
0!
0"
1#
0%
0&
1'
#903250000000
1!
1"
0#
1%
1&
0'
b110 )
b00001110101011001100011011010000 .
#903300000000
0!
0"
1#
0%
0&
1'
#903350000000
1!
1"
0#
1%
1&
0'
b101 )
b00000111010101100110001101101000 .
#903400000000
0!
0"
1#
0%
0&
1'
#903450000000
1!
1"
0#
1%
1&
0'
b100 )
b00000011101010110011000110110100 .
#903500000000
0!
0"
1#
0%
0&
1'
#903550000000
1!
1"
0#
1%
1&
0'
b11 )
b00000001110101011001100011011010 .
#903600000000
0!
0"
1#
0%
0&
1'
#903650000000
1!
1"
0#
1%
1&
0'
b10 )
b00000000111010101100110001101101 .
#903700000000
0!
0"
1#
0%
0&
1'
#903750000000
1!
1"
0#
1%
1&
0'
b1 )
b11101101110011011110010100010110 .
#903800000000
0!
0"
1#
0%
0&
1'
#903850000000
1!
1"
0#
1%
1&
0'
b0 )
b01110110111001101111001010001011 .
#903900000000
0!
0"
1#
0%
0&
1'
#903950000000
1!
1"
0#
1%
1&
0'
b111 )
b100 *
b11010110110010111111101001100101 .
#904000000000
0!
0"
1#
0%
0&
1'
#904050000000
1!
1"
0#
1%
1&
0'
b110 )
b10000110110111010111111000010010 .
#904100000000
0!
0"
1#
0%
0&
1'
#904150000000
1!
1"
0#
1%
1&
0'
b101 )
b01000011011011101011111100001001 .
#904200000000
0!
0"
1#
0%
0&
1'
#904250000000
1!
1"
0#
1%
1&
0'
b100 )
b11001100000011111101110010100100 .
#904300000000
0!
0"
1#
0%
0&
1'
#904350000000
1!
1"
0#
1%
1&
0'
b11 )
b01100110000001111110111001010010 .
#904400000000
0!
0"
1#
0%
0&
1'
#904450000000
1!
1"
0#
1%
1&
0'
b10 )
b00110011000000111111011100101001 .
#904500000000
0!
0"
1#
0%
0&
1'
#904550000000
1!
1"
0#
1%
1&
0'
b1 )
b11110100001110010111100010110100 .
#904600000000
0!
0"
1#
0%
0&
1'
#904650000000
1!
1"
0#
1%
1&
0'
b0 )
b01111010000111001011110001011010 .
#904700000000
0!
0"
1#
0%
0&
1'
#904750000000
1!
1"
0#
1%
1&
0'
b111 )
b101 *
b00111101000011100101111000101101 .
#904800000000
0!
0"
1#
0%
0&
1'
#904850000000
1!
1"
0#
1%
1&
0'
b110 )
b11110011001111111010110000110110 .
#904900000000
0!
0"
1#
0%
0&
1'
#904950000000
1!
1"
0#
1%
1&
0'
b101 )
b01111001100111111101011000011011 .
#905000000000
0!
0"
1#
0%
0&
1'
#905050000000
1!
1"
0#
1%
1&
0'
b100 )
b11010001011101110110100000101101 .
#905100000000
0!
0"
1#
0%
0&
1'
#905150000000
1!
1"
0#
1%
1&
0'
b11 )
b10000101000000110011011100110110 .
#905200000000
0!
0"
1#
0%
0&
1'
#905250000000
1!
1"
0#
1%
1&
0'
b10 )
b01000010100000011001101110011011 .
#905300000000
0!
0"
1#
0%
0&
1'
#905350000000
1!
1"
0#
1%
1&
0'
b1 )
b11001100111110000100111011101101 .
#905400000000
0!
0"
1#
0%
0&
1'
#905450000000
1!
1"
0#
1%
1&
0'
b0 )
b10001011110001001010010001010110 .
#905500000000
0!
0"
1#
0%
0&
1'
#905550000000
1!
1"
0#
1%
1&
0'
b111 )
b110 *
b01000101111000100101001000101011 .
#905600000000
0!
0"
1#
0%
0&
1'
#905650000000
1!
1"
0#
1%
1&
0'
b110 )
b11001111010010011010101000110101 .
#905700000000
0!
0"
1#
0%
0&
1'
#905750000000
1!
1"
0#
1%
1&
0'
b101 )
b10001010000111000101011000111010 .
#905800000000
0!
0"
1#
0%
0&
1'
#905850000000
1!
1"
0#
1%
1&
0'
b100 )
b01000101000011100010101100011101 .
#905900000000
0!
0"
1#
0%
0&
1'
#905950000000
1!
1"
0#
1%
1&
0'
b11 )
b11001111001111111001011010101110 .
#906000000000
0!
0"
1#
0%
0&
1'
#906050000000
1!
1"
0#
1%
1&
0'
b10 )
b01100111100111111100101101010111 .
#906100000000
0!
0"
1#
0%
0&
1'
#906150000000
1!
1"
0#
1%
1&
0'
b1 )
b11011110011101110110011010001011 .
#906200000000
0!
0"
1#
0%
0&
1'
#906250000000
1!
1"
0#
1%
1&
0'
b0 )
b10000010100000110011000001100101 .
#906300000000
0!
0"
1#
0%
0&
1'
#906350000000
1!
1"
0#
1%
1&
0'
b111 )
b111 *
b10101100111110010001101100010010 .
#906400000000
0!
0"
1#
0%
0&
1'
#906450000000
1!
1"
0#
1%
1&
0'
b110 )
b01010110011111001000110110001001 .
#906500000000
0!
0"
1#
0%
0&
1'
#906550000000
1!
1"
0#
1%
1&
0'
b101 )
b11000110100001101100010111100100 .
#906600000000
0!
0"
1#
0%
0&
1'
#906650000000
1!
1"
0#
1%
1&
0'
b100 )
b01100011010000110110001011110010 .
#906700000000
0!
0"
1#
0%
0&
1'
#906750000000
1!
1"
0#
1%
1&
0'
b11 )
b00110001101000011011000101111001 .
#906800000000
0!
0"
1#
0%
0&
1'
#906850000000
1!
1"
0#
1%
1&
0'
b10 )
b11110101011010000101101110011100 .
#906900000000
0!
0"
1#
0%
0&
1'
#906950000000
1!
1"
0#
1%
1&
0'
b1 )
b01111010101101000010110111001110 .
#907000000000
0!
0"
1#
0%
0&
1'
#907050000000
1!
1"
0#
1%
1&
0'
b0 )
b00111101010110100001011011100111 .
#907100000000
0!
0"
1#
0%
0&
1'
#907150000000
1!
1"
0#
1%
1&
0'
b111 )
b1000 *
b11110011000101011000100001010011 .
#907200000000
0!
0"
1#
0%
0&
1'
#907250000000
1!
1"
0#
1%
1&
0'
b110 )
b10010100001100100100011100001001 .
#907300000000
0!
0"
1#
0%
0&
1'
#907350000000
1!
1"
0#
1%
1&
0'
b101 )
b10100111101000011010000010100100 .
#907400000000
0!
0"
1#
0%
0&
1'
#907450000000
1!
1"
0#
1%
1&
0'
b100 )
b01010011110100001101000001010010 .
#907500000000
0!
0"
1#
0%
0&
1'
#907550000000
1!
1"
0#
1%
1&
0'
b11 )
b00101001111010000110100000101001 .
#907600000000
0!
0"
1#
0%
0&
1'
#907650000000
1!
1"
0#
1%
1&
0'
b10 )
b11111001010011001011011100110100 .
#907700000000
0!
0"
1#
0%
0&
1'
#907750000000
1!
1"
0#
1%
1&
0'
b1 )
b01111100101001100101101110011010 .
#907800000000
0!
0"
1#
0%
0&
1'
#907850000000
1!
1"
0#
1%
1&
0'
b0 )
b00111110010100110010110111001101 .
#907900000000
0!
0"
1#
0%
0&
1'
#907950000000
1!
1"
0#
1%
1&
0'
b111 )
b1001 *
b11110010100100010001010111000110 .
#908000000000
0!
0"
1#
0%
0&
1'
#908050000000
1!
1"
0#
1%
1&
0'
b110 )
b01111001010010001000101011100011 .
#908100000000
0!
0"
1#
0%
0&
1'
#908150000000
1!
1"
0#
1%
1&
0'
b101 )
b11010001000111001100011001010001 .
#908200000000
0!
0"
1#
0%
0&
1'
#908250000000
1!
1"
0#
1%
1&
0'
b100 )
b10000101001101101110000000001000 .
#908300000000
0!
0"
1#
0%
0&
1'
#908350000000
1!
1"
0#
1%
1&
0'
b11 )
b01000010100110110111000000000100 .
#908400000000
0!
0"
1#
0%
0&
1'
#908450000000
1!
1"
0#
1%
1&
0'
b10 )
b00100001010011011011100000000010 .
#908500000000
0!
0"
1#
0%
0&
1'
#908550000000
1!
1"
0#
1%
1&
0'
b1 )
b00010000101001101101110000000001 .
#908600000000
0!
0"
1#
0%
0&
1'
#908650000000
1!
1"
0#
1%
1&
0'
b0 )
b11100101111010111110110100100000 .
#908700000000
0!
0"
1#
0%
0&
1'
#908750000000
1!
1"
0#
1%
1&
0'
b111 )
b1010 *
b01110010111101011111011010010000 .
#908800000000
0!
0"
1#
0%
0&
1'
#908850000000
1!
1"
0#
1%
1&
0'
b110 )
b00111001011110101111101101001000 .
#908900000000
0!
0"
1#
0%
0&
1'
#908950000000
1!
1"
0#
1%
1&
0'
b101 )
b00011100101111010111110110100100 .
#909000000000
0!
0"
1#
0%
0&
1'
#909050000000
1!
1"
0#
1%
1&
0'
b100 )
b00001110010111101011111011010010 .
#909100000000
0!
0"
1#
0%
0&
1'
#909150000000
1!
1"
0#
1%
1&
0'
b11 )
b00000111001011110101111101101001 .
#909200000000
0!
0"
1#
0%
0&
1'
#909250000000
1!
1"
0#
1%
1&
0'
b10 )
b11101110001011110010110010010100 .
#909300000000
0!
0"
1#
0%
0&
1'
#909350000000
1!
1"
0#
1%
1&
0'
b1 )
b01110111000101111001011001001010 .
#909400000000
0!
0"
1#
0%
0&
1'
#909450000000
1!
1"
0#
1%
1&
0'
b0 )
b00111011100010111100101100100101 .
#909500000000
0!
0"
1#
0%
0&
1'
#909550000000
1!
1"
0#
1%
1&
0'
b111 )
b1011 *
b11110000011111010110011010110010 .
#909600000000
0!
0"
1#
0%
0&
1'
#909650000000
1!
1"
0#
1%
1&
0'
b110 )
b01111000001111101011001101011001 .
#909700000000
0!
0"
1#
0%
0&
1'
#909750000000
1!
1"
0#
1%
1&
0'
b101 )
b11010001101001111101101010001100 .
#909800000000
0!
0"
1#
0%
0&
1'
#909850000000
1!
1"
0#
1%
1&
0'
b100 )
b01101000110100111110110101000110 .
#909900000000
0!
0"
1#
0%
0&
1'
#909950000000
1!
1"
0#
1%
1&
0'
b11 )
b00110100011010011111011010100011 .
#910000000000
0!
0"
1#
0%
0&
1'
#910050000000
1!
1"
0#
1%
1&
0'
b10 )
b11110111100011000111100001110001 .
#910100000000
0!
0"
1#
0%
0&
1'
#910150000000
1!
1"
0#
1%
1&
0'
b1 )
b10010110011111101011111100011000 .
#910200000000
0!
0"
1#
0%
0&
1'
#910250000000
1!
1"
0#
1%
1&
0'
b0 )
b01001011001111110101111110001100 .
#910300000000
0!
0"
1#
0%
0&
1'
#910350000000
1!
1"
0#
1%
1&
0'
b111 )
b1100 *
b00100101100111111010111111000110 .
#910400000000
0!
0"
1#
0%
0&
1'
#910450000000
1!
1"
0#
1%
1&
0'
b110 )
b00010010110011111101011111100011 .
#910500000000
0!
0"
1#
0%
0&
1'
#910550000000
1!
1"
0#
1%
1&
0'
b101 )
b11100100110111110110100011010001 .
#910600000000
0!
0"
1#
0%
0&
1'
#910650000000
1!
1"
0#
1%
1&
0'
b100 )
b10011111110101110011011101001000 .
#910700000000
0!
0"
1#
0%
0&
1'
#910750000000
1!
1"
0#
1%
1&
0'
b11 )
b01001111111010111001101110100100 .
#910800000000
0!
0"
1#
0%
0&
1'
#910850000000
1!
1"
0#
1%
1&
0'
b10 )
b00100111111101011100110111010010 .
#910900000000
0!
0"
1#
0%
0&
1'
#910950000000
1!
1"
0#
1%
1&
0'
b1 )
b00010011111110101110011011101001 .
#911000000000
0!
0"
1#
0%
0&
1'
#911050000000
1!
1"
0#
1%
1&
0'
b0 )
b11100100010001011111000001010100 .
#911100000000
0!
0"
1#
0%
0&
1'
#911150000000
1!
1"
0#
1%
1&
0'
b111 )
b1101 *
b01110010001000101111100000101010 .
#911200000000
0!
0"
1#
0%
0&
1'
#911250000000
1!
1"
0#
1%
1&
0'
b110 )
b00111001000100010111110000010101 .
#911300000000
0!
0"
1#
0%
0&
1'
#911350000000
1!
1"
0#
1%
1&
0'
b101 )
b11110001001100000011110100101010 .
#911400000000
0!
0"
1#
0%
0&
1'
#911450000000
1!
1"
0#
1%
1&
0'
b100 )
b01111000100110000001111010010101 .
#911500000000
0!
0"
1#
0%
0&
1'
#911550000000
1!
1"
0#
1%
1&
0'
b11 )
b11010001111101001000110001101010 .
#911600000000
0!
0"
1#
0%
0&
1'
#911650000000
1!
1"
0#
1%
1&
0'
b10 )
b01101000111110100100011000110101 .
#911700000000
0!
0"
1#
0%
0&
1'
#911750000000
1!
1"
0#
1%
1&
0'
b1 )
b11011001110001011010000000111010 .
#911800000000
0!
0"
1#
0%
0&
1'
#911850000000
1!
1"
0#
1%
1&
0'
b0 )
b01101100111000101101000000011101 .
#911900000000
0!
0"
1#
0%
0&
1'
#911950000000
1!
1"
0#
1%
1&
0'
b111 )
b1110 *
b11011011110010011110101100101110 .
#912000000000
0!
0"
1#
0%
0&
1'
#912050000000
1!
1"
0#
1%
1&
0'
b110 )
b01101101111001001111010110010111 .
#912100000000
0!
0"
1#
0%
0&
1'
#912150000000
1!
1"
0#
1%
1&
0'
b101 )
b11011011010010101111100111101011 .
#912200000000
0!
0"
1#
0%
0&
1'
#912250000000
1!
1"
0#
1%
1&
0'
b100 )
b10000000000111011111111111010101 .
#912300000000
0!
0"
1#
0%
0&
1'
#912350000000
1!
1"
0#
1%
1&
0'
b11 )
b10101101101101100111110011001010 .
#912400000000
0!
0"
1#
0%
0&
1'
#912450000000
1!
1"
0#
1%
1&
0'
b10 )
b01010110110110110011111001100101 .
#912500000000
0!
0"
1#
0%
0&
1'
#912550000000
1!
1"
0#
1%
1&
0'
b1 )
b11000110110101010001110000010010 .
#912600000000
0!
0"
1#
0%
0&
1'
#912650000000
1!
1"
0#
1%
1&
0'
b0 )
b01100011011010101000111000001001 .
#912700000000
0!
0"
1#
0%
0&
1'
#912750000000
1!
1"
0#
1%
1&
0'
b111 )
b1111 *
b11011100000011011100010000100100 .
#912800000000
0!
0"
1#
0%
0&
1'
#912850000000
1!
1"
0#
1%
1&
0'
b110 )
b01101110000001101110001000010010 .
#912900000000
0!
0"
1#
0%
0&
1'
#912950000000
1!
1"
0#
1%
1&
0'
b101 )
b00110111000000110111000100001001 .
#913000000000
0!
0"
1#
0%
0&
1'
#913050000000
1!
1"
0#
1%
1&
0'
b100 )
b11110110001110010011101110100100 .
#913100000000
0!
0"
1#
0%
0&
1'
#913150000000
1!
1"
0#
1%
1&
0'
b11 )
b01111011000111001001110111010010 .
#913200000000
0!
0"
1#
0%
0&
1'
#913250000000
1!
1"
0#
1%
1&
0'
b10 )
b00111101100011100100111011101001 .
#913300000000
0!
0"
1#
0%
0&
1'
#913350000000
1!
1"
0#
1%
1&
0'
b1 )
b11110011011111111010010001010100 .
#913400000000
0!
0"
1#
0%
0&
1'
#913450000000
1!
1"
0#
1%
1&
0'
b0 )
b01111001101111111101001000101010 .
#913500000000
0!
0"
1#
0%
0&
1'
#913550000000
1!
1"
0#
1%
1&
0'
b111 )
b10000 *
b00111100110111111110100100010101 .
#913600000000
0!
0"
1#
0%
0&
1'
#913650000000
1!
1"
0#
1%
1&
0'
b110 )
b11110011110101110111011110101010 .
#913700000000
0!
0"
1#
0%
0&
1'
#913750000000
1!
1"
0#
1%
1&
0'
b101 )
b01111001111010111011101111010101 .
#913800000000
0!
0"
1#
0%
0&
1'
#913850000000
1!
1"
0#
1%
1&
0'
b100 )
b11010001010011010101111011001010 .
#913900000000
0!
0"
1#
0%
0&
1'
#913950000000
1!
1"
0#
1%
1&
0'
b11 )
b01101000101001101010111101100101 .
#914000000000
0!
0"
1#
0%
0&
1'
#914050000000
1!
1"
0#
1%
1&
0'
b10 )
b11011001111010111101010010010010 .
#914100000000
0!
0"
1#
0%
0&
1'
#914150000000
1!
1"
0#
1%
1&
0'
b1 )
b01101100111101011110101001001001 .
#914200000000
0!
0"
1#
0%
0&
1'
#914250000000
1!
1"
0#
1%
1&
0'
b0 )
b11011011110000100111011000000100 .
#914300000000
0!
0"
1#
0%
0&
1'
#914350000000
1!
1"
0#
1%
1&
0'
b111 )
b10001 *
b01101101111000010011101100000010 .
#914400000000
0!
0"
1#
0%
0&
1'
#914450000000
1!
1"
0#
1%
1&
0'
b110 )
b00110110111100001001110110000001 .
#914500000000
0!
0"
1#
0%
0&
1'
#914550000000
1!
1"
0#
1%
1&
0'
b101 )
b11110110110000001100110111100000 .
#914600000000
0!
0"
1#
0%
0&
1'
#914650000000
1!
1"
0#
1%
1&
0'
b100 )
b01111011011000000110011011110000 .
#914700000000
0!
0"
1#
0%
0&
1'
#914750000000
1!
1"
0#
1%
1&
0'
b11 )
b00111101101100000011001101111000 .
#914800000000
0!
0"
1#
0%
0&
1'
#914850000000
1!
1"
0#
1%
1&
0'
b10 )
b00011110110110000001100110111100 .
#914900000000
0!
0"
1#
0%
0&
1'
#914950000000
1!
1"
0#
1%
1&
0'
b1 )
b00001111011011000000110011011110 .
#915000000000
0!
0"
1#
0%
0&
1'
#915050000000
1!
1"
0#
1%
1&
0'
b0 )
b00000111101101100000011001101111 .
#915100000000
0!
0"
1#
0%
0&
1'
#915150000000
1!
1"
0#
1%
1&
0'
b111 )
b10010 *
b11101110011000111000000000010111 .
#915200000000
0!
0"
1#
0%
0&
1'
#915250000000
1!
1"
0#
1%
1&
0'
b110 )
b10011010100010010100001100101011 .
#915300000000
0!
0"
1#
0%
0&
1'
#915350000000
1!
1"
0#
1%
1&
0'
b101 )
b10100000111111000010001010110101 .
#915400000000
0!
0"
1#
0%
0&
1'
#915450000000
1!
1"
0#
1%
1&
0'
b100 )
b10111101110001101001001001111010 .
#915500000000
0!
0"
1#
0%
0&
1'
#915550000000
1!
1"
0#
1%
1&
0'
b11 )
b01011110111000110100100100111101 .
#915600000000
0!
0"
1#
0%
0&
1'
#915650000000
1!
1"
0#
1%
1&
0'
b10 )
b11000010110010010010011110111110 .
#915700000000
0!
0"
1#
0%
0&
1'
#915750000000
1!
1"
0#
1%
1&
0'
b1 )
b01100001011001001001001111011111 .
#915800000000
0!
0"
1#
0%
0&
1'
#915850000000
1!
1"
0#
1%
1&
0'
b0 )
b11011101000010101100101011001111 .
#915900000000
0!
0"
1#
0%
0&
1'
#915950000000
1!
1"
0#
1%
1&
0'
b111 )
b10011 *
b10000011001111011110011001000111 .
#916000000000
0!
0"
1#
0%
0&
1'
#916050000000
1!
1"
0#
1%
1&
0'
b110 )
b10101100001001100111000000000011 .
#916100000000
0!
0"
1#
0%
0&
1'
#916150000000
1!
1"
0#
1%
1&
0'
b101 )
b10111011101010111011101100100001 .
#916200000000
0!
0"
1#
0%
0&
1'
#916250000000
1!
1"
0#
1%
1&
0'
b100 )
b10110000011011010101111010110000 .
#916300000000
0!
0"
1#
0%
0&
1'
#916350000000
1!
1"
0#
1%
1&
0'
b11 )
b01011000001101101010111101011000 .
#916400000000
0!
0"
1#
0%
0&
1'
#916450000000
1!
1"
0#
1%
1&
0'
b10 )
b00101100000110110101011110101100 .
#916500000000
0!
0"
1#
0%
0&
1'
#916550000000
1!
1"
0#
1%
1&
0'
b1 )
b00010110000011011010101111010110 .
#916600000000
0!
0"
1#
0%
0&
1'
#916650000000
1!
1"
0#
1%
1&
0'
b0 )
b00001011000001101101010111101011 .
#916700000000
0!
0"
1#
0%
0&
1'
#916750000000
1!
1"
0#
1%
1&
0'
b111 )
b10100 *
b11101000001110111110100111010101 .
#916800000000
0!
0"
1#
0%
0&
1'
#916850000000
1!
1"
0#
1%
1&
0'
b110 )
b10011001101001010111011111001010 .
#916900000000
0!
0"
1#
0%
0&
1'
#916950000000
1!
1"
0#
1%
1&
0'
b101 )
b01001100110100101011101111100101 .
#917000000000
0!
0"
1#
0%
0&
1'
#917050000000
1!
1"
0#
1%
1&
0'
b100 )
b11001011110100011101111011010010 .
#917100000000
0!
0"
1#
0%
0&
1'
#917150000000
1!
1"
0#
1%
1&
0'
b11 )
b01100101111010001110111101101001 .
#917200000000
0!
0"
1#
0%
0&
1'
#917250000000
1!
1"
0#
1%
1&
0'
b10 )
b11011111010011001111010010010100 .
#917300000000
0!
0"
1#
0%
0&
1'
#917350000000
1!
1"
0#
1%
1&
0'
b1 )
b01101111101001100111101001001010 .
#917400000000
0!
0"
1#
0%
0&
1'
#917450000000
1!
1"
0#
1%
1&
0'
b0 )
b00110111110100110011110100100101 .
#917500000000
0!
0"
1#
0%
0&
1'
#917550000000
1!
1"
0#
1%
1&
0'
b111 )
b10101 *
b11110110010100010001110110110010 .
#917600000000
0!
0"
1#
0%
0&
1'
#917650000000
1!
1"
0#
1%
1&
0'
b110 )
b01111011001010001000111011011001 .
#917700000000
0!
0"
1#
0%
0&
1'
#917750000000
1!
1"
0#
1%
1&
0'
b101 )
b11010000001011001100010001001100 .
#917800000000
0!
0"
1#
0%
0&
1'
#917850000000
1!
1"
0#
1%
1&
0'
b100 )
b01101000000101100110001000100110 .
#917900000000
0!
0"
1#
0%
0&
1'
#917950000000
1!
1"
0#
1%
1&
0'
b11 )
b00110100000010110011000100010011 .
#918000000000
0!
0"
1#
0%
0&
1'
#918050000000
1!
1"
0#
1%
1&
0'
b10 )
b11110111101111010001101110101001 .
#918100000000
0!
0"
1#
0%
0&
1'
#918150000000
1!
1"
0#
1%
1&
0'
b1 )
b10010110011001100000111011110100 .
#918200000000
0!
0"
1#
0%
0&
1'
#918250000000
1!
1"
0#
1%
1&
0'
b0 )
b01001011001100110000011101111010 .
#918300000000
0!
0"
1#
0%
0&
1'
#918350000000
1!
1"
0#
1%
1&
0'
b111 )
b10110 *
b00100101100110011000001110111101 .
#918400000000
0!
0"
1#
0%
0&
1'
#918450000000
1!
1"
0#
1%
1&
0'
b110 )
b11111111011101000100001011111110 .
#918500000000
0!
0"
1#
0%
0&
1'
#918550000000
1!
1"
0#
1%
1&
0'
b101 )
b01111111101110100010000101111111 .
#918600000000
0!
0"
1#
0%
0&
1'
#918650000000
1!
1"
0#
1%
1&
0'
b100 )
b11010010011001011001001110011111 .
#918700000000
0!
0"
1#
0%
0&
1'
#918750000000
1!
1"
0#
1%
1&
0'
b11 )
b10000100100010100100101011101111 .
#918800000000
0!
0"
1#
0%
0&
1'
#918850000000
1!
1"
0#
1%
1&
0'
b10 )
b10101111111111011010011001010111 .
#918900000000
0!
0"
1#
0%
0&
1'
#918950000000
1!
1"
0#
1%
1&
0'
b1 )
b10111010010001100101000000001011 .
#919000000000
0!
0"
1#
0%
0&
1'
#919050000000
1!
1"
0#
1%
1&
0'
b0 )
b10110000100110111010101100100101 .
#919100000000
0!
0"
1#
0%
0&
1'
#919150000000
1!
1"
0#
1%
1&
0'
b111 )
b10111 *
b10110101111101010101011010110010 .
#919200000000
0!
0"
1#
0%
0&
1'
#919250000000
1!
1"
0#
1%
1&
0'
b110 )
b01011010111110101010101101011001 .
#919300000000
0!
0"
1#
0%
0&
1'
#919350000000
1!
1"
0#
1%
1&
0'
b101 )
b11000000110001011101011010001100 .
#919400000000
0!
0"
1#
0%
0&
1'
#919450000000
1!
1"
0#
1%
1&
0'
b100 )
b01100000011000101110101101000110 .
#919500000000
0!
0"
1#
0%
0&
1'
#919550000000
1!
1"
0#
1%
1&
0'
b11 )
b00110000001100010111010110100011 .
#919600000000
0!
0"
1#
0%
0&
1'
#919650000000
1!
1"
0#
1%
1&
0'
b10 )
b11110101101000000011100111110001 .
#919700000000
0!
0"
1#
0%
0&
1'
#919750000000
1!
1"
0#
1%
1&
0'
b1 )
b10010111011010001001111111011000 .
#919800000000
0!
0"
1#
0%
0&
1'
#919850000000
1!
1"
0#
1%
1&
0'
b0 )
b01001011101101000100111111101100 .
#919900000000
0!
0"
1#
0%
0&
1'
#919950000000
1!
1"
0#
1%
1&
0'
b111 )
b11000 *
b00100101110110100010011111110110 .
#920000000000
0!
0"
1#
0%
0&
1'
#920050000000
1!
1"
0#
1%
1&
0'
b110 )
b00010010111011010001001111111011 .
#920100000000
0!
0"
1#
0%
0&
1'
#920150000000
1!
1"
0#
1%
1&
0'
b101 )
b11100100110011100000101011011101 .
#920200000000
0!
0"
1#
0%
0&
1'
#920250000000
1!
1"
0#
1%
1&
0'
b100 )
b10011111110111111000011001001110 .
#920300000000
0!
0"
1#
0%
0&
1'
#920350000000
1!
1"
0#
1%
1&
0'
b11 )
b01001111111011111100001100100111 .
#920400000000
0!
0"
1#
0%
0&
1'
#920450000000
1!
1"
0#
1%
1&
0'
b10 )
b11001010010011110110001010110011 .
#920500000000
0!
0"
1#
0%
0&
1'
#920550000000
1!
1"
0#
1%
1&
0'
b1 )
b10001000100111110011001001111001 .
#920600000000
0!
0"
1#
0%
0&
1'
#920650000000
1!
1"
0#
1%
1&
0'
b0 )
b10101001111101110001101000011100 .
#920700000000
0!
0"
1#
0%
0&
1'
#920750000000
1!
1"
0#
1%
1&
0'
b111 )
b11001 *
b01010100111110111000110100001110 .
#920800000000
0!
0"
1#
0%
0&
1'
#920850000000
1!
1"
0#
1%
1&
0'
b110 )
b00101010011111011100011010000111 .
#920900000000
0!
0"
1#
0%
0&
1'
#920950000000
1!
1"
0#
1%
1&
0'
b101 )
b11111000100001100110000001100011 .
#921000000000
0!
0"
1#
0%
0&
1'
#921050000000
1!
1"
0#
1%
1&
0'
b100 )
b10010001111110111011001100010001 .
#921100000000
0!
0"
1#
0%
0&
1'
#921150000000
1!
1"
0#
1%
1&
0'
b11 )
b10100101010001010101101010101000 .
#921200000000
0!
0"
1#
0%
0&
1'
#921250000000
1!
1"
0#
1%
1&
0'
b10 )
b01010010101000101010110101010100 .
#921300000000
0!
0"
1#
0%
0&
1'
#921350000000
1!
1"
0#
1%
1&
0'
b1 )
b00101001010100010101011010101010 .
#921400000000
0!
0"
1#
0%
0&
1'
#921450000000
1!
1"
0#
1%
1&
0'
b0 )
b00010100101010001010101101010101 .
#921500000000
0!
0"
1#
0%
0&
1'
#921550000000
1!
1"
0#
1%
1&
0'
b111 )
b11010 *
b11100111111011001101011010001010 .
#921600000000
0!
0"
1#
0%
0&
1'
#921650000000
1!
1"
0#
1%
1&
0'
b110 )
b01110011111101100110101101000101 .
#921700000000
0!
0"
1#
0%
0&
1'
#921750000000
1!
1"
0#
1%
1&
0'
b101 )
b11010100010000111011011010000010 .
#921800000000
0!
0"
1#
0%
0&
1'
#921850000000
1!
1"
0#
1%
1&
0'
b100 )
b01101010001000011101101101000001 .
#921900000000
0!
0"
1#
0%
0&
1'
#921950000000
1!
1"
0#
1%
1&
0'
b11 )
b11011000101010000110111010000000 .
#922000000000
0!
0"
1#
0%
0&
1'
#922050000000
1!
1"
0#
1%
1&
0'
b10 )
b01101100010101000011011101000000 .
#922100000000
0!
0"
1#
0%
0&
1'
#922150000000
1!
1"
0#
1%
1&
0'
b1 )
b00110110001010100001101110100000 .
#922200000000
0!
0"
1#
0%
0&
1'
#922250000000
1!
1"
0#
1%
1&
0'
b0 )
b00011011000101010000110111010000 .
#922300000000
0!
0"
1#
0%
0&
1'
#922350000000
1!
1"
0#
1%
1&
0'
b111 )
b11011 *
b00001101100010101000011011101000 .
#922400000000
0!
0"
1#
0%
0&
1'
#922450000000
1!
1"
0#
1%
1&
0'
b110 )
b00000110110001010100001101110100 .
#922500000000
0!
0"
1#
0%
0&
1'
#922550000000
1!
1"
0#
1%
1&
0'
b101 )
b00000011011000101010000110111010 .
#922600000000
0!
0"
1#
0%
0&
1'
#922650000000
1!
1"
0#
1%
1&
0'
b100 )
b00000001101100010101000011011101 .
#922700000000
0!
0"
1#
0%
0&
1'
#922750000000
1!
1"
0#
1%
1&
0'
b11 )
b11101101011000000010101101001110 .
#922800000000
0!
0"
1#
0%
0&
1'
#922850000000
1!
1"
0#
1%
1&
0'
b10 )
b01110110101100000001010110100111 .
#922900000000
0!
0"
1#
0%
0&
1'
#922950000000
1!
1"
0#
1%
1&
0'
b1 )
b11010110111000001000100111110011 .
#923000000000
0!
0"
1#
0%
0&
1'
#923050000000
1!
1"
0#
1%
1&
0'
b0 )
b10000110110010001100011111011001 .
#923100000000
0!
0"
1#
0%
0&
1'
#923150000000
1!
1"
0#
1%
1&
0'
b111 )
b11100 *
b10101110110111001110000011001100 .
#923200000000
0!
0"
1#
0%
0&
1'
#923250000000
1!
1"
0#
1%
1&
0'
b110 )
b01010111011011100111000001100110 .
#923300000000
0!
0"
1#
0%
0&
1'
#923350000000
1!
1"
0#
1%
1&
0'
b101 )
b00101011101101110011100000110011 .
#923400000000
0!
0"
1#
0%
0&
1'
#923450000000
1!
1"
0#
1%
1&
0'
b100 )
b11111000011000110001111100111001 .
#923500000000
0!
0"
1#
0%
0&
1'
#923550000000
1!
1"
0#
1%
1&
0'
b11 )
b10010001100010010000110010111100 .
#923600000000
0!
0"
1#
0%
0&
1'
#923650000000
1!
1"
0#
1%
1&
0'
b10 )
b01001000110001001000011001011110 .
#923700000000
0!
0"
1#
0%
0&
1'
#923750000000
1!
1"
0#
1%
1&
0'
b1 )
b00100100011000100100001100101111 .
#923800000000
0!
0"
1#
0%
0&
1'
#923850000000
1!
1"
0#
1%
1&
0'
b0 )
b11111111100010011010001010110111 .
#923900000000
0!
0"
1#
0%
0&
1'
#923950000000
1!
1"
0#
1%
1&
0'
b111 )
b11101 *
b10010010011111000101001001111011 .
#924000000000
0!
0"
1#
0%
0&
1'
#924050000000
1!
1"
0#
1%
1&
0'
b110 )
b10100100100001101010101000011101 .
#924100000000
0!
0"
1#
0%
0&
1'
#924150000000
1!
1"
0#
1%
1&
0'
b101 )
b10111111111110111101011000101110 .
#924200000000
0!
0"
1#
0%
0&
1'
#924250000000
1!
1"
0#
1%
1&
0'
b100 )
b01011111111111011110101100010111 .
#924300000000
0!
0"
1#
0%
0&
1'
#924350000000
1!
1"
0#
1%
1&
0'
b11 )
b11000010010001100111011010101011 .
#924400000000
0!
0"
1#
0%
0&
1'
#924450000000
1!
1"
0#
1%
1&
0'
b10 )
b10001100100110111011100001110101 .
#924500000000
0!
0"
1#
0%
0&
1'
#924550000000
1!
1"
0#
1%
1&
0'
b1 )
b10101011111101010101111100011010 .
#924600000000
0!
0"
1#
0%
0&
1'
#924650000000
1!
1"
0#
1%
1&
0'
b0 )
b01010101111110101010111110001101 .
#924700000000
0!
0"
1#
0%
0&
1'
#924750000000
1!
1"
0#
1%
1&
0'
b111 )
b11110 *
b11000111010001011101010011100110 .
#924800000000
0!
0"
1#
0%
0&
1'
#924850000000
1!
1"
0#
1%
1&
0'
b110 )
b01100011101000101110101001110011 .
#924900000000
0!
0"
1#
0%
0&
1'
#924950000000
1!
1"
0#
1%
1&
0'
b101 )
b11011100011010011111011000011001 .
#925000000000
0!
0"
1#
0%
0&
1'
#925050000000
1!
1"
0#
1%
1&
0'
b100 )
b10000011100011000111100000101100 .
#925100000000
0!
0"
1#
0%
0&
1'
#925150000000
1!
1"
0#
1%
1&
0'
b11 )
b01000001110001100011110000010110 .
#925200000000
0!
0"
1#
0%
0&
1'
#925250000000
1!
1"
0#
1%
1&
0'
b10 )
b00100000111000110001111000001011 .
#925300000000
0!
0"
1#
0%
0&
1'
#925350000000
1!
1"
0#
1%
1&
0'
b1 )
b11111101110010010000110000100101 .
#925400000000
0!
0"
1#
0%
0&
1'
#925450000000
1!
1"
0#
1%
1&
0'
b0 )
b10010011010111000000010100110010 .
#925500000000
0!
0"
1#
0%
0&
1'
#925550000000
1!
1"
0#
1%
1&
0'
b111 )
b11111 *
b01001001101011100000001010011001 .
#925600000000
0!
0"
1#
0%
0&
1'
#925650000000
1!
1"
0#
1%
1&
0'
b110 )
b11001001011011111000001001101100 .
#925700000000
0!
0"
1#
0%
0&
1'
#925750000000
1!
1"
0#
1%
1&
0'
b101 )
b01100100101101111100000100110110 .
#925800000000
0!
0"
1#
0%
0&
1'
#925850000000
1!
1"
0#
1%
1&
0'
b100 )
b00110010010110111110000010011011 .
#925900000000
0!
0"
1#
0%
0&
1'
#925950000000
1!
1"
0#
1%
1&
0'
b11 )
b11110100100101010111001101101101 .
#926000000000
0!
0"
1#
0%
0&
1'
#926050000000
1!
1"
0#
1%
1&
0'
b10 )
b10010111111100100011101010010110 .
#926100000000
0!
0"
1#
0%
0&
1'
#926150000000
1!
1"
0#
1%
1&
0'
b1 )
b01001011111110010001110101001011 .
#926200000000
0!
0"
1#
0%
0&
1'
#926250000000
1!
1"
0#
1%
1&
0'
b0 )
b11001000010001000000110110000101 .
#926300000000
0!
0"
1#
0%
0&
1'
#926350000000
1!
1"
0#
1%
1&
0'
b111 )
b100000 *
b10001001100110101000010111100010 .
#926400000000
0!
0"
1#
0%
0&
1'
#926450000000
1!
1"
0#
1%
1&
0'
b110 )
b01000100110011010100001011110001 .
#926500000000
0!
0"
1#
0%
0&
1'
#926550000000
1!
1"
0#
1%
1&
0'
b101 )
b11001111110111100010001001011000 .
#926600000000
0!
0"
1#
0%
0&
1'
#926650000000
1!
1"
0#
1%
1&
0'
b100 )
b01100111111011110001000100101100 .
#926700000000
0!
0"
1#
0%
0&
1'
#926750000000
1!
1"
0#
1%
1&
0'
b11 )
b00110011111101111000100010010110 .
#926800000000
0!
0"
1#
0%
0&
1'
#926850000000
1!
1"
0#
1%
1&
0'
b10 )
b00011001111110111100010001001011 .
#926900000000
0!
0"
1#
0%
0&
1'
#926950000000
1!
1"
0#
1%
1&
0'
b1 )
b11100001010001010110000100000101 .
#927000000000
0!
0"
1#
0%
0&
1'
#927050000000
1!
1"
0#
1%
1&
0'
b0 )
b10011101000110100011001110100010 .
#927100000000
0!
0"
1#
0%
0&
1'
#927150000000
1!
1"
0#
1%
1&
0'
b111 )
b100001 *
b01001110100011010001100111010001 .
#927200000000
0!
0"
1#
0%
0&
1'
#927250000000
1!
1"
0#
1%
1&
0'
b110 )
b11001010111111100000111111001000 .
#927300000000
0!
0"
1#
0%
0&
1'
#927350000000
1!
1"
0#
1%
1&
0'
b101 )
b01100101011111110000011111100100 .
#927400000000
0!
0"
1#
0%
0&
1'
#927450000000
1!
1"
0#
1%
1&
0'
b100 )
b00110010101111111000001111110010 .
#927500000000
0!
0"
1#
0%
0&
1'
#927550000000
1!
1"
0#
1%
1&
0'
b11 )
b00011001010111111100000111111001 .
#927600000000
0!
0"
1#
0%
0&
1'
#927650000000
1!
1"
0#
1%
1&
0'
b10 )
b11100001000101110110001111011100 .
#927700000000
0!
0"
1#
0%
0&
1'
#927750000000
1!
1"
0#
1%
1&
0'
b1 )
b01110000100010111011000111101110 .
#927800000000
0!
0"
1#
0%
0&
1'
#927850000000
1!
1"
0#
1%
1&
0'
b0 )
b00111000010001011101100011110111 .
#927900000000
0!
0"
1#
0%
0&
1'
#927950000000
1!
1"
0#
1%
1&
0'
b111 )
b100010 *
b11110001100110100110111101011011 .
#928000000000
0!
0"
1#
0%
0&
1'
#928050000000
1!
1"
0#
1%
1&
0'
b110 )
b10010101011101011011010010001101 .
#928100000000
0!
0"
1#
0%
0&
1'
#928150000000
1!
1"
0#
1%
1&
0'
b101 )
b10100111000000100101100101100110 .
#928200000000
0!
0"
1#
0%
0&
1'
#928250000000
1!
1"
0#
1%
1&
0'
b100 )
b01010011100000010010110010110011 .
#928300000000
0!
0"
1#
0%
0&
1'
#928350000000
1!
1"
0#
1%
1&
0'
b11 )
b11000100011110000001010101111001 .
#928400000000
0!
0"
1#
0%
0&
1'
#928450000000
1!
1"
0#
1%
1&
0'
b10 )
b10001111100001001000100110011100 .
#928500000000
0!
0"
1#
0%
0&
1'
#928550000000
1!
1"
0#
1%
1&
0'
b1 )
b01000111110000100100010011001110 .
#928600000000
0!
0"
1#
0%
0&
1'
#928650000000
1!
1"
0#
1%
1&
0'
b0 )
b00100011111000010010001001100111 .
#928700000000
0!
0"
1#
0%
0&
1'
#928750000000
1!
1"
0#
1%
1&
0'
b111 )
b100011 *
b11111100010010000001001000010011 .
#928800000000
0!
0"
1#
0%
0&
1'
#928850000000
1!
1"
0#
1%
1&
0'
b110 )
b10010011100111001000101000101001 .
#928900000000
0!
0"
1#
0%
0&
1'
#928950000000
1!
1"
0#
1%
1&
0'
b101 )
b10100100011101101100011000110100 .
#929000000000
0!
0"
1#
0%
0&
1'
#929050000000
1!
1"
0#
1%
1&
0'
b100 )
b01010010001110110110001100011010 .
#929100000000
0!
0"
1#
0%
0&
1'
#929150000000
1!
1"
0#
1%
1&
0'
b11 )
b00101001000111011011000110001101 .
#929200000000
0!
0"
1#
0%
0&
1'
#929250000000
1!
1"
0#
1%
1&
0'
b10 )
b11111001001101100101101111100110 .
#929300000000
0!
0"
1#
0%
0&
1'
#929350000000
1!
1"
0#
1%
1&
0'
b1 )
b01111100100110110010110111110011 .
#929400000000
0!
0"
1#
0%
0&
1'
#929450000000
1!
1"
0#
1%
1&
0'
b0 )
b11010011111101010001010111011001 .
#929500000000
0!
0"
1#
0%
0&
1'
#929550000000
1!
1"
0#
1%
1&
0'
b111 )
b100100 *
b10000100010000100000100111001100 .
#929600000000
0!
0"
1#
0%
0&
1'
#929650000000
1!
1"
0#
1%
1&
0'
b110 )
b01000010001000010000010011100110 .
#929700000000
0!
0"
1#
0%
0&
1'
#929750000000
1!
1"
0#
1%
1&
0'
b101 )
b00100001000100001000001001110011 .
#929800000000
0!
0"
1#
0%
0&
1'
#929850000000
1!
1"
0#
1%
1&
0'
b100 )
b11111101001100001100001000011001 .
#929900000000
0!
0"
1#
0%
0&
1'
#929950000000
1!
1"
0#
1%
1&
0'
b11 )
b10010011001000001110001000101100 .
#930000000000
0!
0"
1#
0%
0&
1'
#930050000000
1!
1"
0#
1%
1&
0'
b10 )
b01001001100100000111000100010110 .
#930100000000
0!
0"
1#
0%
0&
1'
#930150000000
1!
1"
0#
1%
1&
0'
b1 )
b00100100110010000011100010001011 .
#930200000000
0!
0"
1#
0%
0&
1'
#930250000000
1!
1"
0#
1%
1&
0'
b0 )
b11111111110111001001111101100101 .
#930300000000
0!
0"
1#
0%
0&
1'
#930350000000
1!
1"
0#
1%
1&
0'
b111 )
b100101 *
b10010010010101101100110010010010 .
#930400000000
0!
0"
1#
0%
0&
1'
#930450000000
1!
1"
0#
1%
1&
0'
b110 )
b01001001001010110110011001001001 .
#930500000000
0!
0"
1#
0%
0&
1'
#930550000000
1!
1"
0#
1%
1&
0'
b101 )
b11001001001011010011000000000100 .
#930600000000
0!
0"
1#
0%
0&
1'
#930650000000
1!
1"
0#
1%
1&
0'
b100 )
b01100100100101101001100000000010 .
#930700000000
0!
0"
1#
0%
0&
1'
#930750000000
1!
1"
0#
1%
1&
0'
b11 )
b00110010010010110100110000000001 .
#930800000000
0!
0"
1#
0%
0&
1'
#930850000000
1!
1"
0#
1%
1&
0'
b10 )
b11110100100111010010010100100000 .
#930900000000
0!
0"
1#
0%
0&
1'
#930950000000
1!
1"
0#
1%
1&
0'
b1 )
b01111010010011101001001010010000 .
#931000000000
0!
0"
1#
0%
0&
1'
#931050000000
1!
1"
0#
1%
1&
0'
b0 )
b00111101001001110100100101001000 .
#931100000000
0!
0"
1#
0%
0&
1'
#931150000000
1!
1"
0#
1%
1&
0'
b111 )
b100110 *
b00011110100100111010010010100100 .
#931200000000
0!
0"
1#
0%
0&
1'
#931250000000
1!
1"
0#
1%
1&
0'
b110 )
b00001111010010011101001001010010 .
#931300000000
0!
0"
1#
0%
0&
1'
#931350000000
1!
1"
0#
1%
1&
0'
b101 )
b00000111101001001110100100101001 .
#931400000000
0!
0"
1#
0%
0&
1'
#931450000000
1!
1"
0#
1%
1&
0'
b100 )
b11101110011010101111011110110100 .
#931500000000
0!
0"
1#
0%
0&
1'
#931550000000
1!
1"
0#
1%
1&
0'
b11 )
b01110111001101010111101111011010 .
#931600000000
0!
0"
1#
0%
0&
1'
#931650000000
1!
1"
0#
1%
1&
0'
b10 )
b00111011100110101011110111101101 .
#931700000000
0!
0"
1#
0%
0&
1'
#931750000000
1!
1"
0#
1%
1&
0'
b1 )
b11110000011101011101110111010110 .
#931800000000
0!
0"
1#
0%
0&
1'
#931850000000
1!
1"
0#
1%
1&
0'
b0 )
b01111000001110101110111011101011 .
#931900000000
0!
0"
1#
0%
0&
1'
#931950000000
1!
1"
0#
1%
1&
0'
b111 )
b100111 *
b11010001101001011111010001010101 .
#932000000000
0!
0"
1#
0%
0&
1'
#932050000000
1!
1"
0#
1%
1&
0'
b110 )
b10000101011010100111100100001010 .
#932100000000
0!
0"
1#
0%
0&
1'
#932150000000
1!
1"
0#
1%
1&
0'
b101 )
b01000010101101010011110010000101 .
#932200000000
0!
0"
1#
0%
0&
1'
#932250000000
1!
1"
0#
1%
1&
0'
b100 )
b11001100111000100001110101100010 .
#932300000000
0!
0"
1#
0%
0&
1'
#932350000000
1!
1"
0#
1%
1&
0'
b11 )
b01100110011100010000111010110001 .
#932400000000
0!
0"
1#
0%
0&
1'
#932450000000
1!
1"
0#
1%
1&
0'
b10 )
b11011110100000000000010001111000 .
#932500000000
0!
0"
1#
0%
0&
1'
#932550000000
1!
1"
0#
1%
1&
0'
b1 )
b01101111010000000000001000111100 .
#932600000000
0!
0"
1#
0%
0&
1'
#932650000000
1!
1"
0#
1%
1&
0'
b0 )
b00110111101000000000000100011110 .
#932700000000
0!
0"
1#
0%
0&
1'
#932750000000
1!
1"
0#
1%
1&
0'
b111 )
b101000 *
b00011011110100000000000010001111 .
#932800000000
0!
0"
1#
0%
0&
1'
#932850000000
1!
1"
0#
1%
1&
0'
b110 )
b11100000010100001000001101100111 .
#932900000000
0!
0"
1#
0%
0&
1'
#932950000000
1!
1"
0#
1%
1&
0'
b101 )
b10011101100100001100001010010011 .
#933000000000
0!
0"
1#
0%
0&
1'
#933050000000
1!
1"
0#
1%
1&
0'
b100 )
b10100011011100001110001001101001 .
#933100000000
0!
0"
1#
0%
0&
1'
#933150000000
1!
1"
0#
1%
1&
0'
b11 )
b10111100000000001111001000010100 .
#933200000000
0!
0"
1#
0%
0&
1'
#933250000000
1!
1"
0#
1%
1&
0'
b10 )
b01011110000000000111100100001010 .
#933300000000
0!
0"
1#
0%
0&
1'
#933350000000
1!
1"
0#
1%
1&
0'
b1 )
b00101111000000000011110010000101 .
#933400000000
0!
0"
1#
0%
0&
1'
#933450000000
1!
1"
0#
1%
1&
0'
b0 )
b11111010001110001001110101100010 .
#933500000000
0!
0"
1#
0%
0&
1'
#933550000000
1!
1"
0#
1%
1&
0'
b111 )
b101001 *
b01111101000111000100111010110001 .
#933600000000
0!
0"
1#
0%
0&
1'
#933650000000
1!
1"
0#
1%
1&
0'
b110 )
b11010011001101101010010001111000 .
#933700000000
0!
0"
1#
0%
0&
1'
#933750000000
1!
1"
0#
1%
1&
0'
b101 )
b01101001100110110101001000111100 .
#933800000000
0!
0"
1#
0%
0&
1'
#933850000000
1!
1"
0#
1%
1&
0'
b100 )
b00110100110011011010100100011110 .
#933900000000
0!
0"
1#
0%
0&
1'
#933950000000
1!
1"
0#
1%
1&
0'
b11 )
b00011010011001101101010010001111 .
#934000000000
0!
0"
1#
0%
0&
1'
#934050000000
1!
1"
0#
1%
1&
0'
b10 )
b11100000100010111110100101100111 .
#934100000000
0!
0"
1#
0%
0&
1'
#934150000000
1!
1"
0#
1%
1&
0'
b1 )
b10011101111111010111011110010011 .
#934200000000
0!
0"
1#
0%
0&
1'
#934250000000
1!
1"
0#
1%
1&
0'
b0 )
b10100011010001100011100011101001 .
#934300000000
0!
0"
1#
0%
0&
1'
#934350000000
1!
1"
0#
1%
1&
0'
b111 )
b101010 *
b10111100000110111001111101010100 .
#934400000000
0!
0"
1#
0%
0&
1'
#934450000000
1!
1"
0#
1%
1&
0'
b110 )
b01011110000011011100111110101010 .
#934500000000
0!
0"
1#
0%
0&
1'
#934550000000
1!
1"
0#
1%
1&
0'
b101 )
b00101111000001101110011111010101 .
#934600000000
0!
0"
1#
0%
0&
1'
#934650000000
1!
1"
0#
1%
1&
0'
b100 )
b11111010001110111111000011001010 .
#934700000000
0!
0"
1#
0%
0&
1'
#934750000000
1!
1"
0#
1%
1&
0'
b11 )
b01111101000111011111100001100101 .
#934800000000
0!
0"
1#
0%
0&
1'
#934850000000
1!
1"
0#
1%
1&
0'
b10 )
b11010011001101100111111100010010 .
#934900000000
0!
0"
1#
0%
0&
1'
#934950000000
1!
1"
0#
1%
1&
0'
b1 )
b01101001100110110011111110001001 .
#935000000000
0!
0"
1#
0%
0&
1'
#935050000000
1!
1"
0#
1%
1&
0'
b0 )
b11011001011101010001110011100100 .
#935100000000
0!
0"
1#
0%
0&
1'
#935150000000
1!
1"
0#
1%
1&
0'
b111 )
b101011 *
b01101100101110101000111001110010 .
#935200000000
0!
0"
1#
0%
0&
1'
#935250000000
1!
1"
0#
1%
1&
0'
b110 )
b00110110010111010100011100111001 .
#935300000000
0!
0"
1#
0%
0&
1'
#935350000000
1!
1"
0#
1%
1&
0'
b101 )
b11110110100101100010000010111100 .
#935400000000
0!
0"
1#
0%
0&
1'
#935450000000
1!
1"
0#
1%
1&
0'
b100 )
b01111011010010110001000001011110 .
#935500000000
0!
0"
1#
0%
0&
1'
#935550000000
1!
1"
0#
1%
1&
0'
b11 )
b00111101101001011000100000101111 .
#935600000000
0!
0"
1#
0%
0&
1'
#935650000000
1!
1"
0#
1%
1&
0'
b10 )
b11110011011010100100011100110111 .
#935700000000
0!
0"
1#
0%
0&
1'
#935750000000
1!
1"
0#
1%
1&
0'
b1 )
b10010100000011011010000010111011 .
#935800000000
0!
0"
1#
0%
0&
1'
#935850000000
1!
1"
0#
1%
1&
0'
b0 )
b10100111101111100101001101111101 .
#935900000000
0!
0"
1#
0%
0&
1'
#935950000000
1!
1"
0#
1%
1&
0'
b111 )
b101100 *
b10111110011001111010101010011110 .
#936000000000
0!
0"
1#
0%
0&
1'
#936050000000
1!
1"
0#
1%
1&
0'
b110 )
b01011111001100111101010101001111 .
#936100000000
0!
0"
1#
0%
0&
1'
#936150000000
1!
1"
0#
1%
1&
0'
b101 )
b11000010001000010110100110000111 .
#936200000000
0!
0"
1#
0%
0&
1'
#936250000000
1!
1"
0#
1%
1&
0'
b100 )
b10001100101010000011011111100011 .
#936300000000
0!
0"
1#
0%
0&
1'
#936350000000
1!
1"
0#
1%
1&
0'
b11 )
b10101011111011001001100011010001 .
#936400000000
0!
0"
1#
0%
0&
1'
#936450000000
1!
1"
0#
1%
1&
0'
b10 )
b10111000010011101100111101001000 .
#936500000000
0!
0"
1#
0%
0&
1'
#936550000000
1!
1"
0#
1%
1&
0'
b1 )
b01011100001001110110011110100100 .
#936600000000
0!
0"
1#
0%
0&
1'
#936650000000
1!
1"
0#
1%
1&
0'
b0 )
b00101110000100111011001111010010 .
#936700000000
0!
0"
1#
0%
0&
1'
#936750000000
1!
1"
0#
1%
1&
0'
b111 )
b101101 *
b00010111000010011101100111101001 .
#936800000000
0!
0"
1#
0%
0&
1'
#936850000000
1!
1"
0#
1%
1&
0'
b110 )
b11100110001111000110111111010100 .
#936900000000
0!
0"
1#
0%
0&
1'
#936950000000
1!
1"
0#
1%
1&
0'
b101 )
b01110011000111100011011111101010 .
#937000000000
0!
0"
1#
0%
0&
1'
#937050000000
1!
1"
0#
1%
1&
0'
b100 )
b00111001100011110001101111110101 .
#937100000000
0!
0"
1#
0%
0&
1'
#937150000000
1!
1"
0#
1%
1&
0'
b11 )
b11110001011111110000111011011010 .
#937200000000
0!
0"
1#
0%
0&
1'
#937250000000
1!
1"
0#
1%
1&
0'
b10 )
b01111000101111111000011101101101 .
#937300000000
0!
0"
1#
0%
0&
1'
#937350000000
1!
1"
0#
1%
1&
0'
b1 )
b11010001111001110100000010010110 .
#937400000000
0!
0"
1#
0%
0&
1'
#937450000000
1!
1"
0#
1%
1&
0'
b0 )
b01101000111100111010000001001011 .
#937500000000
0!
0"
1#
0%
0&
1'
#937550000000
1!
1"
0#
1%
1&
0'
b111 )
b0 *
b11011001110000010101001100000101 .
#937600000000
0!
0"
1#
0%
0&
1'
#937650000000
1!
1"
0#
1%
1&
0'
b1 ,
#937700000000
0!
0"
1#
0%
0&
1'
#937750000000
1!
1"
0#
1%
1&
0'
b10 ,
1-
#937800000000
0!
0"
0%
0&
#937850000000
1!
1"
1#
1%
1&
1'
b11 ,
0-
#937900000000
0!
0"
0%
0&
#937950000000
1!
1"
0#
1%
1&
0'
b100 ,
1-
#938000000000
0!
0"
0%
0&
#938050000000
1!
1"
1#
1%
1&
1'
b101 ,
#938100000000
0!
0"
0#
0%
0&
0'
#938150000000
1!
1"
1#
1%
1&
1'
b110 ,
#938200000000
0!
0"
0#
0%
0&
0'
#938250000000
1!
1"
1#
1%
1&
1'
b111 ,
#938300000000
0!
0"
0#
0%
0&
0'
#938350000000
1!
1"
1#
1%
1&
1'
b1000 ,
#938400000000
0!
0"
0#
0%
0&
0'
#938450000000
1!
1"
1#
1%
1&
1'
b1001 ,
0-
#938500000000
0!
0"
0%
0&
#938550000000
1!
1"
0#
1%
1&
0'
b1010 ,
#938600000000
0!
0"
1#
0%
0&
1'
#938650000000
1!
1"
0#
1%
1&
0'
b1011 ,
1-
#938700000000
0!
0"
0%
0&
#938750000000
1!
1"
1#
1%
1&
1'
b1100 ,
#938800000000
0!
0"
0#
0%
0&
0'
#938850000000
1!
1"
1#
1%
1&
1'
b1101 ,
0-
#938900000000
0!
0"
0%
0&
#938950000000
1!
1"
0#
1%
1&
0'
b1110 ,
1-
#939000000000
0!
0"
0%
0&
#939050000000
1!
1"
1#
1%
1&
1'
b1111 ,
0-
#939100000000
0!
0"
0%
0&
#939150000000
1!
1"
0#
1%
1&
0'
b10000 ,
1-
#939200000000
0!
0"
0%
0&
#939250000000
1!
1"
1#
1%
1&
1'
b10001 ,
0-
#939300000000
0!
0"
0%
0&
#939350000000
1!
1"
0#
1%
1&
0'
b10010 ,
1-
#939400000000
0!
0"
0%
0&
#939450000000
1!
1"
1#
1%
1&
1'
b10011 ,
#939500000000
0!
0"
0#
0%
0&
0'
#939550000000
1!
1"
1#
1%
1&
1'
b10100 ,
#939600000000
0!
0"
0#
0%
0&
0'
#939650000000
1!
1"
1#
1%
1&
1'
b10101 ,
#939700000000
0!
0"
0#
0%
0&
0'
#939750000000
1!
1"
1#
1%
1&
1'
b10110 ,
#939800000000
0!
0"
0#
0%
0&
0'
#939850000000
1!
1"
1#
1%
1&
1'
b10111 ,
0-
#939900000000
0!
0"
0%
0&
#939950000000
1!
1"
0#
1%
1&
0'
b11000 ,
#940000000000
0!
0"
1#
0%
0&
1'
#940050000000
1!
1"
0#
1%
1&
0'
b11001 ,
#940100000000
0!
0"
1#
0%
0&
1'
#940150000000
1!
1"
0#
1%
1&
0'
b11010 ,
1-
#940200000000
0!
0"
0%
0&
#940250000000
1!
1"
1#
1%
1&
1'
b11011 ,
#940300000000
0!
0"
0#
0%
0&
0'
#940350000000
1!
1"
1#
1%
1&
1'
b11100 ,
0-
#940400000000
0!
0"
0%
0&
#940450000000
1!
1"
0#
1%
1&
0'
b11101 ,
#940500000000
0!
0"
1#
0%
0&
1'
#940550000000
1!
1"
0#
1%
1&
0'
b11110 ,
1-
#940600000000
0!
0"
0%
0&
#940650000000
1!
1"
1#
1%
1&
1'
b11111 ,
0-
#940700000000
0!
0"
0%
0&
#940750000000
1!
1"
0#
0$
1%
1&
0'
0(
b0 ,
#940800000000
0!
0"
0%
0&
#940850000000
1!
1"
1%
1&
b1 +
#940900000000
0!
0"
0%
0&
#940950000000
1!
1"
1%
1&
b10 +
#941000000000
0!
0"
0%
0&
#941050000000
1!
1"
1%
1&
b11 +
#941100000000
0!
0"
0%
0&
#941150000000
1!
1"
1%
1&
b100 +
#941200000000
0!
0"
0%
0&
#941250000000
1!
1"
1%
1&
b101 +
#941300000000
0!
0"
0%
0&
#941350000000
1!
1"
1%
1&
b110 +
#941400000000
0!
0"
0%
0&
#941450000000
1!
1"
1%
1&
b111 +
#941500000000
0!
0"
0%
0&
#941550000000
1!
1"
1%
1&
b1000 +
#941600000000
0!
0"
0%
0&
#941650000000
1!
1"
1%
1&
b1001 +
#941700000000
0!
0"
0%
0&
#941750000000
1!
1"
1%
1&
b1010 +
#941800000000
0!
0"
0%
0&
#941850000000
1!
1"
1%
1&
b1011 +
#941900000000
0!
0"
0%
0&
#941950000000
1!
1"
1%
1&
b1100 +
#942000000000
0!
0"
0%
0&
#942050000000
1!
1"
1%
1&
b1101 +
#942100000000
0!
0"
0%
0&
#942150000000
1!
1"
1%
1&
b1110 +
#942200000000
0!
0"
0%
0&
#942250000000
1!
1"
1%
1&
b1111 +
#942300000000
0!
0"
0%
0&
#942350000000
1!
1"
1%
1&
b10000 +
#942400000000
0!
0"
0%
0&
#942450000000
1!
1"
1%
1&
b10001 +
#942500000000
0!
0"
0%
0&
#942550000000
1!
1"
1%
1&
b10010 +
#942600000000
0!
0"
0%
0&
#942650000000
1!
1"
1%
1&
b10011 +
#942700000000
0!
0"
0%
0&
#942750000000
1!
1"
1%
1&
b10100 +
#942800000000
0!
0"
0%
0&
#942850000000
1!
1"
1%
1&
b10101 +
#942900000000
0!
0"
0%
0&
#942950000000
1!
1"
1%
1&
b10110 +
#943000000000
0!
0"
0%
0&
#943050000000
1!
1"
1%
1&
b10111 +
#943100000000
0!
0"
0%
0&
#943150000000
1!
1"
1%
1&
b11000 +
#943200000000
0!
0"
0%
0&
#943250000000
1!
1"
1%
1&
b11001 +
#943300000000
0!
0"
0%
0&
#943350000000
1!
1"
1%
1&
b11010 +
#943400000000
0!
0"
0%
0&
#943450000000
1!
1"
1%
1&
b11011 +
#943500000000
0!
0"
0%
0&
#943550000000
1!
1"
1%
1&
b11100 +
#943600000000
0!
0"
0%
0&
#943650000000
1!
1"
1%
1&
b11101 +
#943700000000
0!
0"
0%
0&
#943750000000
1!
1"
1%
1&
b11110 +
#943800000000
0!
0"
0%
0&
#943850000000
1!
1"
1%
1&
b11111 +
#943900000000
0!
0"
0%
0&
#943950000000
1!
1"
1%
1&
b100000 +
#944000000000
0!
0"
0%
0&
#944050000000
1!
1"
1%
1&
b100001 +
#944100000000
0!
0"
0%
0&
#944150000000
1!
1"
1%
1&
b100010 +
#944200000000
0!
0"
0%
0&
#944250000000
1!
1"
1%
1&
b100011 +
#944300000000
0!
0"
0%
0&
#944350000000
1!
1"
1%
1&
b100100 +
#944400000000
0!
0"
0%
0&
#944450000000
1!
1"
1%
1&
b100101 +
#944500000000
0!
0"
0%
0&
#944550000000
1!
1"
1%
1&
b100110 +
#944600000000
0!
0"
0%
0&
#944650000000
1!
1"
1%
1&
b100111 +
#944700000000
0!
0"
0%
0&
#944750000000
1!
1"
1%
1&
b101000 +
#944800000000
0!
0"
0%
0&
#944850000000
1!
1"
1%
1&
b101001 +
#944900000000
0!
0"
0%
0&
#944950000000
1!
1"
1%
1&
b101010 +
#945000000000
0!
0"
0%
0&
#945050000000
1!
1"
1%
1&
b101011 +
#945100000000
0!
0"
0%
0&
#945150000000
1!
1"
1%
1&
b101100 +
#945200000000
0!
0"
0%
0&
#945250000000
1!
1"
1%
1&
b101101 +
#945300000000
0!
0"
0%
0&
#945350000000
1!
1"
1%
1&
b101110 +
#945400000000
0!
0"
0%
0&
#945450000000
1!
1"
1%
1&
b101111 +
#945500000000
0!
0"
0%
0&
#945550000000
1!
1"
1%
1&
b110000 +
#945600000000
0!
0"
0%
0&
#945650000000
1!
1"
1%
1&
b110001 +
#945700000000
0!
0"
0%
0&
#945750000000
1!
1"
1%
1&
b110010 +
#945800000000
0!
0"
0%
0&
#945850000000
1!
1"
1%
1&
b110011 +
#945900000000
0!
0"
0%
0&
#945950000000
1!
1"
1%
1&
b110100 +
#946000000000
0!
0"
0%
0&
#946050000000
1!
1"
1%
1&
b110101 +
#946100000000
0!
0"
0%
0&
#946150000000
1!
1"
1%
1&
b110110 +
#946200000000
0!
0"
0%
0&
#946250000000
1!
1"
1%
1&
b110111 +
#946300000000
0!
0"
0%
0&
#946350000000
1!
1"
1%
1&
b111000 +
#946400000000
0!
0"
0%
0&
#946450000000
1!
1"
1%
1&
b111001 +
#946500000000
0!
0"
0%
0&
#946550000000
1!
1"
1%
1&
b111010 +
#946600000000
0!
0"
0%
0&
#946650000000
1!
1"
1%
1&
b111011 +
#946700000000
0!
0"
0%
0&
#946750000000
1!
1"
1%
1&
b111100 +
#946800000000
0!
0"
0%
0&
#946850000000
1!
1"
1%
1&
b111101 +
#946900000000
0!
0"
0%
0&
#946950000000
1!
1"
1%
1&
b111110 +
#947000000000
0!
0"
0%
0&
#947050000000
1!
1"
1%
1&
b111111 +
#947100000000
0!
0"
0%
0&
#947150000000
1!
1"
1%
1&
b1000000 +
#947200000000
0!
0"
0%
0&
#947250000000
1!
1"
1%
1&
b1000001 +
#947300000000
0!
0"
0%
0&
#947350000000
1!
1"
1%
1&
b1000010 +
#947400000000
0!
0"
0%
0&
#947450000000
1!
1"
1%
1&
b1000011 +
#947500000000
0!
0"
0%
0&
#947550000000
1!
1"
1%
1&
b1000100 +
#947600000000
0!
0"
0%
0&
#947650000000
1!
1"
1%
1&
b1000101 +
#947700000000
0!
0"
0%
0&
#947750000000
1!
1"
1%
1&
b1000110 +
#947800000000
0!
0"
0%
0&
#947850000000
1!
1"
1%
1&
b1000111 +
#947900000000
0!
0"
0%
0&
#947950000000
1!
1"
1%
1&
b1001000 +
#948000000000
0!
0"
0%
0&
#948050000000
1!
1"
1%
1&
b1001001 +
#948100000000
0!
0"
0%
0&
#948150000000
1!
1"
1%
1&
b1001010 +
#948200000000
0!
0"
0%
0&
#948250000000
1!
1"
1%
1&
b1001011 +
#948300000000
0!
0"
0%
0&
#948350000000
1!
1"
1%
1&
b1001100 +
#948400000000
0!
0"
0%
0&
#948450000000
1!
1"
1%
1&
b1001101 +
#948500000000
0!
0"
0%
0&
#948550000000
1!
1"
1%
1&
b1001110 +
#948600000000
0!
0"
0%
0&
#948650000000
1!
1"
1%
1&
b1001111 +
#948700000000
0!
0"
0%
0&
#948750000000
1!
1"
1%
1&
b1010000 +
#948800000000
0!
0"
0%
0&
#948850000000
1!
1"
1%
1&
b1010001 +
#948900000000
0!
0"
0%
0&
#948950000000
1!
1"
1%
1&
b1010010 +
#949000000000
0!
0"
0%
0&
#949050000000
1!
1"
1%
1&
b1010011 +
#949100000000
0!
0"
0%
0&
#949150000000
1!
1"
1%
1&
b1010100 +
#949200000000
0!
0"
0%
0&
#949250000000
1!
1"
1%
1&
b1010101 +
#949300000000
0!
0"
0%
0&
#949350000000
1!
1"
1%
1&
b1010110 +
#949400000000
0!
0"
0%
0&
#949450000000
1!
1"
1%
1&
b1010111 +
#949500000000
0!
0"
0%
0&
#949550000000
1!
1"
1%
1&
b1011000 +
#949600000000
0!
0"
0%
0&
#949650000000
1!
1"
1%
1&
b1011001 +
#949700000000
0!
0"
0%
0&
#949750000000
1!
1"
1%
1&
b1011010 +
#949800000000
0!
0"
0%
0&
#949850000000
1!
1"
1%
1&
b1011011 +
#949900000000
0!
0"
0%
0&
#949950000000
1!
1"
1%
1&
b1011100 +
#950000000000
0!
0"
0%
0&
#950050000000
1!
1"
1%
1&
b1011101 +
#950100000000
0!
0"
0%
0&
#950150000000
1!
1"
1%
1&
b1011110 +
#950200000000
0!
0"
0%
0&
#950250000000
1!
1"
1%
1&
b1011111 +
#950300000000
0!
0"
0%
0&
#950350000000
1!
1"
1$
1%
1&
1(
b0 +
#950400000000
0!
0"
1#
0%
0&
1'
#950450000000
1!
1"
0#
1%
1&
0'
b110 )
1-
#950500000000
0!
0"
0%
0&
#950550000000
1!
1"
1#
1%
1&
1'
b101 )
0-
#950600000000
0!
0"
0%
0&
#950650000000
1!
1"
0#
1%
1&
0'
b100 )
1-
#950700000000
0!
0"
0%
0&
#950750000000
1!
1"
1#
1%
1&
1'
b11 )
0-
#950800000000
0!
0"
0%
0&
#950850000000
1!
1"
0#
1%
1&
0'
b10 )
1-
#950900000000
0!
0"
0%
0&
#950950000000
1!
1"
1#
1%
1&
1'
b1 )
0-
#951000000000
0!
0"
0%
0&
#951050000000
1!
1"
0#
1%
1&
0'
b0 )
1-
#951100000000
0!
0"
0%
0&
#951150000000
1!
1"
1#
1%
1&
1'
b111 )
b1 *
0-
#951200000000
0!
0"
0%
0&
#951250000000
1!
1"
0#
1%
1&
0'
b110 )
1-
#951300000000
0!
0"
0%
0&
#951350000000
1!
1"
1#
1%
1&
1'
b101 )
0-
#951400000000
0!
0"
0%
0&
#951450000000
1!
1"
0#
1%
1&
0'
b100 )
1-
#951500000000
0!
0"
0%
0&
#951550000000
1!
1"
1#
1%
1&
1'
b11 )
0-
#951600000000
0!
0"
0%
0&
#951650000000
1!
1"
0#
1%
1&
0'
b10 )
1-
#951700000000
0!
0"
0%
0&
#951750000000
1!
1"
1#
1%
1&
1'
b1 )
0-
#951800000000
0!
0"
0%
0&
#951850000000
1!
1"
0#
1%
1&
0'
b0 )
1-
#951900000000
0!
0"
0%
0&
#951950000000
1!
1"
1#
1%
1&
1'
b111 )
b10 *
0-
#952000000000
0!
0"
0%
0&
#952050000000
1!
1"
0#
1%
1&
0'
b110 )
1-
#952100000000
0!
0"
0%
0&
#952150000000
1!
1"
1#
1%
1&
1'
b101 )
0-
#952200000000
0!
0"
0%
0&
#952250000000
1!
1"
0#
1%
1&
0'
b100 )
1-
#952300000000
0!
0"
0%
0&
#952350000000
1!
1"
1#
1%
1&
1'
b11 )
0-
#952400000000
0!
0"
0%
0&
#952450000000
1!
1"
0#
1%
1&
0'
b10 )
1-
#952500000000
0!
0"
0%
0&
#952550000000
1!
1"
1#
1%
1&
1'
b1 )
0-
#952600000000
0!
0"
0%
0&
#952650000000
1!
1"
0#
1%
1&
0'
b0 )
1-
#952700000000
0!
0"
0%
0&
#952750000000
1!
1"
1#
1%
1&
1'
b111 )
b11 *
0-
#952800000000
0!
0"
0%
0&
#952850000000
1!
1"
0#
1%
1&
0'
b110 )
1-
#952900000000
0!
0"
0%
0&
#952950000000
1!
1"
1#
1%
1&
1'
b101 )
0-
#953000000000
0!
0"
0%
0&
#953050000000
1!
1"
0#
1%
1&
0'
b100 )
1-
#953100000000
0!
0"
0%
0&
#953150000000
1!
1"
1#
1%
1&
1'
b11 )
0-
#953200000000
0!
0"
0%
0&
#953250000000
1!
1"
0#
1%
1&
0'
b10 )
1-
#953300000000
0!
0"
0%
0&
#953350000000
1!
1"
1#
1%
1&
1'
b1 )
0-
#953400000000
0!
0"
0%
0&
#953450000000
1!
1"
0#
1%
1&
0'
b0 )
1-
#953500000000
0!
0"
0%
0&
#953550000000
1!
1"
1#
1%
1&
1'
b111 )
b100 *
0-
#953600000000
0!
0"
0%
0&
#953650000000
1!
1"
0#
1%
1&
0'
b110 )
1-
#953700000000
0!
0"
0%
0&
#953750000000
1!
1"
1#
1%
1&
1'
b101 )
0-
#953800000000
0!
0"
0%
0&
#953850000000
1!
1"
0#
1%
1&
0'
b100 )
1-
#953900000000
0!
0"
0%
0&
#953950000000
1!
1"
1#
1%
1&
1'
b11 )
0-
#954000000000
0!
0"
0%
0&
#954050000000
1!
1"
0#
1%
1&
0'
b10 )
1-
#954100000000
0!
0"
0%
0&
#954150000000
1!
1"
1#
1%
1&
1'
b1 )
0-
#954200000000
0!
0"
0%
0&
#954250000000
1!
1"
0#
1%
1&
0'
b0 )
1-
#954300000000
0!
0"
0%
0&
#954350000000
1!
1"
1#
1%
1&
1'
b111 )
b101 *
0-
#954400000000
0!
0"
0%
0&
#954450000000
1!
1"
0#
1%
1&
0'
b110 )
1-
#954500000000
0!
0"
0%
0&
#954550000000
1!
1"
1#
1%
1&
1'
b101 )
0-
#954600000000
0!
0"
0%
0&
#954650000000
1!
1"
0#
1%
1&
0'
b100 )
1-
#954700000000
0!
0"
0%
0&
#954750000000
1!
1"
1#
1%
1&
1'
b11 )
0-
#954800000000
0!
0"
0%
0&
#954850000000
1!
1"
0#
1%
1&
0'
b10 )
1-
#954900000000
0!
0"
0%
0&
#954950000000
1!
1"
1#
1%
1&
1'
b1 )
0-
#955000000000
0!
0"
0%
0&
#955050000000
1!
1"
0#
1%
1&
0'
b0 )
1-
#955100000000
0!
0"
0%
0&
#955150000000
1!
1"
1#
1%
1&
1'
b111 )
b110 *
0-
#955200000000
0!
0"
0%
0&
#955250000000
1!
1"
0#
1%
1&
0'
b110 )
1-
#955300000000
0!
0"
0%
0&
#955350000000
1!
1"
1#
1%
1&
1'
b101 )
0-
#955400000000
0!
0"
0%
0&
#955450000000
1!
1"
0#
1%
1&
0'
b100 )
1-
#955500000000
0!
0"
0%
0&
#955550000000
1!
1"
1#
1%
1&
1'
b11 )
0-
#955600000000
0!
0"
0%
0&
#955650000000
1!
1"
0#
1%
1&
0'
b10 )
1-
#955700000000
0!
0"
0%
0&
#955750000000
1!
1"
1#
1%
1&
1'
b1 )
0-
#955800000000
0!
0"
0%
0&
#955850000000
1!
1"
0#
1%
1&
0'
b0 )
1-
#955900000000
0!
0"
0%
0&
#955950000000
1!
1"
1#
1%
1&
1'
b111 )
b0 *
0-
#956000000000
0!
0"
0%
0&
#956050000000
1!
1"
0#
1%
1&
0'
b110 )
1-
#956100000000
0!
0"
0%
0&
#956150000000
1!
1"
1#
1%
1&
1'
b101 )
0-
#956200000000
0!
0"
0%
0&
#956250000000
1!
1"
0#
1%
1&
0'
b100 )
1-
#956300000000
0!
0"
0%
0&
#956350000000
1!
1"
1#
1%
1&
1'
b11 )
0-
#956400000000
0!
0"
0%
0&
#956450000000
1!
1"
0#
1%
1&
0'
b10 )
1-
#956500000000
0!
0"
0%
0&
#956550000000
1!
1"
1#
1%
1&
1'
b1 )
0-
#956600000000
0!
0"
0%
0&
#956650000000
1!
1"
0#
1%
1&
0'
b0 )
1-
#956700000000
0!
0"
0%
0&
#956750000000
1!
1"
1#
1%
1&
1'
b111 )
b11111111111111111111111111111111 .
#956800000000
0!
0"
0#
0%
0&
0'
#956850000000
1!
1"
1#
1%
1&
1'
b110 )
b01111111111111111111111111111111 .
#956900000000
0!
0"
0#
0%
0&
0'
#956950000000
1!
1"
1#
1%
1&
1'
b101 )
b00111111111111111111111111111111 .
#957000000000
0!
0"
0#
0%
0&
0'
#957050000000
1!
1"
1#
1%
1&
1'
b100 )
b00011111111111111111111111111111 .
#957100000000
0!
0"
0#
0%
0&
0'
#957150000000
1!
1"
1#
1%
1&
1'
b11 )
b00001111111111111111111111111111 .
#957200000000
0!
0"
0#
0%
0&
0'
#957250000000
1!
1"
1#
1%
1&
1'
b10 )
b00000111111111111111111111111111 .
#957300000000
0!
0"
0#
0%
0&
0'
#957350000000
1!
1"
1#
1%
1&
1'
b1 )
b00000011111111111111111111111111 .
#957400000000
0!
0"
0#
0%
0&
0'
#957450000000
1!
1"
1#
1%
1&
1'
b0 )
b00000001111111111111111111111111 .
#957500000000
0!
0"
0#
0%
0&
0'
#957550000000
1!
1"
1#
1%
1&
1'
b111 )
b1 *
b00000000111111111111111111111111 .
#957600000000
0!
0"
0#
0%
0&
0'
#957650000000
1!
1"
1#
1%
1&
1'
b110 )
b00000000011111111111111111111111 .
#957700000000
0!
0"
0#
0%
0&
0'
#957750000000
1!
1"
1#
1%
1&
1'
b101 )
b00000000001111111111111111111111 .
#957800000000
0!
0"
0#
0%
0&
0'
#957850000000
1!
1"
1#
1%
1&
1'
b100 )
b00000000000111111111111111111111 .
#957900000000
0!
0"
0#
0%
0&
0'
#957950000000
1!
1"
1#
1%
1&
1'
b11 )
b00000000000011111111111111111111 .
#958000000000
0!
0"
0#
0%
0&
0'
#958050000000
1!
1"
1#
1%
1&
1'
b10 )
b00000000000001111111111111111111 .
#958100000000
0!
0"
0#
0%
0&
0'
#958150000000
1!
1"
1#
1%
1&
1'
b1 )
b00000000000000111111111111111111 .
#958200000000
0!
0"
0#
0%
0&
0'
#958250000000
1!
1"
1#
1%
1&
1'
b0 )
b00000000000000011111111111111111 .
#958300000000
0!
0"
0#
0%
0&
0'
#958350000000
1!
1"
1#
1%
1&
1'
b111 )
b10 *
b00000000000000001111111111111111 .
#958400000000
0!
0"
0#
0%
0&
0'
#958450000000
1!
1"
1#
1%
1&
1'
b110 )
b00000000000000000111111111111111 .
#958500000000
0!
0"
0#
0%
0&
0'
#958550000000
1!
1"
1#
1%
1&
1'
b101 )
b00000000000000000011111111111111 .
#958600000000
0!
0"
0#
0%
0&
0'
#958650000000
1!
1"
1#
1%
1&
1'
b100 )
b00000000000000000001111111111111 .
#958700000000
0!
0"
0#
0%
0&
0'
#958750000000
1!
1"
1#
1%
1&
1'
b11 )
b00000000000000000000111111111111 .
#958800000000
0!
0"
0#
0%
0&
0'
#958850000000
1!
1"
1#
1%
1&
1'
b10 )
b00000000000000000000011111111111 .
#958900000000
0!
0"
0#
0%
0&
0'
#958950000000
1!
1"
1#
1%
1&
1'
b1 )
b00000000000000000000001111111111 .
#959000000000
0!
0"
0#
0%
0&
0'
#959050000000
1!
1"
1#
1%
1&
1'
b0 )
b00000000000000000000000111111111 .
#959100000000
0!
0"
0#
0%
0&
0'
#959150000000
1!
1"
1#
1%
1&
1'
b111 )
b11 *
b00000000000000000000000011111111 .
#959200000000
0!
0"
0#
0%
0&
0'
#959250000000
1!
1"
1#
1%
1&
1'
b110 )
b00000000000000000000000001111111 .
#959300000000
0!
0"
0#
0%
0&
0'
#959350000000
1!
1"
1#
1%
1&
1'
b101 )
b00000000000000000000000000111111 .
#959400000000
0!
0"
0#
0%
0&
0'
#959450000000
1!
1"
1#
1%
1&
1'
b100 )
b00000000000000000000000000011111 .
#959500000000
0!
0"
0#
0%
0&
0'
#959550000000
1!
1"
1#
1%
1&
1'
b11 )
b00000000000000000000000000001111 .
#959600000000
0!
0"
0#
0%
0&
0'
#959650000000
1!
1"
1#
1%
1&
1'
b10 )
b00000000000000000000000000000111 .
#959700000000
0!
0"
0#
0%
0&
0'
#959750000000
1!
1"
1#
1%
1&
1'
b1 )
b00000000000000000000000000000011 .
#959800000000
0!
0"
0#
0%
0&
0'
#959850000000
1!
1"
1#
1%
1&
1'
b0 )
b00000000000000000000000000000001 .
#959900000000
0!
0"
0#
0%
0&
0'
#959950000000
1!
1"
1#
1%
1&
1'
b111 )
b100 *
b00000000000000000000000000000000 .
#960000000000
0!
0"
0#
0%
0&
0'
#960050000000
1!
1"
1#
1%
1&
1'
b110 )
b11101101101110001000001100100000 .
#960100000000
0!
0"
0#
0%
0&
0'
#960150000000
1!
1"
1#
1%
1&
1'
b101 )
b10011011011001001100001010110000 .
#960200000000
0!
0"
0#
0%
0&
0'
#960250000000
1!
1"
1#
1%
1&
1'
b100 )
b10100000000010101110001001111000 .
#960300000000
0!
0"
0#
0%
0&
0'
#960350000000
1!
1"
1#
1%
1&
1'
b11 )
b10111101101111011111001000011100 .
#960400000000
0!
0"
0#
0%
0&
0'
#960450000000
1!
1"
1#
1%
1&
1'
b10 )
b10110011011001100111101000101110 .
#960500000000
0!
0"
0#
0%
0&
0'
#960550000000
1!
1"
1#
1%
1&
1'
b1 )
b10110100000010111011111000110111 .
#960600000000
0!
0"
0#
0%
0&
0'
#960650000000
1!
1"
1#
1%
1&
1'
b0 )
b01011010000001011101111100011011 .
#960700000000
0!
0"
0#
0%
0&
0'
#960750000000
1!
1"
1#
1%
1&
1'
b111 )
b101 *
b00101101000000101110111110001101 .
#960800000000
0!
0"
0#
0%
0&
0'
#960850000000
1!
1"
1#
1%
1&
1'
b110 )
b00010110100000010111011111000110 .
#960900000000
0!
0"
0#
0%
0&
0'
#960950000000
1!
1"
1#
1%
1&
1'
b101 )
b11100110111110000011100011000011 .
#961000000000
0!
0"
0#
0%
0&
0'
#961050000000
1!
1"
1#
1%
1&
1'
b100 )
b01110011011111000001110001100001 .
#961100000000
0!
0"
0#
0%
0&
0'
#961150000000
1!
1"
1#
1%
1&
1'
b11 )
b00111001101111100000111000110000 .
#961200000000
0!
0"
0#
0%
0&
0'
#961250000000
1!
1"
1#
1%
1&
1'
b10 )
b11110001011001111000010000111000 .
#961300000000
0!
0"
0#
0%
0&
0'
#961350000000
1!
1"
1#
1%
1&
1'
b1 )
b10010101000010110100000100111100 .
#961400000000
0!
0"
0#
0%
0&
0'
#961450000000
1!
1"
1#
1%
1&
1'
b0 )
b10100111001111010010001110111110 .
#961500000000
0!
0"
0#
0%
0&
0'
#961550000000
1!
1"
1#
1%
1&
1'
b111 )
b0 *
b10111110001001100001001011111111 .
#961600000000
0!
0"
0#
0%
0&
0'
#961650000000
1!
1"
1#
1%
1&
1'
b110 )
0-
b10110010101010111000101001011111 .
#961700000000
0!
0"
0%
0&
#961750000000
1!
1"
0#
1%
1&
0'
b101 )
b10110100111011010100011000001111 .
#961800000000
0!
0"
1#
0%
0&
1'
#961850000000
1!
1"
0#
1%
1&
0'
b100 )
b10110111110011100010000000100111 .
#961900000000
0!
0"
1#
0%
0&
1'
#961950000000
1!
1"
0#
1%
1&
0'
b11 )
b10110110010111111001001100110011 .
#962000000000
0!
0"
1#
0%
0&
1'
#962050000000
1!
1"
0#
1%
1&
0'
b10 )
1-
b01011011001011111100100110011001 .
#962100000000
0!
0"
0%
0&
#962150000000
1!
1"
1#
1%
1&
1'
b1 )
0-
b11000000001011110110011111101100 .
#962200000000
0!
0"
0%
0&
#962250000000
1!
1"
0#
1%
1&
0'
b0 )
b01100000000101111011001111110110 .
#962300000000
0!
0"
1#
0%
0&
1'
#962350000000
1!
1"
0#
1%
1&
0'
b111 )
b1 *
b00110000000010111101100111111011 .
#962400000000
0!
0"
1#
0%
0&
1'
#962450000000
1!
1"
0#
1%
1&
0'
b110 )
b11110101101111010110111111011101 .
#962500000000
0!
0"
1#
0%
0&
1'
#962550000000
1!
1"
0#
1%
1&
0'
b101 )
1-
b01111010110111101011011111101110 .
#962600000000
0!
0"
0%
0&
#962650000000
1!
1"
1#
1%
1&
1'
b100 )
0-
b00111101011011110101101111110111 .
#962700000000
0!
0"
0%
0&
#962750000000
1!
1"
0#
1%
1&
0'
b11 )
b11110011000011110010111011011011 .
#962800000000
0!
0"
1#
0%
0&
1'
#962850000000
1!
1"
0#
1%
1&
0'
b10 )
b10010100001111110001010001001101 .
#962900000000
0!
0"
1#
0%
0&
1'
#962950000000
1!
1"
0#
1%
1&
0'
b1 )
b10100111101001110000100100000110 .
#963000000000
0!
0"
1#
0%
0&
1'
#963050000000
1!
1"
0#
1%
1&
0'
b0 )
b01010011110100111000010010000011 .
#963100000000
0!
0"
1#
0%
0&
1'
#963150000000
1!
1"
0#
1%
1&
0'
b111 )
b10 *
1-
b00101001111010011100001001000001 .
#963200000000
0!
0"
0%
0&
#963250000000
1!
1"
1#
1%
1&
1'
b110 )
0-
b11111001010011000110001000000000 .
#963300000000
0!
0"
0%
0&
#963350000000
1!
1"
0#
1%
1&
0'
b101 )
1-
b10010001000111101011001000100000 .
#963400000000
0!
0"
0%
0&
#963450000000
1!
1"
1#
1%
1&
1'
b100 )
b10100101001101111101101000110000 .
#963500000000
0!
0"
0#
0%
0&
0'
#963550000000
1!
1"
1#
1%
1&
1'
b11 )
0-
b01010010100110111110110100011000 .
#963600000000
0!
0"
0%
0&
#963650000000
1!
1"
0#
1%
1&
0'
b10 )
b00101001010011011111011010001100 .
#963700000000
0!
0"
1#
0%
0&
1'
#963750000000
1!
1"
0#
1%
1&
0'
b1 )
b00010100101001101111101101000110 .
#963800000000
0!
0"
1#
0%
0&
1'
#963850000000
1!
1"
0#
1%
1&
0'
b0 )
b00001010010100110111110110100011 .
#963900000000
0!
0"
1#
0%
0&
1'
#963950000000
1!
1"
0#
1%
1&
0'
b111 )
b11 *
1-
b00000101001010011011111011010001 .
#964000000000
0!
0"
0%
0&
#964050000000
1!
1"
1#
1%
1&
1'
b110 )
0-
b11101111001011000101110001001000 .
#964100000000
0!
0"
0%
0&
#964150000000
1!
1"
0#
1%
1&
0'
b101 )
b01110111100101100010111000100100 .
#964200000000
0!
0"
1#
0%
0&
1'
#964250000000
1!
1"
0#
1%
1&
0'
b100 )
b00111011110010110001011100010010 .
#964300000000
0!
0"
1#
0%
0&
1'
#964350000000
1!
1"
0#
1%
1&
0'
b11 )
1-
b11110000010111010000100010101001 .
#964400000000
0!
0"
0%
0&
#964450000000
1!
1"
1#
1%
1&
1'
b10 )
b01111000001011101000010001010100 .
#964500000000
0!
0"
0#
0%
0&
0'
#964550000000
1!
1"
1#
1%
1&
1'
b1 )
0-
b00111100000101110100001000101010 .
#964600000000
0!
0"
0%
0&
#964650000000
1!
1"
0#
1%
1&
0'
b0 )
b00011110000010111010000100010101 .
#964700000000
0!
0"
1#
0%
0&
1'
#964750000000
1!
1"
0#
1%
1&
0'
b111 )
b100 *
b11100010101111010101001110101010 .
#964800000000
0!
0"
1#
0%
0&
1'
#964850000000
1!
1"
0#
1%
1&
0'
b110 )
b01110001010111101010100111010101 .
#964900000000
0!
0"
1#
0%
0&
1'
#964950000000
1!
1"
0#
1%
1&
0'
b101 )
1-
b00111000101011110101010011101010 .
#965000000000
0!
0"
0%
0&
#965050000000
1!
1"
1#
1%
1&
1'
b100 )
0-
b00011100010101111010101001110101 .
#965100000000
0!
0"
0%
0&
#965150000000
1!
1"
0#
1%
1&
0'
b11 )
1-
b00001110001010111101010100111010 .
#965200000000
0!
0"
0%
0&
#965250000000
1!
1"
1#
1%
1&
1'
b10 )
0-
b00000111000101011110101010011101 .
#965300000000
0!
0"
0%
0&
#965350000000
1!
1"
0#
1%
1&
0'
b1 )
1-
b00000011100010101111010101001110 .
#965400000000
0!
0"
0%
0&
#965450000000
1!
1"
1#
1%
1&
1'
b0 )
b11101100011111011111100110000111 .
#965500000000
0!
0"
0#
0%
0&
0'
#965550000000
1!
1"
1#
1%
1&
1'
b111 )
b101 *
b01110110001111101111110011000011 .
#965600000000
0!
0"
0#
0%
0&
0'
#965650000000
1!
1"
1#
1%
1&
1'
b110 )
0-
b11010110101001111111110101000001 .
#965700000000
0!
0"
0%
0&
#965750000000
1!
1"
0#
1%
1&
0'
b101 )
b10000110111010110111110110000000 .
#965800000000
0!
0"
1#
0%
0&
1'
#965850000000
1!
1"
0#
1%
1&
0'
b100 )
b01000011011101011011111011000000 .
#965900000000
0!
0"
1#
0%
0&
1'
#965950000000
1!
1"
0#
1%
1&
0'
b11 )
1-
b11001100000000100101110001000000 .
#966000000000
0!
0"
0%
0&
#966050000000
1!
1"
1#
1%
1&
1'
b10 )
0-
b01100110000000010010111000100000 .
#966100000000
0!
0"
0%
0&
#966150000000
1!
1"
0#
1%
1&
0'
b1 )
b00110011000000001001011100010000 .
#966200000000
0!
0"
1#
0%
0&
1'
#966250000000
1!
1"
0#
1%
1&
0'
b0 )
b00011001100000000100101110001000 .
#966300000000
0!
0"
1#
0%
0&
1'
#966350000000
1!
1"
0#
1%
1&
0'
b111 )
b0 *
b00001100110000000010010111000100 .
#966400000000
0!
0"
1#
0%
0&
1'
#966450000000
1!
1"
0#
1%
1&
0'
b110 )
b00000110011000000001001011100010 .
#966500000000
0!
0"
1#
0%
0&
1'
#966550000000
1!
1"
0#
1%
1&
0'
b101 )
b00000011001100000000100101110001 .
#966600000000
0!
0"
1#
0%
0&
1'
#966650000000
1!
1"
0#
1%
1&
0'
b100 )
b11101100001000001000011110011000 .
#966700000000
0!
0"
1#
0%
0&
1'
#966750000000
1!
1"
0#
1%
1&
0'
b11 )
1-
b10011011101010001100000011101100 .
#966800000000
0!
0"
0%
0&
#966850000000
1!
1"
1#
1%
1&
1'
b10 )
0-
b01001101110101000110000001110110 .
#966900000000
0!
0"
0%
0&
#966950000000
1!
1"
0#
1%
1&
0'
b1 )
b00100110111010100011000000111011 .
#967000000000
0!
0"
1#
0%
0&
1'
#967050000000
1!
1"
0#
1%
1&
0'
b0 )
b11111110110011011001101100111101 .
#967100000000
0!
0"
1#
0%
0&
1'
#967150000000
1!
1"
0#
1%
1&
0'
b111 )
b1 *
1-
b01111111011001101100110110011110 .
#967200000000
0!
0"
0%
0&
#967250000000
1!
1"
1#
1%
1&
1'
b110 )
b11010010000010111110010111101111 .
#967300000000
0!
0"
0#
0%
0&
0'
#967350000000
1!
1"
1#
1%
1&
1'
b101 )
0-
b10000100101111010111000111010111 .
#967400000000
0!
0"
0%
0&
#967450000000
1!
1"
0#
1%
1&
0'
b100 )
1-
b01000010010111101011100011101011 .
#967500000000
0!
0"
0%
0&
#967550000000
1!
1"
1#
1%
1&
1'
b11 )
0-
b11001100100101111101111101010101 .
#967600000000
0!
0"
0%
0&
#967650000000
1!
1"
0#
1%
1&
0'
b10 )
1-
b01100110010010111110111110101010 .
#967700000000
0!
0"
0%
0&
#967750000000
1!
1"
1#
1%
1&
1'
b1 )
b11011110100111010111010011110101 .
#967800000000
0!
0"
0#
0%
0&
0'
#967850000000
1!
1"
1#
1%
1&
1'
b0 )
0-
b10000010111101100011100101011010 .
#967900000000
0!
0"
0%
0&
#967950000000
1!
1"
0#
1%
1&
0'
b111 )
b0 *
1-
b10101100110000111001111110001101 .
#968000000000
0!
0"
0%
0&
#968050000000
1!
1"
1#
1%
1&
1'
b110 )
0-
b10111011110110010100110011100110 .
#968100000000
0!
0"
0%
0&
#968150000000
1!
1"
0#
1%
1&
0'
b101 )
b01011101111011001010011001110011 .
#968200000000
0!
0"
1#
0%
0&
1'
#968250000000
1!
1"
0#
1%
1&
0'
b100 )
b11000011010011101101000000011001 .
#968300000000
0!
0"
1#
0%
0&
1'
#968350000000
1!
1"
0#
1%
1&
0'
b11 )
b10001100000111111110101100101100 .
#968400000000
0!
0"
1#
0%
0&
1'
#968450000000
1!
1"
0#
1%
1&
0'
b10 )
b01000110000011111111010110010110 .
#968500000000
0!
0"
1#
0%
0&
1'
#968550000000
1!
1"
0#
1%
1&
0'
b1 )
b00100011000001111111101011001011 .
#968600000000
0!
0"
1#
0%
0&
1'
#968650000000
1!
1"
0#
1%
1&
0'
b0 )
b11111100001110110111111001000101 .
#968700000000
0!
0"
1#
0%
0&
1'
#968750000000
1!
1"
0#
1%
1&
0'
b111 )
b1 *
b10010011101001010011110000000010 .
#968800000000
0!
0"
1#
0%
0&
1'
#968850000000
1!
1"
0#
1%
1&
0'
b110 )
b01001001110100101001111000000001 .
#968900000000
0!
0"
1#
0%
0&
1'
#968950000000
1!
1"
0#
1%
1&
0'
b101 )
b11001001010100011100110000100000 .
#969000000000
0!
0"
1#
0%
0&
1'
#969050000000
1!
1"
0#
1%
1&
0'
b100 )
b01100100101010001110011000010000 .
#969100000000
0!
0"
1#
0%
0&
1'
#969150000000
1!
1"
0#
1%
1&
0'
b11 )
b00110010010101000111001100001000 .
#969200000000
0!
0"
1#
0%
0&
1'
#969250000000
1!
1"
0#
1%
1&
0'
b10 )
b00011001001010100011100110000100 .
#969300000000
0!
0"
1#
0%
0&
1'
#969350000000
1!
1"
0#
1%
1&
0'
b1 )
b00001100100101010001110011000010 .
#969400000000
0!
0"
1#
0%
0&
1'
#969450000000
1!
1"
0#
1%
1&
0'
b0 )
b00000110010010101000111001100001 .
#969500000000
0!
0"
1#
0%
0&
1'
#969550000000
1!
1"
0#
1%
1&
0'
b111 )
b10 *
b11101110100111011100010000010000 .
#969600000000
0!
0"
1#
0%
0&
1'
#969650000000
1!
1"
0#
1%
1&
0'
b110 )
b01110111010011101110001000001000 .
#969700000000
0!
0"
1#
0%
0&
1'
#969750000000
1!
1"
0#
1%
1&
0'
b101 )
b00111011101001110111000100000100 .
#969800000000
0!
0"
1#
0%
0&
1'
#969850000000
1!
1"
0#
1%
1&
0'
b100 )
b00011101110100111011100010000010 .
#969900000000
0!
0"
1#
0%
0&
1'
#969950000000
1!
1"
0#
1%
1&
0'
b11 )
b00001110111010011101110001000001 .
#970000000000
0!
0"
1#
0%
0&
1'
#970050000000
1!
1"
0#
1%
1&
0'
b10 )
b11101010110011000110110100000000 .
#970100000000
0!
0"
1#
0%
0&
1'
#970150000000
1!
1"
0#
1%
1&
0'
b1 )
b01110101011001100011011010000000 .
#970200000000
0!
0"
1#
0%
0&
1'
#970250000000
1!
1"
0#
1%
1&
0'
b0 )
b00111010101100110001101101000000 .
#970300000000
0!
0"
1#
0%
0&
1'
#970350000000
1!
1"
0#
1%
1&
0'
b111 )
b11 *
b00011101010110011000110110100000 .
#970400000000
0!
0"
1#
0%
0&
1'
#970450000000
1!
1"
0#
1%
1&
0'
b110 )
b00001110101011001100011011010000 .
#970500000000
0!
0"
1#
0%
0&
1'
#970550000000
1!
1"
0#
1%
1&
0'
b101 )
b00000111010101100110001101101000 .
#970600000000
0!
0"
1#
0%
0&
1'
#970650000000
1!
1"
0#
1%
1&
0'
b100 )
b00000011101010110011000110110100 .
#970700000000
0!
0"
1#
0%
0&
1'
#970750000000
1!
1"
0#
1%
1&
0'
b11 )
b00000001110101011001100011011010 .
#970800000000
0!
0"
1#
0%
0&
1'
#970850000000
1!
1"
0#
1%
1&
0'
b10 )
b00000000111010101100110001101101 .
#970900000000
0!
0"
1#
0%
0&
1'
#970950000000
1!
1"
0#
1%
1&
0'
b1 )
b11101101110011011110010100010110 .
#971000000000
0!
0"
1#
0%
0&
1'
#971050000000
1!
1"
0#
1%
1&
0'
b0 )
b01110110111001101111001010001011 .
#971100000000
0!
0"
1#
0%
0&
1'
#971150000000
1!
1"
0#
1%
1&
0'
b111 )
b100 *
b11010110110010111111101001100101 .
#971200000000
0!
0"
1#
0%
0&
1'
#971250000000
1!
1"
0#
1%
1&
0'
b110 )
b10000110110111010111111000010010 .
#971300000000
0!
0"
1#
0%
0&
1'
#971350000000
1!
1"
0#
1%
1&
0'
b101 )
b01000011011011101011111100001001 .
#971400000000
0!
0"
1#
0%
0&
1'
#971450000000
1!
1"
0#
1%
1&
0'
b100 )
b11001100000011111101110010100100 .
#971500000000
0!
0"
1#
0%
0&
1'
#971550000000
1!
1"
0#
1%
1&
0'
b11 )
b01100110000001111110111001010010 .
#971600000000
0!
0"
1#
0%
0&
1'
#971650000000
1!
1"
0#
1%
1&
0'
b10 )
b00110011000000111111011100101001 .
#971700000000
0!
0"
1#
0%
0&
1'
#971750000000
1!
1"
0#
1%
1&
0'
b1 )
b11110100001110010111100010110100 .
#971800000000
0!
0"
1#
0%
0&
1'
#971850000000
1!
1"
0#
1%
1&
0'
b0 )
b01111010000111001011110001011010 .
#971900000000
0!
0"
1#
0%
0&
1'
#971950000000
1!
1"
0#
1%
1&
0'
b111 )
b101 *
b00111101000011100101111000101101 .
#972000000000
0!
0"
1#
0%
0&
1'
#972050000000
1!
1"
0#
1%
1&
0'
b110 )
b11110011001111111010110000110110 .
#972100000000
0!
0"
1#
0%
0&
1'
#972150000000
1!
1"
0#
1%
1&
0'
b101 )
b01111001100111111101011000011011 .
#972200000000
0!
0"
1#
0%
0&
1'
#972250000000
1!
1"
0#
1%
1&
0'
b100 )
b11010001011101110110100000101101 .
#972300000000
0!
0"
1#
0%
0&
1'
#972350000000
1!
1"
0#
1%
1&
0'
b11 )
b10000101000000110011011100110110 .
#972400000000
0!
0"
1#
0%
0&
1'
#972450000000
1!
1"
0#
1%
1&
0'
b10 )
b01000010100000011001101110011011 .
#972500000000
0!
0"
1#
0%
0&
1'
#972550000000
1!
1"
0#
1%
1&
0'
b1 )
b11001100111110000100111011101101 .
#972600000000
0!
0"
1#
0%
0&
1'
#972650000000
1!
1"
0#
1%
1&
0'
b0 )
b10001011110001001010010001010110 .
#972700000000
0!
0"
1#
0%
0&
1'
#972750000000
1!
1"
0#
1%
1&
0'
b111 )
b110 *
b01000101111000100101001000101011 .
#972800000000
0!
0"
1#
0%
0&
1'
#972850000000
1!
1"
0#
1%
1&
0'
b110 )
b11001111010010011010101000110101 .
#972900000000
0!
0"
1#
0%
0&
1'
#972950000000
1!
1"
0#
1%
1&
0'
b101 )
b10001010000111000101011000111010 .
#973000000000
0!
0"
1#
0%
0&
1'
#973050000000
1!
1"
0#
1%
1&
0'
b100 )
b01000101000011100010101100011101 .
#973100000000
0!
0"
1#
0%
0&
1'
#973150000000
1!
1"
0#
1%
1&
0'
b11 )
b11001111001111111001011010101110 .
#973200000000
0!
0"
1#
0%
0&
1'
#973250000000
1!
1"
0#
1%
1&
0'
b10 )
b01100111100111111100101101010111 .
#973300000000
0!
0"
1#
0%
0&
1'
#973350000000
1!
1"
0#
1%
1&
0'
b1 )
b11011110011101110110011010001011 .
#973400000000
0!
0"
1#
0%
0&
1'
#973450000000
1!
1"
0#
1%
1&
0'
b0 )
b10000010100000110011000001100101 .
#973500000000
0!
0"
1#
0%
0&
1'
#973550000000
1!
1"
0#
1%
1&
0'
b111 )
b111 *
b10101100111110010001101100010010 .
#973600000000
0!
0"
1#
0%
0&
1'
#973650000000
1!
1"
0#
1%
1&
0'
b110 )
b01010110011111001000110110001001 .
#973700000000
0!
0"
1#
0%
0&
1'
#973750000000
1!
1"
0#
1%
1&
0'
b101 )
b11000110100001101100010111100100 .
#973800000000
0!
0"
1#
0%
0&
1'
#973850000000
1!
1"
0#
1%
1&
0'
b100 )
b01100011010000110110001011110010 .
#973900000000
0!
0"
1#
0%
0&
1'
#973950000000
1!
1"
0#
1%
1&
0'
b11 )
b00110001101000011011000101111001 .
#974000000000
0!
0"
1#
0%
0&
1'
#974050000000
1!
1"
0#
1%
1&
0'
b10 )
b11110101011010000101101110011100 .
#974100000000
0!
0"
1#
0%
0&
1'
#974150000000
1!
1"
0#
1%
1&
0'
b1 )
b01111010101101000010110111001110 .
#974200000000
0!
0"
1#
0%
0&
1'
#974250000000
1!
1"
0#
1%
1&
0'
b0 )
b00111101010110100001011011100111 .
#974300000000
0!
0"
1#
0%
0&
1'
#974350000000
1!
1"
0#
1%
1&
0'
b111 )
b1000 *
b11110011000101011000100001010011 .
#974400000000
0!
0"
1#
0%
0&
1'
#974450000000
1!
1"
0#
1%
1&
0'
b110 )
b10010100001100100100011100001001 .
#974500000000
0!
0"
1#
0%
0&
1'
#974550000000
1!
1"
0#
1%
1&
0'
b101 )
b10100111101000011010000010100100 .
#974600000000
0!
0"
1#
0%
0&
1'
#974650000000
1!
1"
0#
1%
1&
0'
b100 )
b01010011110100001101000001010010 .
#974700000000
0!
0"
1#
0%
0&
1'
#974750000000
1!
1"
0#
1%
1&
0'
b11 )
b00101001111010000110100000101001 .
#974800000000
0!
0"
1#
0%
0&
1'
#974850000000
1!
1"
0#
1%
1&
0'
b10 )
b11111001010011001011011100110100 .
#974900000000
0!
0"
1#
0%
0&
1'
#974950000000
1!
1"
0#
1%
1&
0'
b1 )
b01111100101001100101101110011010 .
#975000000000
0!
0"
1#
0%
0&
1'
#975050000000
1!
1"
0#
1%
1&
0'
b0 )
b00111110010100110010110111001101 .
#975100000000
0!
0"
1#
0%
0&
1'
#975150000000
1!
1"
0#
1%
1&
0'
b111 )
b1001 *
b11110010100100010001010111000110 .
#975200000000
0!
0"
1#
0%
0&
1'
#975250000000
1!
1"
0#
1%
1&
0'
b110 )
b01111001010010001000101011100011 .
#975300000000
0!
0"
1#
0%
0&
1'
#975350000000
1!
1"
0#
1%
1&
0'
b101 )
b11010001000111001100011001010001 .
#975400000000
0!
0"
1#
0%
0&
1'
#975450000000
1!
1"
0#
1%
1&
0'
b100 )
b10000101001101101110000000001000 .
#975500000000
0!
0"
1#
0%
0&
1'
#975550000000
1!
1"
0#
1%
1&
0'
b11 )
b01000010100110110111000000000100 .
#975600000000
0!
0"
1#
0%
0&
1'
#975650000000
1!
1"
0#
1%
1&
0'
b10 )
b00100001010011011011100000000010 .
#975700000000
0!
0"
1#
0%
0&
1'
#975750000000
1!
1"
0#
1%
1&
0'
b1 )
b00010000101001101101110000000001 .
#975800000000
0!
0"
1#
0%
0&
1'
#975850000000
1!
1"
0#
1%
1&
0'
b0 )
b11100101111010111110110100100000 .
#975900000000
0!
0"
1#
0%
0&
1'
#975950000000
1!
1"
0#
1%
1&
0'
b111 )
b1010 *
b01110010111101011111011010010000 .
#976000000000
0!
0"
1#
0%
0&
1'
#976050000000
1!
1"
0#
1%
1&
0'
b110 )
b00111001011110101111101101001000 .
#976100000000
0!
0"
1#
0%
0&
1'
#976150000000
1!
1"
0#
1%
1&
0'
b101 )
b00011100101111010111110110100100 .
#976200000000
0!
0"
1#
0%
0&
1'
#976250000000
1!
1"
0#
1%
1&
0'
b100 )
b00001110010111101011111011010010 .
#976300000000
0!
0"
1#
0%
0&
1'
#976350000000
1!
1"
0#
1%
1&
0'
b11 )
b00000111001011110101111101101001 .
#976400000000
0!
0"
1#
0%
0&
1'
#976450000000
1!
1"
0#
1%
1&
0'
b10 )
b11101110001011110010110010010100 .
#976500000000
0!
0"
1#
0%
0&
1'
#976550000000
1!
1"
0#
1%
1&
0'
b1 )
b01110111000101111001011001001010 .
#976600000000
0!
0"
1#
0%
0&
1'
#976650000000
1!
1"
0#
1%
1&
0'
b0 )
b00111011100010111100101100100101 .
#976700000000
0!
0"
1#
0%
0&
1'
#976750000000
1!
1"
0#
1%
1&
0'
b111 )
b1011 *
b11110000011111010110011010110010 .
#976800000000
0!
0"
1#
0%
0&
1'
#976850000000
1!
1"
0#
1%
1&
0'
b110 )
b01111000001111101011001101011001 .
#976900000000
0!
0"
1#
0%
0&
1'
#976950000000
1!
1"
0#
1%
1&
0'
b101 )
b11010001101001111101101010001100 .
#977000000000
0!
0"
1#
0%
0&
1'
#977050000000
1!
1"
0#
1%
1&
0'
b100 )
b01101000110100111110110101000110 .
#977100000000
0!
0"
1#
0%
0&
1'
#977150000000
1!
1"
0#
1%
1&
0'
b11 )
b00110100011010011111011010100011 .
#977200000000
0!
0"
1#
0%
0&
1'
#977250000000
1!
1"
0#
1%
1&
0'
b10 )
b11110111100011000111100001110001 .
#977300000000
0!
0"
1#
0%
0&
1'
#977350000000
1!
1"
0#
1%
1&
0'
b1 )
b10010110011111101011111100011000 .
#977400000000
0!
0"
1#
0%
0&
1'
#977450000000
1!
1"
0#
1%
1&
0'
b0 )
b01001011001111110101111110001100 .
#977500000000
0!
0"
1#
0%
0&
1'
#977550000000
1!
1"
0#
1%
1&
0'
b111 )
b1100 *
b00100101100111111010111111000110 .
#977600000000
0!
0"
1#
0%
0&
1'
#977650000000
1!
1"
0#
1%
1&
0'
b110 )
b00010010110011111101011111100011 .
#977700000000
0!
0"
1#
0%
0&
1'
#977750000000
1!
1"
0#
1%
1&
0'
b101 )
b11100100110111110110100011010001 .
#977800000000
0!
0"
1#
0%
0&
1'
#977850000000
1!
1"
0#
1%
1&
0'
b100 )
b10011111110101110011011101001000 .
#977900000000
0!
0"
1#
0%
0&
1'
#977950000000
1!
1"
0#
1%
1&
0'
b11 )
b01001111111010111001101110100100 .
#978000000000
0!
0"
1#
0%
0&
1'
#978050000000
1!
1"
0#
1%
1&
0'
b10 )
b00100111111101011100110111010010 .
#978100000000
0!
0"
1#
0%
0&
1'
#978150000000
1!
1"
0#
1%
1&
0'
b1 )
b00010011111110101110011011101001 .
#978200000000
0!
0"
1#
0%
0&
1'
#978250000000
1!
1"
0#
1%
1&
0'
b0 )
b11100100010001011111000001010100 .
#978300000000
0!
0"
1#
0%
0&
1'
#978350000000
1!
1"
0#
1%
1&
0'
b111 )
b1101 *
b01110010001000101111100000101010 .
#978400000000
0!
0"
1#
0%
0&
1'
#978450000000
1!
1"
0#
1%
1&
0'
b110 )
b00111001000100010111110000010101 .
#978500000000
0!
0"
1#
0%
0&
1'
#978550000000
1!
1"
0#
1%
1&
0'
b101 )
b11110001001100000011110100101010 .
#978600000000
0!
0"
1#
0%
0&
1'
#978650000000
1!
1"
0#
1%
1&
0'
b100 )
b01111000100110000001111010010101 .
#978700000000
0!
0"
1#
0%
0&
1'
#978750000000
1!
1"
0#
1%
1&
0'
b11 )
b11010001111101001000110001101010 .
#978800000000
0!
0"
1#
0%
0&
1'
#978850000000
1!
1"
0#
1%
1&
0'
b10 )
b01101000111110100100011000110101 .
#978900000000
0!
0"
1#
0%
0&
1'
#978950000000
1!
1"
0#
1%
1&
0'
b1 )
b11011001110001011010000000111010 .
#979000000000
0!
0"
1#
0%
0&
1'
#979050000000
1!
1"
0#
1%
1&
0'
b0 )
b01101100111000101101000000011101 .
#979100000000
0!
0"
1#
0%
0&
1'
#979150000000
1!
1"
0#
1%
1&
0'
b111 )
b1110 *
b11011011110010011110101100101110 .
#979200000000
0!
0"
1#
0%
0&
1'
#979250000000
1!
1"
0#
1%
1&
0'
b110 )
b01101101111001001111010110010111 .
#979300000000
0!
0"
1#
0%
0&
1'
#979350000000
1!
1"
0#
1%
1&
0'
b101 )
b11011011010010101111100111101011 .
#979400000000
0!
0"
1#
0%
0&
1'
#979450000000
1!
1"
0#
1%
1&
0'
b100 )
b10000000000111011111111111010101 .
#979500000000
0!
0"
1#
0%
0&
1'
#979550000000
1!
1"
0#
1%
1&
0'
b11 )
b10101101101101100111110011001010 .
#979600000000
0!
0"
1#
0%
0&
1'
#979650000000
1!
1"
0#
1%
1&
0'
b10 )
b01010110110110110011111001100101 .
#979700000000
0!
0"
1#
0%
0&
1'
#979750000000
1!
1"
0#
1%
1&
0'
b1 )
b11000110110101010001110000010010 .
#979800000000
0!
0"
1#
0%
0&
1'
#979850000000
1!
1"
0#
1%
1&
0'
b0 )
b01100011011010101000111000001001 .
#979900000000
0!
0"
1#
0%
0&
1'
#979950000000
1!
1"
0#
1%
1&
0'
b111 )
b1111 *
b11011100000011011100010000100100 .
#980000000000
0!
0"
1#
0%
0&
1'
#980050000000
1!
1"
0#
1%
1&
0'
b110 )
b01101110000001101110001000010010 .
#980100000000
0!
0"
1#
0%
0&
1'
#980150000000
1!
1"
0#
1%
1&
0'
b101 )
b00110111000000110111000100001001 .
#980200000000
0!
0"
1#
0%
0&
1'
#980250000000
1!
1"
0#
1%
1&
0'
b100 )
b11110110001110010011101110100100 .
#980300000000
0!
0"
1#
0%
0&
1'
#980350000000
1!
1"
0#
1%
1&
0'
b11 )
b01111011000111001001110111010010 .
#980400000000
0!
0"
1#
0%
0&
1'
#980450000000
1!
1"
0#
1%
1&
0'
b10 )
b00111101100011100100111011101001 .
#980500000000
0!
0"
1#
0%
0&
1'
#980550000000
1!
1"
0#
1%
1&
0'
b1 )
b11110011011111111010010001010100 .
#980600000000
0!
0"
1#
0%
0&
1'
#980650000000
1!
1"
0#
1%
1&
0'
b0 )
b01111001101111111101001000101010 .
#980700000000
0!
0"
1#
0%
0&
1'
#980750000000
1!
1"
0#
1%
1&
0'
b111 )
b10000 *
b00111100110111111110100100010101 .
#980800000000
0!
0"
1#
0%
0&
1'
#980850000000
1!
1"
0#
1%
1&
0'
b110 )
b11110011110101110111011110101010 .
#980900000000
0!
0"
1#
0%
0&
1'
#980950000000
1!
1"
0#
1%
1&
0'
b101 )
b01111001111010111011101111010101 .
#981000000000
0!
0"
1#
0%
0&
1'
#981050000000
1!
1"
0#
1%
1&
0'
b100 )
b11010001010011010101111011001010 .
#981100000000
0!
0"
1#
0%
0&
1'
#981150000000
1!
1"
0#
1%
1&
0'
b11 )
b01101000101001101010111101100101 .
#981200000000
0!
0"
1#
0%
0&
1'
#981250000000
1!
1"
0#
1%
1&
0'
b10 )
b11011001111010111101010010010010 .
#981300000000
0!
0"
1#
0%
0&
1'
#981350000000
1!
1"
0#
1%
1&
0'
b1 )
b01101100111101011110101001001001 .
#981400000000
0!
0"
1#
0%
0&
1'
#981450000000
1!
1"
0#
1%
1&
0'
b0 )
b11011011110000100111011000000100 .
#981500000000
0!
0"
1#
0%
0&
1'
#981550000000
1!
1"
0#
1%
1&
0'
b111 )
b10001 *
b01101101111000010011101100000010 .
#981600000000
0!
0"
1#
0%
0&
1'
#981650000000
1!
1"
0#
1%
1&
0'
b110 )
b00110110111100001001110110000001 .
#981700000000
0!
0"
1#
0%
0&
1'
#981750000000
1!
1"
0#
1%
1&
0'
b101 )
b11110110110000001100110111100000 .
#981800000000
0!
0"
1#
0%
0&
1'
#981850000000
1!
1"
0#
1%
1&
0'
b100 )
b01111011011000000110011011110000 .
#981900000000
0!
0"
1#
0%
0&
1'
#981950000000
1!
1"
0#
1%
1&
0'
b11 )
b00111101101100000011001101111000 .
#982000000000
0!
0"
1#
0%
0&
1'
#982050000000
1!
1"
0#
1%
1&
0'
b10 )
b00011110110110000001100110111100 .
#982100000000
0!
0"
1#
0%
0&
1'
#982150000000
1!
1"
0#
1%
1&
0'
b1 )
b00001111011011000000110011011110 .
#982200000000
0!
0"
1#
0%
0&
1'
#982250000000
1!
1"
0#
1%
1&
0'
b0 )
b00000111101101100000011001101111 .
#982300000000
0!
0"
1#
0%
0&
1'
#982350000000
1!
1"
0#
1%
1&
0'
b111 )
b10010 *
b11101110011000111000000000010111 .
#982400000000
0!
0"
1#
0%
0&
1'
#982450000000
1!
1"
0#
1%
1&
0'
b110 )
b10011010100010010100001100101011 .
#982500000000
0!
0"
1#
0%
0&
1'
#982550000000
1!
1"
0#
1%
1&
0'
b101 )
b10100000111111000010001010110101 .
#982600000000
0!
0"
1#
0%
0&
1'
#982650000000
1!
1"
0#
1%
1&
0'
b100 )
b10111101110001101001001001111010 .
#982700000000
0!
0"
1#
0%
0&
1'
#982750000000
1!
1"
0#
1%
1&
0'
b11 )
b01011110111000110100100100111101 .
#982800000000
0!
0"
1#
0%
0&
1'
#982850000000
1!
1"
0#
1%
1&
0'
b10 )
b11000010110010010010011110111110 .
#982900000000
0!
0"
1#
0%
0&
1'
#982950000000
1!
1"
0#
1%
1&
0'
b1 )
b01100001011001001001001111011111 .
#983000000000
0!
0"
1#
0%
0&
1'
#983050000000
1!
1"
0#
1%
1&
0'
b0 )
b11011101000010101100101011001111 .
#983100000000
0!
0"
1#
0%
0&
1'
#983150000000
1!
1"
0#
1%
1&
0'
b111 )
b10011 *
b10000011001111011110011001000111 .
#983200000000
0!
0"
1#
0%
0&
1'
#983250000000
1!
1"
0#
1%
1&
0'
b110 )
b10101100001001100111000000000011 .
#983300000000
0!
0"
1#
0%
0&
1'
#983350000000
1!
1"
0#
1%
1&
0'
b101 )
b10111011101010111011101100100001 .
#983400000000
0!
0"
1#
0%
0&
1'
#983450000000
1!
1"
0#
1%
1&
0'
b100 )
b10110000011011010101111010110000 .
#983500000000
0!
0"
1#
0%
0&
1'
#983550000000
1!
1"
0#
1%
1&
0'
b11 )
b01011000001101101010111101011000 .
#983600000000
0!
0"
1#
0%
0&
1'
#983650000000
1!
1"
0#
1%
1&
0'
b10 )
b00101100000110110101011110101100 .
#983700000000
0!
0"
1#
0%
0&
1'
#983750000000
1!
1"
0#
1%
1&
0'
b1 )
b00010110000011011010101111010110 .
#983800000000
0!
0"
1#
0%
0&
1'
#983850000000
1!
1"
0#
1%
1&
0'
b0 )
b00001011000001101101010111101011 .
#983900000000
0!
0"
1#
0%
0&
1'
#983950000000
1!
1"
0#
1%
1&
0'
b111 )
b10100 *
b11101000001110111110100111010101 .
#984000000000
0!
0"
1#
0%
0&
1'
#984050000000
1!
1"
0#
1%
1&
0'
b110 )
b10011001101001010111011111001010 .
#984100000000
0!
0"
1#
0%
0&
1'
#984150000000
1!
1"
0#
1%
1&
0'
b101 )
b01001100110100101011101111100101 .
#984200000000
0!
0"
1#
0%
0&
1'
#984250000000
1!
1"
0#
1%
1&
0'
b100 )
b11001011110100011101111011010010 .
#984300000000
0!
0"
1#
0%
0&
1'
#984350000000
1!
1"
0#
1%
1&
0'
b11 )
b01100101111010001110111101101001 .
#984400000000
0!
0"
1#
0%
0&
1'
#984450000000
1!
1"
0#
1%
1&
0'
b10 )
b11011111010011001111010010010100 .
#984500000000
0!
0"
1#
0%
0&
1'
#984550000000
1!
1"
0#
1%
1&
0'
b1 )
b01101111101001100111101001001010 .
#984600000000
0!
0"
1#
0%
0&
1'
#984650000000
1!
1"
0#
1%
1&
0'
b0 )
b00110111110100110011110100100101 .
#984700000000
0!
0"
1#
0%
0&
1'
#984750000000
1!
1"
0#
1%
1&
0'
b111 )
b10101 *
b11110110010100010001110110110010 .
#984800000000
0!
0"
1#
0%
0&
1'
#984850000000
1!
1"
0#
1%
1&
0'
b110 )
b01111011001010001000111011011001 .
#984900000000
0!
0"
1#
0%
0&
1'
#984950000000
1!
1"
0#
1%
1&
0'
b101 )
b11010000001011001100010001001100 .
#985000000000
0!
0"
1#
0%
0&
1'
#985050000000
1!
1"
0#
1%
1&
0'
b100 )
b01101000000101100110001000100110 .
#985100000000
0!
0"
1#
0%
0&
1'
#985150000000
1!
1"
0#
1%
1&
0'
b11 )
b00110100000010110011000100010011 .
#985200000000
0!
0"
1#
0%
0&
1'
#985250000000
1!
1"
0#
1%
1&
0'
b10 )
b11110111101111010001101110101001 .
#985300000000
0!
0"
1#
0%
0&
1'
#985350000000
1!
1"
0#
1%
1&
0'
b1 )
b10010110011001100000111011110100 .
#985400000000
0!
0"
1#
0%
0&
1'
#985450000000
1!
1"
0#
1%
1&
0'
b0 )
b01001011001100110000011101111010 .
#985500000000
0!
0"
1#
0%
0&
1'
#985550000000
1!
1"
0#
1%
1&
0'
b111 )
b10110 *
b00100101100110011000001110111101 .
#985600000000
0!
0"
1#
0%
0&
1'
#985650000000
1!
1"
0#
1%
1&
0'
b110 )
b11111111011101000100001011111110 .
#985700000000
0!
0"
1#
0%
0&
1'
#985750000000
1!
1"
0#
1%
1&
0'
b101 )
b01111111101110100010000101111111 .
#985800000000
0!
0"
1#
0%
0&
1'
#985850000000
1!
1"
0#
1%
1&
0'
b100 )
b11010010011001011001001110011111 .
#985900000000
0!
0"
1#
0%
0&
1'
#985950000000
1!
1"
0#
1%
1&
0'
b11 )
b10000100100010100100101011101111 .
#986000000000
0!
0"
1#
0%
0&
1'
#986050000000
1!
1"
0#
1%
1&
0'
b10 )
b10101111111111011010011001010111 .
#986100000000
0!
0"
1#
0%
0&
1'
#986150000000
1!
1"
0#
1%
1&
0'
b1 )
b10111010010001100101000000001011 .
#986200000000
0!
0"
1#
0%
0&
1'
#986250000000
1!
1"
0#
1%
1&
0'
b0 )
b10110000100110111010101100100101 .
#986300000000
0!
0"
1#
0%
0&
1'
#986350000000
1!
1"
0#
1%
1&
0'
b111 )
b10111 *
b10110101111101010101011010110010 .
#986400000000
0!
0"
1#
0%
0&
1'
#986450000000
1!
1"
0#
1%
1&
0'
b110 )
b01011010111110101010101101011001 .
#986500000000
0!
0"
1#
0%
0&
1'
#986550000000
1!
1"
0#
1%
1&
0'
b101 )
b11000000110001011101011010001100 .
#986600000000
0!
0"
1#
0%
0&
1'
#986650000000
1!
1"
0#
1%
1&
0'
b100 )
b01100000011000101110101101000110 .
#986700000000
0!
0"
1#
0%
0&
1'
#986750000000
1!
1"
0#
1%
1&
0'
b11 )
b00110000001100010111010110100011 .
#986800000000
0!
0"
1#
0%
0&
1'
#986850000000
1!
1"
0#
1%
1&
0'
b10 )
b11110101101000000011100111110001 .
#986900000000
0!
0"
1#
0%
0&
1'
#986950000000
1!
1"
0#
1%
1&
0'
b1 )
b10010111011010001001111111011000 .
#987000000000
0!
0"
1#
0%
0&
1'
#987050000000
1!
1"
0#
1%
1&
0'
b0 )
b01001011101101000100111111101100 .
#987100000000
0!
0"
1#
0%
0&
1'
#987150000000
1!
1"
0#
1%
1&
0'
b111 )
b11000 *
b00100101110110100010011111110110 .
#987200000000
0!
0"
1#
0%
0&
1'
#987250000000
1!
1"
0#
1%
1&
0'
b110 )
b00010010111011010001001111111011 .
#987300000000
0!
0"
1#
0%
0&
1'
#987350000000
1!
1"
0#
1%
1&
0'
b101 )
b11100100110011100000101011011101 .
#987400000000
0!
0"
1#
0%
0&
1'
#987450000000
1!
1"
0#
1%
1&
0'
b100 )
b10011111110111111000011001001110 .
#987500000000
0!
0"
1#
0%
0&
1'
#987550000000
1!
1"
0#
1%
1&
0'
b11 )
b01001111111011111100001100100111 .
#987600000000
0!
0"
1#
0%
0&
1'
#987650000000
1!
1"
0#
1%
1&
0'
b10 )
b11001010010011110110001010110011 .
#987700000000
0!
0"
1#
0%
0&
1'
#987750000000
1!
1"
0#
1%
1&
0'
b1 )
b10001000100111110011001001111001 .
#987800000000
0!
0"
1#
0%
0&
1'
#987850000000
1!
1"
0#
1%
1&
0'
b0 )
b10101001111101110001101000011100 .
#987900000000
0!
0"
1#
0%
0&
1'
#987950000000
1!
1"
0#
1%
1&
0'
b111 )
b11001 *
b01010100111110111000110100001110 .
#988000000000
0!
0"
1#
0%
0&
1'
#988050000000
1!
1"
0#
1%
1&
0'
b110 )
b00101010011111011100011010000111 .
#988100000000
0!
0"
1#
0%
0&
1'
#988150000000
1!
1"
0#
1%
1&
0'
b101 )
b11111000100001100110000001100011 .
#988200000000
0!
0"
1#
0%
0&
1'
#988250000000
1!
1"
0#
1%
1&
0'
b100 )
b10010001111110111011001100010001 .
#988300000000
0!
0"
1#
0%
0&
1'
#988350000000
1!
1"
0#
1%
1&
0'
b11 )
b10100101010001010101101010101000 .
#988400000000
0!
0"
1#
0%
0&
1'
#988450000000
1!
1"
0#
1%
1&
0'
b10 )
b01010010101000101010110101010100 .
#988500000000
0!
0"
1#
0%
0&
1'
#988550000000
1!
1"
0#
1%
1&
0'
b1 )
b00101001010100010101011010101010 .
#988600000000
0!
0"
1#
0%
0&
1'
#988650000000
1!
1"
0#
1%
1&
0'
b0 )
b00010100101010001010101101010101 .
#988700000000
0!
0"
1#
0%
0&
1'
#988750000000
1!
1"
0#
1%
1&
0'
b111 )
b11010 *
b11100111111011001101011010001010 .
#988800000000
0!
0"
1#
0%
0&
1'
#988850000000
1!
1"
0#
1%
1&
0'
b110 )
b01110011111101100110101101000101 .
#988900000000
0!
0"
1#
0%
0&
1'
#988950000000
1!
1"
0#
1%
1&
0'
b101 )
b11010100010000111011011010000010 .
#989000000000
0!
0"
1#
0%
0&
1'
#989050000000
1!
1"
0#
1%
1&
0'
b100 )
b01101010001000011101101101000001 .
#989100000000
0!
0"
1#
0%
0&
1'
#989150000000
1!
1"
0#
1%
1&
0'
b11 )
b11011000101010000110111010000000 .
#989200000000
0!
0"
1#
0%
0&
1'
#989250000000
1!
1"
0#
1%
1&
0'
b10 )
b01101100010101000011011101000000 .
#989300000000
0!
0"
1#
0%
0&
1'
#989350000000
1!
1"
0#
1%
1&
0'
b1 )
b00110110001010100001101110100000 .
#989400000000
0!
0"
1#
0%
0&
1'
#989450000000
1!
1"
0#
1%
1&
0'
b0 )
b00011011000101010000110111010000 .
#989500000000
0!
0"
1#
0%
0&
1'
#989550000000
1!
1"
0#
1%
1&
0'
b111 )
b11011 *
b00001101100010101000011011101000 .
#989600000000
0!
0"
1#
0%
0&
1'
#989650000000
1!
1"
0#
1%
1&
0'
b110 )
b00000110110001010100001101110100 .
#989700000000
0!
0"
1#
0%
0&
1'
#989750000000
1!
1"
0#
1%
1&
0'
b101 )
b00000011011000101010000110111010 .
#989800000000
0!
0"
1#
0%
0&
1'
#989850000000
1!
1"
0#
1%
1&
0'
b100 )
b00000001101100010101000011011101 .
#989900000000
0!
0"
1#
0%
0&
1'
#989950000000
1!
1"
0#
1%
1&
0'
b11 )
b11101101011000000010101101001110 .
#990000000000
0!
0"
1#
0%
0&
1'
#990050000000
1!
1"
0#
1%
1&
0'
b10 )
b01110110101100000001010110100111 .
#990100000000
0!
0"
1#
0%
0&
1'
#990150000000
1!
1"
0#
1%
1&
0'
b1 )
b11010110111000001000100111110011 .
#990200000000
0!
0"
1#
0%
0&
1'
#990250000000
1!
1"
0#
1%
1&
0'
b0 )
b10000110110010001100011111011001 .
#990300000000
0!
0"
1#
0%
0&
1'
#990350000000
1!
1"
0#
1%
1&
0'
b111 )
b11100 *
b10101110110111001110000011001100 .
#990400000000
0!
0"
1#
0%
0&
1'
#990450000000
1!
1"
0#
1%
1&
0'
b110 )
b01010111011011100111000001100110 .
#990500000000
0!
0"
1#
0%
0&
1'
#990550000000
1!
1"
0#
1%
1&
0'
b101 )
b00101011101101110011100000110011 .
#990600000000
0!
0"
1#
0%
0&
1'
#990650000000
1!
1"
0#
1%
1&
0'
b100 )
b11111000011000110001111100111001 .
#990700000000
0!
0"
1#
0%
0&
1'
#990750000000
1!
1"
0#
1%
1&
0'
b11 )
b10010001100010010000110010111100 .
#990800000000
0!
0"
1#
0%
0&
1'
#990850000000
1!
1"
0#
1%
1&
0'
b10 )
b01001000110001001000011001011110 .
#990900000000
0!
0"
1#
0%
0&
1'
#990950000000
1!
1"
0#
1%
1&
0'
b1 )
b00100100011000100100001100101111 .
#991000000000
0!
0"
1#
0%
0&
1'
#991050000000
1!
1"
0#
1%
1&
0'
b0 )
b11111111100010011010001010110111 .
#991100000000
0!
0"
1#
0%
0&
1'
#991150000000
1!
1"
0#
1%
1&
0'
b111 )
b11101 *
b10010010011111000101001001111011 .
#991200000000
0!
0"
1#
0%
0&
1'
#991250000000
1!
1"
0#
1%
1&
0'
b110 )
b10100100100001101010101000011101 .
#991300000000
0!
0"
1#
0%
0&
1'
#991350000000
1!
1"
0#
1%
1&
0'
b101 )
b10111111111110111101011000101110 .
#991400000000
0!
0"
1#
0%
0&
1'
#991450000000
1!
1"
0#
1%
1&
0'
b100 )
b01011111111111011110101100010111 .
#991500000000
0!
0"
1#
0%
0&
1'
#991550000000
1!
1"
0#
1%
1&
0'
b11 )
b11000010010001100111011010101011 .
#991600000000
0!
0"
1#
0%
0&
1'
#991650000000
1!
1"
0#
1%
1&
0'
b10 )
b10001100100110111011100001110101 .
#991700000000
0!
0"
1#
0%
0&
1'
#991750000000
1!
1"
0#
1%
1&
0'
b1 )
b10101011111101010101111100011010 .
#991800000000
0!
0"
1#
0%
0&
1'
#991850000000
1!
1"
0#
1%
1&
0'
b0 )
b01010101111110101010111110001101 .
#991900000000
0!
0"
1#
0%
0&
1'
#991950000000
1!
1"
0#
1%
1&
0'
b111 )
b11110 *
b11000111010001011101010011100110 .
#992000000000
0!
0"
1#
0%
0&
1'
#992050000000
1!
1"
0#
1%
1&
0'
b110 )
b01100011101000101110101001110011 .
#992100000000
0!
0"
1#
0%
0&
1'
#992150000000
1!
1"
0#
1%
1&
0'
b101 )
b11011100011010011111011000011001 .
#992200000000
0!
0"
1#
0%
0&
1'
#992250000000
1!
1"
0#
1%
1&
0'
b100 )
b10000011100011000111100000101100 .
#992300000000
0!
0"
1#
0%
0&
1'
#992350000000
1!
1"
0#
1%
1&
0'
b11 )
b01000001110001100011110000010110 .
#992400000000
0!
0"
1#
0%
0&
1'
#992450000000
1!
1"
0#
1%
1&
0'
b10 )
b00100000111000110001111000001011 .
#992500000000
0!
0"
1#
0%
0&
1'
#992550000000
1!
1"
0#
1%
1&
0'
b1 )
b11111101110010010000110000100101 .
#992600000000
0!
0"
1#
0%
0&
1'
#992650000000
1!
1"
0#
1%
1&
0'
b0 )
b10010011010111000000010100110010 .
#992700000000
0!
0"
1#
0%
0&
1'
#992750000000
1!
1"
0#
1%
1&
0'
b111 )
b11111 *
b01001001101011100000001010011001 .
#992800000000
0!
0"
1#
0%
0&
1'
#992850000000
1!
1"
0#
1%
1&
0'
b110 )
b11001001011011111000001001101100 .
#992900000000
0!
0"
1#
0%
0&
1'
#992950000000
1!
1"
0#
1%
1&
0'
b101 )
b01100100101101111100000100110110 .
#993000000000
0!
0"
1#
0%
0&
1'
#993050000000
1!
1"
0#
1%
1&
0'
b100 )
b00110010010110111110000010011011 .
#993100000000
0!
0"
1#
0%
0&
1'
#993150000000
1!
1"
0#
1%
1&
0'
b11 )
b11110100100101010111001101101101 .
#993200000000
0!
0"
1#
0%
0&
1'
#993250000000
1!
1"
0#
1%
1&
0'
b10 )
b10010111111100100011101010010110 .
#993300000000
0!
0"
1#
0%
0&
1'
#993350000000
1!
1"
0#
1%
1&
0'
b1 )
b01001011111110010001110101001011 .
#993400000000
0!
0"
1#
0%
0&
1'
#993450000000
1!
1"
0#
1%
1&
0'
b0 )
b11001000010001000000110110000101 .
#993500000000
0!
0"
1#
0%
0&
1'
#993550000000
1!
1"
0#
1%
1&
0'
b111 )
b100000 *
b10001001100110101000010111100010 .
#993600000000
0!
0"
1#
0%
0&
1'
#993650000000
1!
1"
0#
1%
1&
0'
b110 )
b01000100110011010100001011110001 .
#993700000000
0!
0"
1#
0%
0&
1'
#993750000000
1!
1"
0#
1%
1&
0'
b101 )
b11001111110111100010001001011000 .
#993800000000
0!
0"
1#
0%
0&
1'
#993850000000
1!
1"
0#
1%
1&
0'
b100 )
b01100111111011110001000100101100 .
#993900000000
0!
0"
1#
0%
0&
1'
#993950000000
1!
1"
0#
1%
1&
0'
b11 )
b00110011111101111000100010010110 .
#994000000000
0!
0"
1#
0%
0&
1'
#994050000000
1!
1"
0#
1%
1&
0'
b10 )
b00011001111110111100010001001011 .
#994100000000
0!
0"
1#
0%
0&
1'
#994150000000
1!
1"
0#
1%
1&
0'
b1 )
b11100001010001010110000100000101 .
#994200000000
0!
0"
1#
0%
0&
1'
#994250000000
1!
1"
0#
1%
1&
0'
b0 )
b10011101000110100011001110100010 .
#994300000000
0!
0"
1#
0%
0&
1'
#994350000000
1!
1"
0#
1%
1&
0'
b111 )
b100001 *
b01001110100011010001100111010001 .
#994400000000
0!
0"
1#
0%
0&
1'
#994450000000
1!
1"
0#
1%
1&
0'
b110 )
b11001010111111100000111111001000 .
#994500000000
0!
0"
1#
0%
0&
1'
#994550000000
1!
1"
0#
1%
1&
0'
b101 )
b01100101011111110000011111100100 .
#994600000000
0!
0"
1#
0%
0&
1'
#994650000000
1!
1"
0#
1%
1&
0'
b100 )
b00110010101111111000001111110010 .
#994700000000
0!
0"
1#
0%
0&
1'
#994750000000
1!
1"
0#
1%
1&
0'
b11 )
b00011001010111111100000111111001 .
#994800000000
0!
0"
1#
0%
0&
1'
#994850000000
1!
1"
0#
1%
1&
0'
b10 )
b11100001000101110110001111011100 .
#994900000000
0!
0"
1#
0%
0&
1'
#994950000000
1!
1"
0#
1%
1&
0'
b1 )
b01110000100010111011000111101110 .
#995000000000
0!
0"
1#
0%
0&
1'
#995050000000
1!
1"
0#
1%
1&
0'
b0 )
b00111000010001011101100011110111 .
#995100000000
0!
0"
1#
0%
0&
1'
#995150000000
1!
1"
0#
1%
1&
0'
b111 )
b100010 *
b11110001100110100110111101011011 .
#995200000000
0!
0"
1#
0%
0&
1'
#995250000000
1!
1"
0#
1%
1&
0'
b110 )
b10010101011101011011010010001101 .
#995300000000
0!
0"
1#
0%
0&
1'
#995350000000
1!
1"
0#
1%
1&
0'
b101 )
b10100111000000100101100101100110 .
#995400000000
0!
0"
1#
0%
0&
1'
#995450000000
1!
1"
0#
1%
1&
0'
b100 )
b01010011100000010010110010110011 .
#995500000000
0!
0"
1#
0%
0&
1'
#995550000000
1!
1"
0#
1%
1&
0'
b11 )
b11000100011110000001010101111001 .
#995600000000
0!
0"
1#
0%
0&
1'
#995650000000
1!
1"
0#
1%
1&
0'
b10 )
b10001111100001001000100110011100 .
#995700000000
0!
0"
1#
0%
0&
1'
#995750000000
1!
1"
0#
1%
1&
0'
b1 )
b01000111110000100100010011001110 .
#995800000000
0!
0"
1#
0%
0&
1'
#995850000000
1!
1"
0#
1%
1&
0'
b0 )
b00100011111000010010001001100111 .
#995900000000
0!
0"
1#
0%
0&
1'
#995950000000
1!
1"
0#
1%
1&
0'
b111 )
b100011 *
b11111100010010000001001000010011 .
#996000000000
0!
0"
1#
0%
0&
1'
#996050000000
1!
1"
0#
1%
1&
0'
b110 )
b10010011100111001000101000101001 .
#996100000000
0!
0"
1#
0%
0&
1'
#996150000000
1!
1"
0#
1%
1&
0'
b101 )
b10100100011101101100011000110100 .
#996200000000
0!
0"
1#
0%
0&
1'
#996250000000
1!
1"
0#
1%
1&
0'
b100 )
b01010010001110110110001100011010 .
#996300000000
0!
0"
1#
0%
0&
1'
#996350000000
1!
1"
0#
1%
1&
0'
b11 )
b00101001000111011011000110001101 .
#996400000000
0!
0"
1#
0%
0&
1'
#996450000000
1!
1"
0#
1%
1&
0'
b10 )
b11111001001101100101101111100110 .
#996500000000
0!
0"
1#
0%
0&
1'
#996550000000
1!
1"
0#
1%
1&
0'
b1 )
b01111100100110110010110111110011 .
#996600000000
0!
0"
1#
0%
0&
1'
#996650000000
1!
1"
0#
1%
1&
0'
b0 )
b11010011111101010001010111011001 .
#996700000000
0!
0"
1#
0%
0&
1'
#996750000000
1!
1"
0#
1%
1&
0'
b111 )
b100100 *
b10000100010000100000100111001100 .
#996800000000
0!
0"
1#
0%
0&
1'
#996850000000
1!
1"
0#
1%
1&
0'
b110 )
b01000010001000010000010011100110 .
#996900000000
0!
0"
1#
0%
0&
1'
#996950000000
1!
1"
0#
1%
1&
0'
b101 )
b00100001000100001000001001110011 .
#997000000000
0!
0"
1#
0%
0&
1'
#997050000000
1!
1"
0#
1%
1&
0'
b100 )
b11111101001100001100001000011001 .
#997100000000
0!
0"
1#
0%
0&
1'
#997150000000
1!
1"
0#
1%
1&
0'
b11 )
b10010011001000001110001000101100 .
#997200000000
0!
0"
1#
0%
0&
1'
#997250000000
1!
1"
0#
1%
1&
0'
b10 )
b01001001100100000111000100010110 .
#997300000000
0!
0"
1#
0%
0&
1'
#997350000000
1!
1"
0#
1%
1&
0'
b1 )
b00100100110010000011100010001011 .
#997400000000
0!
0"
1#
0%
0&
1'
#997450000000
1!
1"
0#
1%
1&
0'
b0 )
b11111111110111001001111101100101 .
#997500000000
0!
0"
1#
0%
0&
1'
#997550000000
1!
1"
0#
1%
1&
0'
b111 )
b100101 *
b10010010010101101100110010010010 .
#997600000000
0!
0"
1#
0%
0&
1'
#997650000000
1!
1"
0#
1%
1&
0'
b110 )
b01001001001010110110011001001001 .
#997700000000
0!
0"
1#
0%
0&
1'
#997750000000
1!
1"
0#
1%
1&
0'
b101 )
b11001001001011010011000000000100 .
#997800000000
0!
0"
1#
0%
0&
1'
#997850000000
1!
1"
0#
1%
1&
0'
b100 )
b01100100100101101001100000000010 .
#997900000000
0!
0"
1#
0%
0&
1'
#997950000000
1!
1"
0#
1%
1&
0'
b11 )
b00110010010010110100110000000001 .
#998000000000
0!
0"
1#
0%
0&
1'
#998050000000
1!
1"
0#
1%
1&
0'
b10 )
b11110100100111010010010100100000 .
#998100000000
0!
0"
1#
0%
0&
1'
#998150000000
1!
1"
0#
1%
1&
0'
b1 )
b01111010010011101001001010010000 .
#998200000000
0!
0"
1#
0%
0&
1'
#998250000000
1!
1"
0#
1%
1&
0'
b0 )
b00111101001001110100100101001000 .
#998300000000
0!
0"
1#
0%
0&
1'
#998350000000
1!
1"
0#
1%
1&
0'
b111 )
b100110 *
b00011110100100111010010010100100 .
#998400000000
0!
0"
1#
0%
0&
1'
#998450000000
1!
1"
0#
1%
1&
0'
b110 )
b00001111010010011101001001010010 .
#998500000000
0!
0"
1#
0%
0&
1'
#998550000000
1!
1"
0#
1%
1&
0'
b101 )
b00000111101001001110100100101001 .
#998600000000
0!
0"
1#
0%
0&
1'
#998650000000
1!
1"
0#
1%
1&
0'
b100 )
b11101110011010101111011110110100 .
#998700000000
0!
0"
1#
0%
0&
1'
#998750000000
1!
1"
0#
1%
1&
0'
b11 )
b01110111001101010111101111011010 .
#998800000000
0!
0"
1#
0%
0&
1'
#998850000000
1!
1"
0#
1%
1&
0'
b10 )
b00111011100110101011110111101101 .
#998900000000
0!
0"
1#
0%
0&
1'
#998950000000
1!
1"
0#
1%
1&
0'
b1 )
b11110000011101011101110111010110 .
#999000000000
0!
0"
1#
0%
0&
1'
#999050000000
1!
1"
0#
1%
1&
0'
b0 )
b01111000001110101110111011101011 .
#999100000000
0!
0"
1#
0%
0&
1'
#999150000000
1!
1"
0#
1%
1&
0'
b111 )
b100111 *
b11010001101001011111010001010101 .
#999200000000
0!
0"
1#
0%
0&
1'
#999250000000
1!
1"
0#
1%
1&
0'
b110 )
b10000101011010100111100100001010 .
#999300000000
0!
0"
1#
0%
0&
1'
#999350000000
1!
1"
0#
1%
1&
0'
b101 )
b01000010101101010011110010000101 .
#999400000000
0!
0"
1#
0%
0&
1'
#999450000000
1!
1"
0#
1%
1&
0'
b100 )
b11001100111000100001110101100010 .
#999500000000
0!
0"
1#
0%
0&
1'
#999550000000
1!
1"
0#
1%
1&
0'
b11 )
b01100110011100010000111010110001 .
#999600000000
0!
0"
1#
0%
0&
1'
#999650000000
1!
1"
0#
1%
1&
0'
b10 )
b11011110100000000000010001111000 .
#999700000000
0!
0"
1#
0%
0&
1'
#999750000000
1!
1"
0#
1%
1&
0'
b1 )
b01101111010000000000001000111100 .
#999800000000
0!
0"
1#
0%
0&
1'
#999850000000
1!
1"
0#
1%
1&
0'
b0 )
b00110111101000000000000100011110 .
#999900000000
0!
0"
1#
0%
0&
1'
#999950000000
1!
1"
0#
1%
1&
0'
b111 )
b101000 *
b00011011110100000000000010001111 .
#1000000000000
